-- MySQL dump 10.13  Distrib 8.0.39, for Win64 (x86_64)
--
-- Host: localhost    Database: gradely
-- ------------------------------------------------------
-- Server version	8.0.39

/*!40101 SET @OLD_CHARACTER_SET_CLIENT=@@CHARACTER_SET_CLIENT */;
/*!40101 SET @OLD_CHARACTER_SET_RESULTS=@@CHARACTER_SET_RESULTS */;
/*!40101 SET @OLD_COLLATION_CONNECTION=@@COLLATION_CONNECTION */;
/*!50503 SET NAMES utf8mb4 */;
/*!40103 SET @OLD_TIME_ZONE=@@TIME_ZONE */;
/*!40103 SET TIME_ZONE='+00:00' */;
/*!40014 SET @OLD_UNIQUE_CHECKS=@@UNIQUE_CHECKS, UNIQUE_CHECKS=0 */;
/*!40014 SET @OLD_FOREIGN_KEY_CHECKS=@@FOREIGN_KEY_CHECKS, FOREIGN_KEY_CHECKS=0 */;
/*!40101 SET @OLD_SQL_MODE=@@SQL_MODE, SQL_MODE='NO_AUTO_VALUE_ON_ZERO' */;
/*!40111 SET @OLD_SQL_NOTES=@@SQL_NOTES, SQL_NOTES=0 */;

--
-- Table structure for table `acadyear`
--

DROP TABLE IF EXISTS `acadyear`;
/*!40101 SET @saved_cs_client     = @@character_set_client */;
/*!50503 SET character_set_client = utf8mb4 */;
CREATE TABLE `acadyear` (
  `StartYear` year NOT NULL,
  `EndYear` year NOT NULL
) ENGINE=InnoDB DEFAULT CHARSET=utf8mb4 COLLATE=utf8mb4_0900_ai_ci;
/*!40101 SET character_set_client = @saved_cs_client */;

--
-- Dumping data for table `acadyear`
--

LOCK TABLES `acadyear` WRITE;
/*!40000 ALTER TABLE `acadyear` DISABLE KEYS */;
INSERT INTO `acadyear` VALUES (2026,2027);
/*!40000 ALTER TABLE `acadyear` ENABLE KEYS */;
UNLOCK TABLES;

--
-- Table structure for table `adm`
--

DROP TABLE IF EXISTS `adm`;
/*!40101 SET @saved_cs_client     = @@character_set_client */;
/*!50503 SET character_set_client = utf8mb4 */;
CREATE TABLE `adm` (
  `Username` varchar(30) NOT NULL,
  `Hashed_PW` varbinary(60) DEFAULT NULL,
  PRIMARY KEY (`Username`)
) ENGINE=InnoDB DEFAULT CHARSET=utf8mb4 COLLATE=utf8mb4_0900_ai_ci;
/*!40101 SET character_set_client = @saved_cs_client */;

--
-- Dumping data for table `adm`
--

LOCK TABLES `adm` WRITE;
/*!40000 ALTER TABLE `adm` DISABLE KEYS */;
INSERT INTO `adm` VALUES ('admin1',_binary '$2b$12$51DQia5fWc0c0zTAgdJR4OAifAvxAVGAOYCtqR2JNjbhJLaB.kHIG'),('hamzah',_binary '$2b$12$7aMdsYlDRXXt3xpEX4WyuufPWheVP7NrFVZwPqHM3Nc7S4kASBe5O');
/*!40000 ALTER TABLE `adm` ENABLE KEYS */;
UNLOCK TABLES;

--
-- Table structure for table `class`
--

DROP TABLE IF EXISTS `class`;
/*!40101 SET @saved_cs_client     = @@character_set_client */;
/*!50503 SET character_set_client = utf8mb4 */;
CREATE TABLE `class` (
  `Class` varchar(15) NOT NULL,
  `CTID` int DEFAULT NULL,
  `CStream` varchar(15) DEFAULT NULL,
  PRIMARY KEY (`Class`),
  KEY `CTID` (`CTID`),
  CONSTRAINT `class_ibfk_1` FOREIGN KEY (`CTID`) REFERENCES `teachers` (`TID`) ON DELETE SET NULL
) ENGINE=InnoDB DEFAULT CHARSET=utf8mb4 COLLATE=utf8mb4_0900_ai_ci;
/*!40101 SET character_set_client = @saved_cs_client */;

--
-- Dumping data for table `class`
--

LOCK TABLES `class` WRITE;
/*!40000 ALTER TABLE `class` DISABLE KEYS */;
INSERT INTO `class` VALUES ('12B01',39387,'Commerce 1'),('12B02',89435,'Commerce 1'),('12B03',96631,'Commerce 2'),('12B04',21023,'Commerce 2'),('12B05',45869,'Science'),('12B06',42997,'Science'),('12B07',22762,'Science');
/*!40000 ALTER TABLE `class` ENABLE KEYS */;
UNLOCK TABLES;

--
-- Table structure for table `classarchive`
--

DROP TABLE IF EXISTS `classarchive`;
/*!40101 SET @saved_cs_client     = @@character_set_client */;
/*!50503 SET character_set_client = utf8mb4 */;
CREATE TABLE `classarchive` (
  `Class` varchar(15) DEFAULT NULL,
  `CTID` int DEFAULT NULL,
  `CStream` varchar(15) DEFAULT NULL,
  `AcadYear` varchar(10) NOT NULL
) ENGINE=InnoDB DEFAULT CHARSET=utf8mb4 COLLATE=utf8mb4_0900_ai_ci;
/*!40101 SET character_set_client = @saved_cs_client */;

--
-- Dumping data for table `classarchive`
--

LOCK TABLES `classarchive` WRITE;
/*!40000 ALTER TABLE `classarchive` DISABLE KEYS */;
INSERT INTO `classarchive` VALUES ('12B01',NULL,'Commerce 1','2024-2025'),('12B02',NULL,'Commerce 1','2024-2025'),('12B03',NULL,'Commerce 2','2024-2025'),('12B04',NULL,'Commerce 2','2024-2025'),('12B05',NULL,'Science','2024-2025'),('12B06',NULL,'Science','2024-2025'),('12B07',NULL,'Science','2024-2025'),('12B01',NULL,'Commerce 1','2025-2026'),('12B02',NULL,'Commerce 1','2025-2026'),('12B03',NULL,'Commerce 2','2025-2026'),('12B04',NULL,'Commerce 2','2025-2026'),('12B05',NULL,'Science','2025-2026'),('12B06',NULL,'Science','2025-2026'),('12B07',NULL,'Science','2025-2026');
/*!40000 ALTER TABLE `classarchive` ENABLE KEYS */;
UNLOCK TABLES;

--
-- Table structure for table `classsubjects`
--

DROP TABLE IF EXISTS `classsubjects`;
/*!40101 SET @saved_cs_client     = @@character_set_client */;
/*!50503 SET character_set_client = utf8mb4 */;
CREATE TABLE `classsubjects` (
  `Class` varchar(15) NOT NULL,
  `SubID` char(3) NOT NULL,
  `TID` int DEFAULT NULL,
  PRIMARY KEY (`Class`,`SubID`),
  KEY `SubID` (`SubID`),
  KEY `TID` (`TID`),
  CONSTRAINT `classsubjects_ibfk_1` FOREIGN KEY (`Class`) REFERENCES `class` (`Class`) ON DELETE CASCADE,
  CONSTRAINT `classsubjects_ibfk_2` FOREIGN KEY (`SubID`) REFERENCES `subjects` (`SubID`) ON DELETE CASCADE,
  CONSTRAINT `classsubjects_ibfk_3` FOREIGN KEY (`TID`) REFERENCES `teachers` (`TID`) ON DELETE SET NULL
) ENGINE=InnoDB DEFAULT CHARSET=utf8mb4 COLLATE=utf8mb4_0900_ai_ci;
/*!40101 SET character_set_client = @saved_cs_client */;

--
-- Dumping data for table `classsubjects`
--

LOCK TABLES `classsubjects` WRITE;
/*!40000 ALTER TABLE `classsubjects` DISABLE KEYS */;
INSERT INTO `classsubjects` VALUES ('12b01','048',10715),('12b02','048',10715),('12b03','048',10715),('12b07','048',10715),('12b04','030',21023),('12b03','041',22762),('12b04','041',22762),('12b07','041',22762),('12b01','054',26248),('12b02','812',26248),('12b03','812',36257),('12b04','055',36257),('12b04','812',36257),('12b03','301',36527),('12b04','301',36527),('12b07','301',36527),('12b05','044',36917),('12b06','044',36917),('12b07','044',36917),('12b05','042',39308),('12b06','042',39308),('12b07','042',39308),('12b03','065',39387),('12b04','065',39387),('12b05','083',39387),('12b01','303',42901),('12b02','303',42901),('12b03','303',42901),('12b04','303',42901),('12b05','303',42901),('12b06','303',42901),('12b07','303',42901),('12b05','301',42997),('12b06','301',42997),('12b05','043',45869),('12b01','065',46494),('12b02','065',46494),('12b06','083',46494),('12b07','083',46494),('12b01','301',47232),('12b02','301',47232),('12b03','030',62091),('12b04','048',62198),('12b05','048',62198),('12b06','048',62198),('12b01','116',66176),('12b02','116',66176),('12b03','116',66176),('12b04','116',66176),('12b05','116',66176),('12b06','116',66176),('12b07','116',66176),('12b05','041',74786),('12b06','041',74786),('12b03','055',79870),('12b03','054',89435),('12b06','043',93429),('12b07','043',93429),('12b01','812',96631),('12b02','054',96631),('12b04','054',96631);
/*!40000 ALTER TABLE `classsubjects` ENABLE KEYS */;
UNLOCK TABLES;

--
-- Table structure for table `classsubjectsarchive`
--

DROP TABLE IF EXISTS `classsubjectsarchive`;
/*!40101 SET @saved_cs_client     = @@character_set_client */;
/*!50503 SET character_set_client = utf8mb4 */;
CREATE TABLE `classsubjectsarchive` (
  `Class` varchar(15) DEFAULT NULL,
  `SubID` char(3) DEFAULT NULL,
  `TID` int DEFAULT NULL,
  `AcadYear` varchar(10) NOT NULL
) ENGINE=InnoDB DEFAULT CHARSET=utf8mb4 COLLATE=utf8mb4_0900_ai_ci;
/*!40101 SET character_set_client = @saved_cs_client */;

--
-- Dumping data for table `classsubjectsarchive`
--

LOCK TABLES `classsubjectsarchive` WRITE;
/*!40000 ALTER TABLE `classsubjectsarchive` DISABLE KEYS */;
/*!40000 ALTER TABLE `classsubjectsarchive` ENABLE KEYS */;
UNLOCK TABLES;

--
-- Table structure for table `cts`
--

DROP TABLE IF EXISTS `cts`;
/*!40101 SET @saved_cs_client     = @@character_set_client */;
/*!50503 SET character_set_client = utf8mb4 */;
CREATE TABLE `cts` (
  `CTID` int NOT NULL,
  `CTName` varchar(30) DEFAULT NULL,
  `Hashed_PW` varbinary(60) DEFAULT NULL,
  PRIMARY KEY (`CTID`),
  CONSTRAINT `cts_ibfk_1` FOREIGN KEY (`CTID`) REFERENCES `teachers` (`TID`) ON DELETE CASCADE
) ENGINE=InnoDB DEFAULT CHARSET=utf8mb4 COLLATE=utf8mb4_0900_ai_ci;
/*!40101 SET character_set_client = @saved_cs_client */;

--
-- Dumping data for table `cts`
--

LOCK TABLES `cts` WRITE;
/*!40000 ALTER TABLE `cts` DISABLE KEYS */;
/*!40000 ALTER TABLE `cts` ENABLE KEYS */;
UNLOCK TABLES;

--
-- Table structure for table `exams`
--

DROP TABLE IF EXISTS `exams`;
/*!40101 SET @saved_cs_client     = @@character_set_client */;
/*!50503 SET character_set_client = utf8mb4 */;
CREATE TABLE `exams` (
  `Exam` varchar(30) NOT NULL,
  `SubID` char(3) NOT NULL,
  `MaxMarks` int DEFAULT NULL,
  PRIMARY KEY (`Exam`,`SubID`),
  KEY `SubID` (`SubID`),
  CONSTRAINT `exams_ibfk_1` FOREIGN KEY (`SubID`) REFERENCES `subjects` (`SubID`) ON DELETE CASCADE
) ENGINE=InnoDB DEFAULT CHARSET=utf8mb4 COLLATE=utf8mb4_0900_ai_ci;
/*!40101 SET character_set_client = @saved_cs_client */;

--
-- Dumping data for table `exams`
--

LOCK TABLES `exams` WRITE;
/*!40000 ALTER TABLE `exams` DISABLE KEYS */;
INSERT INTO `exams` VALUES ('Annual Exam','030',80),('Annual Exam','041',80),('Annual Exam','042',70),('Annual Exam','043',70),('Annual Exam','044',70),('Annual Exam','048',70),('Annual Exam','054',80),('Annual Exam','055',80),('Annual Exam','065',70),('Annual Exam','083',70),('Annual Exam','116',80),('Annual Exam','301',80),('Annual Exam','303',80),('Annual Exam','812',80),('Half Yearly Exam','030',80),('Half Yearly Exam','041',80),('Half Yearly Exam','042',70),('Half Yearly Exam','043',70),('Half Yearly Exam','044',70),('Half Yearly Exam','048',70),('Half Yearly Exam','054',80),('Half Yearly Exam','055',80),('Half Yearly Exam','065',70),('Half Yearly Exam','083',70),('Half Yearly Exam','116',80),('Half Yearly Exam','301',80),('Half Yearly Exam','303',80),('Half Yearly Exam','812',80),('Unit Test 1','030',25),('Unit Test 1','041',25),('Unit Test 1','042',25),('Unit Test 1','043',25),('Unit Test 1','044',25),('Unit Test 1','048',25),('Unit Test 1','054',25),('Unit Test 1','055',25),('Unit Test 1','065',25),('Unit Test 1','083',25),('Unit Test 1','116',25),('Unit Test 1','301',25),('Unit Test 1','303',25),('Unit Test 1','812',25),('Unit Test 2','030',25),('Unit Test 2','041',25),('Unit Test 2','042',25),('Unit Test 2','043',25),('Unit Test 2','044',25),('Unit Test 2','048',25),('Unit Test 2','054',25),('Unit Test 2','055',25),('Unit Test 2','065',25),('Unit Test 2','083',25),('Unit Test 2','116',25),('Unit Test 2','301',25),('Unit Test 2','303',25),('Unit Test 2','812',25);
/*!40000 ALTER TABLE `exams` ENABLE KEYS */;
UNLOCK TABLES;

--
-- Table structure for table `examsarchive`
--

DROP TABLE IF EXISTS `examsarchive`;
/*!40101 SET @saved_cs_client     = @@character_set_client */;
/*!50503 SET character_set_client = utf8mb4 */;
CREATE TABLE `examsarchive` (
  `Exam` varchar(30) DEFAULT NULL,
  `SubID` char(3) DEFAULT NULL,
  `MaxMarks` int DEFAULT NULL,
  `AcadYear` varchar(10) NOT NULL
) ENGINE=InnoDB DEFAULT CHARSET=utf8mb4 COLLATE=utf8mb4_0900_ai_ci;
/*!40101 SET character_set_client = @saved_cs_client */;

--
-- Dumping data for table `examsarchive`
--

LOCK TABLES `examsarchive` WRITE;
/*!40000 ALTER TABLE `examsarchive` DISABLE KEYS */;
/*!40000 ALTER TABLE `examsarchive` ENABLE KEYS */;
UNLOCK TABLES;

--
-- Table structure for table `marks`
--

DROP TABLE IF EXISTS `marks`;
/*!40101 SET @saved_cs_client     = @@character_set_client */;
/*!50503 SET character_set_client = utf8mb4 */;
CREATE TABLE `marks` (
  `GRNo` int NOT NULL,
  `SubID` char(3) NOT NULL,
  `Exam` varchar(30) NOT NULL,
  `Marks` int DEFAULT NULL,
  PRIMARY KEY (`GRNo`,`SubID`,`Exam`),
  KEY `SubID` (`SubID`),
  KEY `Exam` (`Exam`,`SubID`),
  CONSTRAINT `marks_ibfk_1` FOREIGN KEY (`GRNo`) REFERENCES `students` (`GRNo`) ON DELETE CASCADE,
  CONSTRAINT `marks_ibfk_2` FOREIGN KEY (`SubID`) REFERENCES `subjects` (`SubID`) ON DELETE CASCADE,
  CONSTRAINT `marks_ibfk_3` FOREIGN KEY (`Exam`, `SubID`) REFERENCES `exams` (`Exam`, `SubID`) ON DELETE CASCADE
) ENGINE=InnoDB DEFAULT CHARSET=utf8mb4 COLLATE=utf8mb4_0900_ai_ci;
/*!40101 SET character_set_client = @saved_cs_client */;

--
-- Dumping data for table `marks`
--

LOCK TABLES `marks` WRITE;
/*!40000 ALTER TABLE `marks` DISABLE KEYS */;
INSERT INTO `marks` VALUES (45081,'030','Annual Exam',52),(45081,'030','Half Yearly Exam',35),(45081,'030','Unit Test 1',14),(45081,'030','Unit Test 2',13),(45081,'048','Annual Exam',51),(45081,'048','Half Yearly Exam',32),(45081,'048','Unit Test 1',10),(45081,'048','Unit Test 2',15),(45081,'054','Annual Exam',35),(45081,'054','Half Yearly Exam',32),(45081,'054','Unit Test 1',16),(45081,'054','Unit Test 2',11),(45081,'055','Annual Exam',54),(45081,'055','Half Yearly Exam',43),(45081,'055','Unit Test 1',13),(45081,'055','Unit Test 2',14),(45081,'301','Annual Exam',52),(45081,'301','Half Yearly Exam',35),(45081,'301','Unit Test 1',13),(45081,'301','Unit Test 2',15),(45099,'054','Annual Exam',12),(45099,'054','Half Yearly Exam',16),(45099,'054','Unit Test 1',3),(45099,'054','Unit Test 2',5),(45099,'065','Annual Exam',15),(45099,'065','Half Yearly Exam',22),(45099,'065','Unit Test 1',3),(45099,'065','Unit Test 2',5),(45099,'116','Annual Exam',8),(45099,'116','Half Yearly Exam',8),(45099,'116','Unit Test 1',4),(45099,'116','Unit Test 2',4),(45099,'301','Annual Exam',25),(45099,'301','Half Yearly Exam',21),(45099,'301','Unit Test 1',5),(45099,'301','Unit Test 2',7),(45099,'812','Annual Exam',17),(45099,'812','Half Yearly Exam',20),(45099,'812','Unit Test 1',2),(45099,'812','Unit Test 2',3),(45118,'042','Annual Exam',70),(45118,'042','Half Yearly Exam',73),(45118,'042','Unit Test 1',22),(45118,'042','Unit Test 2',20),(45118,'043','Annual Exam',58),(45118,'043','Half Yearly Exam',74),(45118,'043','Unit Test 1',20),(45118,'043','Unit Test 2',20),(45118,'044','Annual Exam',60),(45118,'044','Half Yearly Exam',68),(45118,'044','Unit Test 1',18),(45118,'044','Unit Test 2',20),(45118,'048','Annual Exam',64),(45118,'048','Half Yearly Exam',60),(45118,'048','Unit Test 1',20),(45118,'048','Unit Test 2',21),(45118,'301','Annual Exam',70),(45118,'301','Half Yearly Exam',60),(45118,'301','Unit Test 1',21),(45118,'301','Unit Test 2',19),(45210,'054','Annual Exam',40),(45210,'054','Half Yearly Exam',39),(45210,'054','Unit Test 1',15),(45210,'054','Unit Test 2',16),(45210,'065','Annual Exam',46),(45210,'065','Half Yearly Exam',38),(45210,'065','Unit Test 1',16),(45210,'065','Unit Test 2',14),(45210,'116','Annual Exam',52),(45210,'116','Half Yearly Exam',32),(45210,'116','Unit Test 1',16),(45210,'116','Unit Test 2',16),(45210,'301','Annual Exam',53),(45210,'301','Half Yearly Exam',52),(45210,'301','Unit Test 1',13),(45210,'301','Unit Test 2',14),(45210,'812','Annual Exam',45),(45210,'812','Half Yearly Exam',55),(45210,'812','Unit Test 1',17),(45210,'812','Unit Test 2',12),(45225,'030','Annual Exam',50),(45225,'030','Half Yearly Exam',51),(45225,'030','Unit Test 1',13),(45225,'030','Unit Test 2',13),(45225,'054','Annual Exam',48),(45225,'054','Half Yearly Exam',49),(45225,'054','Unit Test 1',13),(45225,'054','Unit Test 2',11),(45225,'055','Annual Exam',38),(45225,'055','Half Yearly Exam',43),(45225,'055','Unit Test 1',15),(45225,'055','Unit Test 2',14),(45225,'301','Annual Exam',32),(45225,'301','Half Yearly Exam',44),(45225,'301','Unit Test 1',15),(45225,'301','Unit Test 2',15),(45225,'303','Annual Exam',40),(45225,'303','Half Yearly Exam',44),(45225,'303','Unit Test 1',14),(45225,'303','Unit Test 2',15),(45239,'030','Annual Exam',36),(45239,'030','Half Yearly Exam',41),(45239,'030','Unit Test 1',10),(45239,'030','Unit Test 2',16),(45239,'054','Annual Exam',38),(45239,'054','Half Yearly Exam',50),(45239,'054','Unit Test 1',13),(45239,'054','Unit Test 2',13),(45239,'055','Annual Exam',40),(45239,'055','Half Yearly Exam',44),(45239,'055','Unit Test 1',15),(45239,'055','Unit Test 2',13),(45239,'065','Annual Exam',48),(45239,'065','Half Yearly Exam',37),(45239,'065','Unit Test 1',11),(45239,'065','Unit Test 2',12),(45239,'301','Annual Exam',53),(45239,'301','Half Yearly Exam',46),(45239,'301','Unit Test 1',12),(45239,'301','Unit Test 2',11),(45305,'030','Annual Exam',45),(45305,'030','Half Yearly Exam',34),(45305,'030','Unit Test 1',14),(45305,'030','Unit Test 2',10),(45305,'054','Annual Exam',44),(45305,'054','Half Yearly Exam',52),(45305,'054','Unit Test 1',14),(45305,'054','Unit Test 2',16),(45305,'055','Annual Exam',52),(45305,'055','Half Yearly Exam',49),(45305,'055','Unit Test 1',11),(45305,'055','Unit Test 2',14),(45305,'301','Annual Exam',51),(45305,'301','Half Yearly Exam',45),(45305,'301','Unit Test 1',11),(45305,'301','Unit Test 2',17),(45305,'812','Annual Exam',52),(45305,'812','Half Yearly Exam',52),(45305,'812','Unit Test 1',16),(45305,'812','Unit Test 2',15),(45318,'054','Annual Exam',53),(45318,'054','Half Yearly Exam',36),(45318,'054','Unit Test 1',13),(45318,'054','Unit Test 2',17),(45318,'065','Annual Exam',46),(45318,'065','Half Yearly Exam',53),(45318,'065','Unit Test 1',17),(45318,'065','Unit Test 2',12),(45318,'301','Annual Exam',51),(45318,'301','Half Yearly Exam',33),(45318,'301','Unit Test 1',16),(45318,'301','Unit Test 2',15),(45318,'303','Annual Exam',44),(45318,'303','Half Yearly Exam',36),(45318,'303','Unit Test 1',13),(45318,'303','Unit Test 2',15),(45318,'812','Annual Exam',40),(45318,'812','Half Yearly Exam',48),(45318,'812','Unit Test 1',16),(45318,'812','Unit Test 2',15),(45333,'042','Annual Exam',41),(45333,'042','Half Yearly Exam',36),(45333,'042','Unit Test 1',16),(45333,'042','Unit Test 2',16),(45333,'043','Annual Exam',51),(45333,'043','Half Yearly Exam',48),(45333,'043','Unit Test 1',15),(45333,'043','Unit Test 2',12),(45333,'044','Annual Exam',32),(45333,'044','Half Yearly Exam',42),(45333,'044','Unit Test 1',13),(45333,'044','Unit Test 2',16),(45333,'048','Annual Exam',48),(45333,'048','Half Yearly Exam',40),(45333,'048','Unit Test 1',10),(45333,'048','Unit Test 2',10),(45333,'301','Annual Exam',40),(45333,'301','Half Yearly Exam',40),(45333,'301','Unit Test 1',15),(45333,'301','Unit Test 2',15),(45377,'054','Annual Exam',38),(45377,'054','Half Yearly Exam',33),(45377,'054','Unit Test 1',16),(45377,'054','Unit Test 2',10),(45377,'065','Annual Exam',44),(45377,'065','Half Yearly Exam',38),(45377,'065','Unit Test 1',17),(45377,'065','Unit Test 2',14),(45377,'301','Annual Exam',50),(45377,'301','Half Yearly Exam',46),(45377,'301','Unit Test 1',14),(45377,'301','Unit Test 2',16),(45377,'303','Annual Exam',51),(45377,'303','Half Yearly Exam',36),(45377,'303','Unit Test 1',16),(45377,'303','Unit Test 2',15),(45377,'812','Annual Exam',36),(45377,'812','Half Yearly Exam',39),(45377,'812','Unit Test 1',12),(45377,'812','Unit Test 2',15),(45378,'042','Annual Exam',34),(45378,'042','Half Yearly Exam',44),(45378,'042','Unit Test 1',15),(45378,'042','Unit Test 2',10),(45378,'043','Annual Exam',40),(45378,'043','Half Yearly Exam',54),(45378,'043','Unit Test 1',13),(45378,'043','Unit Test 2',11),(45378,'044','Annual Exam',40),(45378,'044','Half Yearly Exam',46),(45378,'044','Unit Test 1',13),(45378,'044','Unit Test 2',12),(45378,'048','Annual Exam',45),(45378,'048','Half Yearly Exam',54),(45378,'048','Unit Test 1',16),(45378,'048','Unit Test 2',14),(45378,'301','Annual Exam',38),(45378,'301','Half Yearly Exam',32),(45378,'301','Unit Test 1',13),(45378,'301','Unit Test 2',13),(45394,'042','Annual Exam',34),(45394,'042','Half Yearly Exam',52),(45394,'042','Unit Test 1',10),(45394,'042','Unit Test 2',17),(45394,'043','Annual Exam',33),(45394,'043','Half Yearly Exam',32),(45394,'043','Unit Test 1',14),(45394,'043','Unit Test 2',15),(45394,'044','Annual Exam',49),(45394,'044','Half Yearly Exam',39),(45394,'044','Unit Test 1',16),(45394,'044','Unit Test 2',13),(45394,'301','Annual Exam',48),(45394,'301','Half Yearly Exam',53),(45394,'301','Unit Test 1',12),(45394,'301','Unit Test 2',13),(45394,'303','Annual Exam',38),(45394,'303','Half Yearly Exam',36),(45394,'303','Unit Test 1',14),(45394,'303','Unit Test 2',16),(45432,'030','Annual Exam',55),(45432,'030','Half Yearly Exam',52),(45432,'030','Unit Test 1',17),(45432,'030','Unit Test 2',14),(45432,'054','Annual Exam',48),(45432,'054','Half Yearly Exam',53),(45432,'054','Unit Test 1',11),(45432,'054','Unit Test 2',16),(45432,'055','Annual Exam',44),(45432,'055','Half Yearly Exam',35),(45432,'055','Unit Test 1',12),(45432,'055','Unit Test 2',13),(45432,'116','Annual Exam',40),(45432,'116','Half Yearly Exam',55),(45432,'116','Unit Test 1',10),(45432,'116','Unit Test 2',12),(45432,'301','Annual Exam',50),(45432,'301','Half Yearly Exam',38),(45432,'301','Unit Test 1',15),(45432,'301','Unit Test 2',13),(45444,'048','Annual Exam',52),(45444,'048','Half Yearly Exam',32),(45444,'048','Unit Test 1',14),(45444,'048','Unit Test 2',13),(45444,'054','Annual Exam',36),(45444,'054','Half Yearly Exam',39),(45444,'054','Unit Test 1',14),(45444,'054','Unit Test 2',11),(45444,'065','Annual Exam',45),(45444,'065','Half Yearly Exam',32),(45444,'065','Unit Test 1',15),(45444,'065','Unit Test 2',16),(45444,'301','Annual Exam',35),(45444,'301','Half Yearly Exam',38),(45444,'301','Unit Test 1',13),(45444,'301','Unit Test 2',15),(45444,'812','Annual Exam',55),(45444,'812','Half Yearly Exam',32),(45444,'812','Unit Test 1',16),(45444,'812','Unit Test 2',10),(45535,'041','Annual Exam',45),(45535,'041','Half Yearly Exam',50),(45535,'041','Unit Test 1',14),(45535,'041','Unit Test 2',13),(45535,'042','Annual Exam',36),(45535,'042','Half Yearly Exam',36),(45535,'042','Unit Test 1',11),(45535,'042','Unit Test 2',13),(45535,'043','Annual Exam',46),(45535,'043','Half Yearly Exam',48),(45535,'043','Unit Test 1',16),(45535,'043','Unit Test 2',17),(45535,'044','Annual Exam',49),(45535,'044','Half Yearly Exam',49),(45535,'044','Unit Test 1',11),(45535,'044','Unit Test 2',15),(45535,'301','Annual Exam',41),(45535,'301','Half Yearly Exam',41),(45535,'301','Unit Test 1',15),(45535,'301','Unit Test 2',14),(45554,'048','Annual Exam',25),(45554,'048','Half Yearly Exam',22),(45554,'048','Unit Test 1',7),(45554,'048','Unit Test 2',6),(45554,'054','Annual Exam',10),(45554,'054','Half Yearly Exam',14),(45554,'054','Unit Test 1',9),(45554,'054','Unit Test 2',2),(45554,'065','Annual Exam',26),(45554,'065','Half Yearly Exam',8),(45554,'065','Unit Test 1',5),(45554,'065','Unit Test 2',3),(45554,'301','Annual Exam',12),(45554,'301','Half Yearly Exam',13),(45554,'301','Unit Test 1',3),(45554,'301','Unit Test 2',6),(45554,'812','Annual Exam',12),(45554,'812','Half Yearly Exam',22),(45554,'812','Unit Test 1',7),(45554,'812','Unit Test 2',8),(45559,'041','Annual Exam',61),(45559,'041','Half Yearly Exam',67),(45559,'041','Unit Test 1',23),(45559,'041','Unit Test 2',19),(45559,'042','Annual Exam',72),(45559,'042','Half Yearly Exam',74),(45559,'042','Unit Test 1',22),(45559,'042','Unit Test 2',19),(45559,'043','Annual Exam',58),(45559,'043','Half Yearly Exam',56),(45559,'043','Unit Test 1',17),(45559,'043','Unit Test 2',18),(45559,'301','Annual Exam',73),(45559,'301','Half Yearly Exam',71),(45559,'301','Unit Test 1',18),(45559,'301','Unit Test 2',19),(45559,'303','Annual Exam',73),(45559,'303','Half Yearly Exam',69),(45559,'303','Unit Test 1',18),(45559,'303','Unit Test 2',20),(45560,'048','Annual Exam',44),(45560,'048','Half Yearly Exam',43),(45560,'048','Unit Test 1',13),(45560,'048','Unit Test 2',12),(45560,'054','Annual Exam',52),(45560,'054','Half Yearly Exam',34),(45560,'054','Unit Test 1',11),(45560,'054','Unit Test 2',10),(45560,'065','Annual Exam',32),(45560,'065','Half Yearly Exam',54),(45560,'065','Unit Test 1',13),(45560,'065','Unit Test 2',17),(45560,'301','Annual Exam',47),(45560,'301','Half Yearly Exam',55),(45560,'301','Unit Test 1',12),(45560,'301','Unit Test 2',10),(45560,'812','Annual Exam',48),(45560,'812','Half Yearly Exam',39),(45560,'812','Unit Test 1',12),(45560,'812','Unit Test 2',12),(45579,'041','Annual Exam',54),(45579,'041','Half Yearly Exam',51),(45579,'041','Unit Test 1',11),(45579,'041','Unit Test 2',16),(45579,'042','Annual Exam',36),(45579,'042','Half Yearly Exam',46),(45579,'042','Unit Test 1',14),(45579,'042','Unit Test 2',13),(45579,'043','Annual Exam',49),(45579,'043','Half Yearly Exam',32),(45579,'043','Unit Test 1',14),(45579,'043','Unit Test 2',16),(45579,'116','Annual Exam',48),(45579,'116','Half Yearly Exam',36),(45579,'116','Unit Test 1',10),(45579,'116','Unit Test 2',12),(45579,'301','Annual Exam',36),(45579,'301','Half Yearly Exam',42),(45579,'301','Unit Test 1',15),(45579,'301','Unit Test 2',16),(45603,'030','Annual Exam',44),(45603,'030','Half Yearly Exam',53),(45603,'030','Unit Test 1',10),(45603,'030','Unit Test 2',16),(45603,'041','Annual Exam',48),(45603,'041','Half Yearly Exam',33),(45603,'041','Unit Test 1',11),(45603,'041','Unit Test 2',13),(45603,'054','Annual Exam',32),(45603,'054','Half Yearly Exam',41),(45603,'054','Unit Test 1',11),(45603,'054','Unit Test 2',11),(45603,'055','Annual Exam',42),(45603,'055','Half Yearly Exam',40),(45603,'055','Unit Test 1',15),(45603,'055','Unit Test 2',17),(45603,'301','Annual Exam',42),(45603,'301','Half Yearly Exam',37),(45603,'301','Unit Test 1',15),(45603,'301','Unit Test 2',17),(45623,'030','Annual Exam',61),(45623,'030','Half Yearly Exam',74),(45623,'030','Unit Test 1',17),(45623,'030','Unit Test 2',20),(45623,'054','Annual Exam',57),(45623,'054','Half Yearly Exam',64),(45623,'054','Unit Test 1',19),(45623,'054','Unit Test 2',21),(45623,'055','Annual Exam',56),(45623,'055','Half Yearly Exam',63),(45623,'055','Unit Test 1',22),(45623,'055','Unit Test 2',18),(45623,'065','Annual Exam',62),(45623,'065','Half Yearly Exam',59),(45623,'065','Unit Test 1',20),(45623,'065','Unit Test 2',21),(45623,'301','Annual Exam',61),(45623,'301','Half Yearly Exam',67),(45623,'301','Unit Test 1',17),(45623,'301','Unit Test 2',21),(45648,'042','Annual Exam',54),(45648,'042','Half Yearly Exam',44),(45648,'042','Unit Test 1',12),(45648,'042','Unit Test 2',16),(45648,'043','Annual Exam',32),(45648,'043','Half Yearly Exam',38),(45648,'043','Unit Test 1',15),(45648,'043','Unit Test 2',13),(45648,'044','Annual Exam',55),(45648,'044','Half Yearly Exam',44),(45648,'044','Unit Test 1',12),(45648,'044','Unit Test 2',11),(45648,'048','Annual Exam',33),(45648,'048','Half Yearly Exam',37),(45648,'048','Unit Test 1',13),(45648,'048','Unit Test 2',11),(45648,'301','Annual Exam',36),(45648,'301','Half Yearly Exam',34),(45648,'301','Unit Test 1',11),(45648,'301','Unit Test 2',14),(45734,'041','Annual Exam',67),(45734,'041','Half Yearly Exam',62),(45734,'041','Unit Test 1',19),(45734,'041','Unit Test 2',20),(45734,'042','Annual Exam',62),(45734,'042','Half Yearly Exam',63),(45734,'042','Unit Test 1',20),(45734,'042','Unit Test 2',22),(45734,'043','Annual Exam',74),(45734,'043','Half Yearly Exam',72),(45734,'043','Unit Test 1',19),(45734,'043','Unit Test 2',22),(45734,'044','Annual Exam',70),(45734,'044','Half Yearly Exam',64),(45734,'044','Unit Test 1',19),(45734,'044','Unit Test 2',22),(45734,'301','Annual Exam',56),(45734,'301','Half Yearly Exam',60),(45734,'301','Unit Test 1',23),(45734,'301','Unit Test 2',21),(45763,'048','Annual Exam',49),(45763,'048','Half Yearly Exam',36),(45763,'048','Unit Test 1',12),(45763,'048','Unit Test 2',11),(45763,'054','Annual Exam',49),(45763,'054','Half Yearly Exam',43),(45763,'054','Unit Test 1',13),(45763,'054','Unit Test 2',11),(45763,'065','Annual Exam',45),(45763,'065','Half Yearly Exam',42),(45763,'065','Unit Test 1',10),(45763,'065','Unit Test 2',13),(45763,'301','Annual Exam',33),(45763,'301','Half Yearly Exam',34),(45763,'301','Unit Test 1',14),(45763,'301','Unit Test 2',14),(45763,'812','Annual Exam',55),(45763,'812','Half Yearly Exam',40),(45763,'812','Unit Test 1',16),(45763,'812','Unit Test 2',15),(45810,'041','Annual Exam',48),(45810,'041','Half Yearly Exam',38),(45810,'041','Unit Test 1',15),(45810,'041','Unit Test 2',12),(45810,'042','Annual Exam',43),(45810,'042','Half Yearly Exam',40),(45810,'042','Unit Test 1',14),(45810,'042','Unit Test 2',17),(45810,'043','Annual Exam',37),(45810,'043','Half Yearly Exam',38),(45810,'043','Unit Test 1',15),(45810,'043','Unit Test 2',12),(45810,'048','Annual Exam',41),(45810,'048','Half Yearly Exam',40),(45810,'048','Unit Test 1',16),(45810,'048','Unit Test 2',15),(45810,'301','Annual Exam',48),(45810,'301','Half Yearly Exam',37),(45810,'301','Unit Test 1',10),(45810,'301','Unit Test 2',12),(45858,'041','Annual Exam',74),(45858,'041','Half Yearly Exam',75),(45858,'041','Unit Test 1',23),(45858,'041','Unit Test 2',21),(45858,'042','Annual Exam',60),(45858,'042','Half Yearly Exam',63),(45858,'042','Unit Test 1',21),(45858,'042','Unit Test 2',23),(45858,'043','Annual Exam',63),(45858,'043','Half Yearly Exam',72),(45858,'043','Unit Test 1',20),(45858,'043','Unit Test 2',20),(45858,'044','Annual Exam',67),(45858,'044','Half Yearly Exam',68),(45858,'044','Unit Test 1',21),(45858,'044','Unit Test 2',20),(45858,'301','Annual Exam',64),(45858,'301','Half Yearly Exam',72),(45858,'301','Unit Test 1',23),(45858,'301','Unit Test 2',20),(45925,'042','Annual Exam',58),(45925,'042','Half Yearly Exam',61),(45925,'042','Unit Test 1',20),(45925,'042','Unit Test 2',17),(45925,'043','Annual Exam',68),(45925,'043','Half Yearly Exam',56),(45925,'043','Unit Test 1',21),(45925,'043','Unit Test 2',18),(45925,'044','Annual Exam',64),(45925,'044','Half Yearly Exam',73),(45925,'044','Unit Test 1',23),(45925,'044','Unit Test 2',22),(45925,'116','Annual Exam',74),(45925,'116','Half Yearly Exam',75),(45925,'116','Unit Test 1',21),(45925,'116','Unit Test 2',20),(45925,'301','Annual Exam',58),(45925,'301','Half Yearly Exam',72),(45925,'301','Unit Test 1',19),(45925,'301','Unit Test 2',23),(45966,'041','Annual Exam',67),(45966,'041','Half Yearly Exam',59),(45966,'041','Unit Test 1',21),(45966,'041','Unit Test 2',19),(45966,'042','Annual Exam',64),(45966,'042','Half Yearly Exam',71),(45966,'042','Unit Test 1',23),(45966,'042','Unit Test 2',20),(45966,'043','Annual Exam',58),(45966,'043','Half Yearly Exam',62),(45966,'043','Unit Test 1',18),(45966,'043','Unit Test 2',19),(45966,'044','Annual Exam',59),(45966,'044','Half Yearly Exam',56),(45966,'044','Unit Test 1',22),(45966,'044','Unit Test 2',18),(45966,'301','Annual Exam',71),(45966,'301','Half Yearly Exam',62),(45966,'301','Unit Test 1',20),(45966,'301','Unit Test 2',21),(45974,'054','Annual Exam',44),(45974,'054','Half Yearly Exam',46),(45974,'054','Unit Test 1',14),(45974,'054','Unit Test 2',10),(45974,'065','Annual Exam',50),(45974,'065','Half Yearly Exam',44),(45974,'065','Unit Test 1',15),(45974,'065','Unit Test 2',15),(45974,'301','Annual Exam',39),(45974,'301','Half Yearly Exam',34),(45974,'301','Unit Test 1',14),(45974,'301','Unit Test 2',12),(45974,'303','Annual Exam',36),(45974,'303','Half Yearly Exam',36),(45974,'303','Unit Test 1',14),(45974,'303','Unit Test 2',10),(45974,'812','Annual Exam',50),(45974,'812','Half Yearly Exam',52),(45974,'812','Unit Test 1',16),(45974,'812','Unit Test 2',15),(46045,'030','Annual Exam',43),(46045,'030','Half Yearly Exam',44),(46045,'030','Unit Test 1',10),(46045,'030','Unit Test 2',10),(46045,'048','Annual Exam',48),(46045,'048','Half Yearly Exam',33),(46045,'048','Unit Test 1',17),(46045,'048','Unit Test 2',15),(46045,'054','Annual Exam',44),(46045,'054','Half Yearly Exam',38),(46045,'054','Unit Test 1',13),(46045,'054','Unit Test 2',15),(46045,'055','Annual Exam',51),(46045,'055','Half Yearly Exam',55),(46045,'055','Unit Test 1',13),(46045,'055','Unit Test 2',11),(46045,'301','Annual Exam',40),(46045,'301','Half Yearly Exam',44),(46045,'301','Unit Test 1',12),(46045,'301','Unit Test 2',11),(46082,'041','Annual Exam',61),(46082,'041','Half Yearly Exam',68),(46082,'041','Unit Test 1',17),(46082,'041','Unit Test 2',21),(46082,'042','Annual Exam',56),(46082,'042','Half Yearly Exam',56),(46082,'042','Unit Test 1',21),(46082,'042','Unit Test 2',23),(46082,'043','Annual Exam',73),(46082,'043','Half Yearly Exam',58),(46082,'043','Unit Test 1',22),(46082,'043','Unit Test 2',18),(46082,'301','Annual Exam',72),(46082,'301','Half Yearly Exam',70),(46082,'301','Unit Test 1',23),(46082,'301','Unit Test 2',23),(46082,'303','Annual Exam',63),(46082,'303','Half Yearly Exam',60),(46082,'303','Unit Test 1',19),(46082,'303','Unit Test 2',22),(46277,'054','Annual Exam',31),(46277,'054','Half Yearly Exam',21),(46277,'054','Unit Test 1',2),(46277,'054','Unit Test 2',3),(46277,'065','Annual Exam',13),(46277,'065','Half Yearly Exam',30),(46277,'065','Unit Test 1',8),(46277,'065','Unit Test 2',4),(46277,'301','Annual Exam',30),(46277,'301','Half Yearly Exam',31),(46277,'301','Unit Test 1',4),(46277,'301','Unit Test 2',7),(46277,'303','Annual Exam',20),(46277,'303','Half Yearly Exam',28),(46277,'303','Unit Test 1',9),(46277,'303','Unit Test 2',5),(46277,'812','Annual Exam',21),(46277,'812','Half Yearly Exam',10),(46277,'812','Unit Test 1',7),(46277,'812','Unit Test 2',3),(46322,'030','Annual Exam',32),(46322,'030','Half Yearly Exam',37),(46322,'030','Unit Test 1',11),(46322,'030','Unit Test 2',11),(46322,'054','Annual Exam',32),(46322,'054','Half Yearly Exam',32),(46322,'054','Unit Test 1',15),(46322,'054','Unit Test 2',13),(46322,'055','Annual Exam',36),(46322,'055','Half Yearly Exam',53),(46322,'055','Unit Test 1',11),(46322,'055','Unit Test 2',13),(46322,'301','Annual Exam',55),(46322,'301','Half Yearly Exam',38),(46322,'301','Unit Test 1',10),(46322,'301','Unit Test 2',15),(46322,'812','Annual Exam',42),(46322,'812','Half Yearly Exam',44),(46322,'812','Unit Test 1',10),(46322,'812','Unit Test 2',12),(46643,'030','Annual Exam',38),(46643,'030','Half Yearly Exam',36),(46643,'030','Unit Test 1',16),(46643,'030','Unit Test 2',10),(46643,'041','Annual Exam',53),(46643,'041','Half Yearly Exam',39),(46643,'041','Unit Test 1',12),(46643,'041','Unit Test 2',14),(46643,'054','Annual Exam',36),(46643,'054','Half Yearly Exam',40),(46643,'054','Unit Test 1',16),(46643,'054','Unit Test 2',14),(46643,'055','Annual Exam',48),(46643,'055','Half Yearly Exam',42),(46643,'055','Unit Test 1',11),(46643,'055','Unit Test 2',15),(46643,'301','Annual Exam',32),(46643,'301','Half Yearly Exam',35),(46643,'301','Unit Test 1',12),(46643,'301','Unit Test 2',11),(46681,'041','Annual Exam',33),(46681,'041','Half Yearly Exam',52),(46681,'041','Unit Test 1',15),(46681,'041','Unit Test 2',10),(46681,'042','Annual Exam',44),(46681,'042','Half Yearly Exam',32),(46681,'042','Unit Test 1',12),(46681,'042','Unit Test 2',11),(46681,'043','Annual Exam',48),(46681,'043','Half Yearly Exam',44),(46681,'043','Unit Test 1',10),(46681,'043','Unit Test 2',11),(46681,'048','Annual Exam',32),(46681,'048','Half Yearly Exam',34),(46681,'048','Unit Test 1',10),(46681,'048','Unit Test 2',12),(46681,'301','Annual Exam',32),(46681,'301','Half Yearly Exam',34),(46681,'301','Unit Test 1',16),(46681,'301','Unit Test 2',15),(46682,'030','Annual Exam',52),(46682,'030','Half Yearly Exam',51),(46682,'030','Unit Test 1',14),(46682,'030','Unit Test 2',13),(46682,'054','Annual Exam',40),(46682,'054','Half Yearly Exam',39),(46682,'054','Unit Test 1',12),(46682,'054','Unit Test 2',15),(46682,'055','Annual Exam',40),(46682,'055','Half Yearly Exam',32),(46682,'055','Unit Test 1',16),(46682,'055','Unit Test 2',16),(46682,'116','Annual Exam',52),(46682,'116','Half Yearly Exam',51),(46682,'116','Unit Test 1',15),(46682,'116','Unit Test 2',10),(46682,'301','Annual Exam',51),(46682,'301','Half Yearly Exam',36),(46682,'301','Unit Test 1',11),(46682,'301','Unit Test 2',14),(46700,'030','Annual Exam',43),(46700,'030','Half Yearly Exam',39),(46700,'030','Unit Test 1',16),(46700,'030','Unit Test 2',10),(46700,'054','Annual Exam',36),(46700,'054','Half Yearly Exam',37),(46700,'054','Unit Test 1',10),(46700,'054','Unit Test 2',16),(46700,'055','Annual Exam',51),(46700,'055','Half Yearly Exam',53),(46700,'055','Unit Test 1',10),(46700,'055','Unit Test 2',15),(46700,'301','Annual Exam',36),(46700,'301','Half Yearly Exam',48),(46700,'301','Unit Test 1',14),(46700,'301','Unit Test 2',16),(46700,'812','Annual Exam',44),(46700,'812','Half Yearly Exam',45),(46700,'812','Unit Test 1',11),(46700,'812','Unit Test 2',11),(46721,'041','Annual Exam',14),(46721,'041','Half Yearly Exam',30),(46721,'041','Unit Test 1',9),(46721,'041','Unit Test 2',8),(46721,'042','Annual Exam',12),(46721,'042','Half Yearly Exam',12),(46721,'042','Unit Test 1',9),(46721,'042','Unit Test 2',3),(46721,'043','Annual Exam',20),(46721,'043','Half Yearly Exam',28),(46721,'043','Unit Test 1',8),(46721,'043','Unit Test 2',4),(46721,'048','Annual Exam',20),(46721,'048','Half Yearly Exam',11),(46721,'048','Unit Test 1',8),(46721,'048','Unit Test 2',6),(46721,'301','Annual Exam',27),(46721,'301','Half Yearly Exam',29),(46721,'301','Unit Test 1',8),(46721,'301','Unit Test 2',7),(46778,'042','Annual Exam',52),(46778,'042','Half Yearly Exam',33),(46778,'042','Unit Test 1',15),(46778,'042','Unit Test 2',11),(46778,'043','Annual Exam',54),(46778,'043','Half Yearly Exam',41),(46778,'043','Unit Test 1',13),(46778,'043','Unit Test 2',10),(46778,'044','Annual Exam',36),(46778,'044','Half Yearly Exam',50),(46778,'044','Unit Test 1',14),(46778,'044','Unit Test 2',12),(46778,'301','Annual Exam',47),(46778,'301','Half Yearly Exam',44),(46778,'301','Unit Test 1',15),(46778,'301','Unit Test 2',12),(46778,'303','Annual Exam',36),(46778,'303','Half Yearly Exam',34),(46778,'303','Unit Test 1',14),(46778,'303','Unit Test 2',14),(46789,'030','Annual Exam',59),(46789,'030','Half Yearly Exam',62),(46789,'030','Unit Test 1',18),(46789,'030','Unit Test 2',19),(46789,'054','Annual Exam',74),(46789,'054','Half Yearly Exam',64),(46789,'054','Unit Test 1',19),(46789,'054','Unit Test 2',21),(46789,'055','Annual Exam',74),(46789,'055','Half Yearly Exam',61),(46789,'055','Unit Test 1',22),(46789,'055','Unit Test 2',19),(46789,'116','Annual Exam',58),(46789,'116','Half Yearly Exam',75),(46789,'116','Unit Test 1',19),(46789,'116','Unit Test 2',23),(46789,'301','Annual Exam',56),(46789,'301','Half Yearly Exam',74),(46789,'301','Unit Test 1',23),(46789,'301','Unit Test 2',23),(46923,'030','Annual Exam',56),(46923,'030','Half Yearly Exam',64),(46923,'030','Unit Test 1',21),(46923,'030','Unit Test 2',22),(46923,'041','Annual Exam',66),(46923,'041','Half Yearly Exam',66),(46923,'041','Unit Test 1',18),(46923,'041','Unit Test 2',19),(46923,'054','Annual Exam',73),(46923,'054','Half Yearly Exam',70),(46923,'054','Unit Test 1',19),(46923,'054','Unit Test 2',23),(46923,'055','Annual Exam',57),(46923,'055','Half Yearly Exam',65),(46923,'055','Unit Test 1',21),(46923,'055','Unit Test 2',18),(46923,'301','Annual Exam',75),(46923,'301','Half Yearly Exam',59),(46923,'301','Unit Test 1',18),(46923,'301','Unit Test 2',21),(46939,'041','Annual Exam',54),(46939,'041','Half Yearly Exam',49),(46939,'041','Unit Test 1',10),(46939,'041','Unit Test 2',16),(46939,'042','Annual Exam',53),(46939,'042','Half Yearly Exam',44),(46939,'042','Unit Test 1',14),(46939,'042','Unit Test 2',11),(46939,'043','Annual Exam',32),(46939,'043','Half Yearly Exam',52),(46939,'043','Unit Test 1',13),(46939,'043','Unit Test 2',13),(46939,'301','Annual Exam',32),(46939,'301','Half Yearly Exam',53),(46939,'301','Unit Test 1',16),(46939,'301','Unit Test 2',16),(46939,'303','Annual Exam',49),(46939,'303','Half Yearly Exam',32),(46939,'303','Unit Test 1',14),(46939,'303','Unit Test 2',13),(46943,'054','Annual Exam',52),(46943,'054','Half Yearly Exam',42),(46943,'054','Unit Test 1',14),(46943,'054','Unit Test 2',10),(46943,'065','Annual Exam',36),(46943,'065','Half Yearly Exam',42),(46943,'065','Unit Test 1',11),(46943,'065','Unit Test 2',17),(46943,'301','Annual Exam',54),(46943,'301','Half Yearly Exam',32),(46943,'301','Unit Test 1',11),(46943,'301','Unit Test 2',12),(46943,'303','Annual Exam',36),(46943,'303','Half Yearly Exam',52),(46943,'303','Unit Test 1',15),(46943,'303','Unit Test 2',14),(46943,'812','Annual Exam',40),(46943,'812','Half Yearly Exam',48),(46943,'812','Unit Test 1',13),(46943,'812','Unit Test 2',16),(46991,'030','Annual Exam',41),(46991,'030','Half Yearly Exam',41),(46991,'030','Unit Test 1',14),(46991,'030','Unit Test 2',14),(46991,'054','Annual Exam',55),(46991,'054','Half Yearly Exam',38),(46991,'054','Unit Test 1',17),(46991,'054','Unit Test 2',14),(46991,'055','Annual Exam',40),(46991,'055','Half Yearly Exam',45),(46991,'055','Unit Test 1',15),(46991,'055','Unit Test 2',13),(46991,'301','Annual Exam',39),(46991,'301','Half Yearly Exam',52),(46991,'301','Unit Test 1',15),(46991,'301','Unit Test 2',12),(46991,'812','Annual Exam',53),(46991,'812','Half Yearly Exam',48),(46991,'812','Unit Test 1',16),(46991,'812','Unit Test 2',14),(47069,'030','Annual Exam',16),(47069,'030','Half Yearly Exam',30),(47069,'030','Unit Test 1',9),(47069,'030','Unit Test 2',2),(47069,'048','Annual Exam',26),(47069,'048','Half Yearly Exam',10),(47069,'048','Unit Test 1',4),(47069,'048','Unit Test 2',7),(47069,'054','Annual Exam',15),(47069,'054','Half Yearly Exam',9),(47069,'054','Unit Test 1',5),(47069,'054','Unit Test 2',3),(47069,'055','Annual Exam',12),(47069,'055','Half Yearly Exam',20),(47069,'055','Unit Test 1',2),(47069,'055','Unit Test 2',5),(47069,'301','Annual Exam',9),(47069,'301','Half Yearly Exam',29),(47069,'301','Unit Test 1',9),(47069,'301','Unit Test 2',4),(47158,'048','Annual Exam',12),(47158,'048','Half Yearly Exam',12),(47158,'048','Unit Test 1',4),(47158,'048','Unit Test 2',5),(47158,'054','Annual Exam',25),(47158,'054','Half Yearly Exam',18),(47158,'054','Unit Test 1',2),(47158,'054','Unit Test 2',7),(47158,'065','Annual Exam',15),(47158,'065','Half Yearly Exam',16),(47158,'065','Unit Test 1',7),(47158,'065','Unit Test 2',8),(47158,'301','Annual Exam',24),(47158,'301','Half Yearly Exam',19),(47158,'301','Unit Test 1',5),(47158,'301','Unit Test 2',6),(47158,'812','Annual Exam',8),(47158,'812','Half Yearly Exam',13),(47158,'812','Unit Test 1',9),(47158,'812','Unit Test 2',6),(47220,'041','Annual Exam',60),(47220,'041','Half Yearly Exam',62),(47220,'041','Unit Test 1',23),(47220,'041','Unit Test 2',19),(47220,'042','Annual Exam',59),(47220,'042','Half Yearly Exam',56),(47220,'042','Unit Test 1',20),(47220,'042','Unit Test 2',18),(47220,'043','Annual Exam',65),(47220,'043','Half Yearly Exam',69),(47220,'043','Unit Test 1',17),(47220,'043','Unit Test 2',19),(47220,'044','Annual Exam',59),(47220,'044','Half Yearly Exam',73),(47220,'044','Unit Test 1',17),(47220,'044','Unit Test 2',20),(47220,'301','Annual Exam',64),(47220,'301','Half Yearly Exam',64),(47220,'301','Unit Test 1',20),(47220,'301','Unit Test 2',22),(47246,'042','Annual Exam',61),(47246,'042','Half Yearly Exam',56),(47246,'042','Unit Test 1',20),(47246,'042','Unit Test 2',19),(47246,'043','Annual Exam',65),(47246,'043','Half Yearly Exam',64),(47246,'043','Unit Test 1',20),(47246,'043','Unit Test 2',19),(47246,'044','Annual Exam',60),(47246,'044','Half Yearly Exam',56),(47246,'044','Unit Test 1',21),(47246,'044','Unit Test 2',18),(47246,'116','Annual Exam',72),(47246,'116','Half Yearly Exam',73),(47246,'116','Unit Test 1',18),(47246,'116','Unit Test 2',18),(47246,'301','Annual Exam',59),(47246,'301','Half Yearly Exam',63),(47246,'301','Unit Test 1',20),(47246,'301','Unit Test 2',21),(47252,'041','Annual Exam',33),(47252,'041','Half Yearly Exam',33),(47252,'041','Unit Test 1',10),(47252,'041','Unit Test 2',13),(47252,'042','Annual Exam',33),(47252,'042','Half Yearly Exam',46),(47252,'042','Unit Test 1',16),(47252,'042','Unit Test 2',10),(47252,'043','Annual Exam',48),(47252,'043','Half Yearly Exam',48),(47252,'043','Unit Test 1',14),(47252,'043','Unit Test 2',17),(47252,'044','Annual Exam',36),(47252,'044','Half Yearly Exam',44),(47252,'044','Unit Test 1',12),(47252,'044','Unit Test 2',17),(47252,'301','Annual Exam',46),(47252,'301','Half Yearly Exam',53),(47252,'301','Unit Test 1',16),(47252,'301','Unit Test 2',13),(47330,'042','Annual Exam',57),(47330,'042','Half Yearly Exam',62),(47330,'042','Unit Test 1',21),(47330,'042','Unit Test 2',21),(47330,'043','Annual Exam',71),(47330,'043','Half Yearly Exam',59),(47330,'043','Unit Test 1',18),(47330,'043','Unit Test 2',20),(47330,'044','Annual Exam',70),(47330,'044','Half Yearly Exam',65),(47330,'044','Unit Test 1',18),(47330,'044','Unit Test 2',20),(47330,'301','Annual Exam',74),(47330,'301','Half Yearly Exam',63),(47330,'301','Unit Test 1',20),(47330,'301','Unit Test 2',23),(47330,'303','Annual Exam',71),(47330,'303','Half Yearly Exam',58),(47330,'303','Unit Test 1',21),(47330,'303','Unit Test 2',23),(47405,'030','Annual Exam',54),(47405,'030','Half Yearly Exam',39),(47405,'030','Unit Test 1',15),(47405,'030','Unit Test 2',13),(47405,'041','Annual Exam',43),(47405,'041','Half Yearly Exam',37),(47405,'041','Unit Test 1',12),(47405,'041','Unit Test 2',16),(47405,'054','Annual Exam',32),(47405,'054','Half Yearly Exam',36),(47405,'054','Unit Test 1',15),(47405,'054','Unit Test 2',15),(47405,'055','Annual Exam',46),(47405,'055','Half Yearly Exam',35),(47405,'055','Unit Test 1',11),(47405,'055','Unit Test 2',15),(47405,'301','Annual Exam',36),(47405,'301','Half Yearly Exam',45),(47405,'301','Unit Test 1',16),(47405,'301','Unit Test 2',12),(47420,'048','Annual Exam',50),(47420,'048','Half Yearly Exam',44),(47420,'048','Unit Test 1',15),(47420,'048','Unit Test 2',16),(47420,'054','Annual Exam',37),(47420,'054','Half Yearly Exam',47),(47420,'054','Unit Test 1',15),(47420,'054','Unit Test 2',11),(47420,'065','Annual Exam',32),(47420,'065','Half Yearly Exam',54),(47420,'065','Unit Test 1',12),(47420,'065','Unit Test 2',16),(47420,'301','Annual Exam',34),(47420,'301','Half Yearly Exam',45),(47420,'301','Unit Test 1',13),(47420,'301','Unit Test 2',13),(47420,'812','Annual Exam',54),(47420,'812','Half Yearly Exam',48),(47420,'812','Unit Test 1',10),(47420,'812','Unit Test 2',14),(47424,'030','Annual Exam',48),(47424,'030','Half Yearly Exam',32),(47424,'030','Unit Test 1',16),(47424,'030','Unit Test 2',17),(47424,'054','Annual Exam',33),(47424,'054','Half Yearly Exam',52),(47424,'054','Unit Test 1',17),(47424,'054','Unit Test 2',12),(47424,'055','Annual Exam',49),(47424,'055','Half Yearly Exam',37),(47424,'055','Unit Test 1',13),(47424,'055','Unit Test 2',16),(47424,'116','Annual Exam',40),(47424,'116','Half Yearly Exam',51),(47424,'116','Unit Test 1',16),(47424,'116','Unit Test 2',11),(47424,'301','Annual Exam',49),(47424,'301','Half Yearly Exam',39),(47424,'301','Unit Test 1',11),(47424,'301','Unit Test 2',10),(47451,'042','Annual Exam',37),(47451,'042','Half Yearly Exam',54),(47451,'042','Unit Test 1',16),(47451,'042','Unit Test 2',12),(47451,'043','Annual Exam',36),(47451,'043','Half Yearly Exam',35),(47451,'043','Unit Test 1',16),(47451,'043','Unit Test 2',16),(47451,'044','Annual Exam',36),(47451,'044','Half Yearly Exam',40),(47451,'044','Unit Test 1',12),(47451,'044','Unit Test 2',11),(47451,'048','Annual Exam',36),(47451,'048','Half Yearly Exam',40),(47451,'048','Unit Test 1',16),(47451,'048','Unit Test 2',13),(47451,'301','Annual Exam',48),(47451,'301','Half Yearly Exam',44),(47451,'301','Unit Test 1',15),(47451,'301','Unit Test 2',13),(47472,'042','Annual Exam',48),(47472,'042','Half Yearly Exam',40),(47472,'042','Unit Test 1',15),(47472,'042','Unit Test 2',10),(47472,'043','Annual Exam',52),(47472,'043','Half Yearly Exam',49),(47472,'043','Unit Test 1',13),(47472,'043','Unit Test 2',15),(47472,'044','Annual Exam',48),(47472,'044','Half Yearly Exam',44),(47472,'044','Unit Test 1',13),(47472,'044','Unit Test 2',14),(47472,'083','Annual Exam',48),(47472,'083','Half Yearly Exam',52),(47472,'083','Unit Test 1',13),(47472,'083','Unit Test 2',17),(47472,'301','Annual Exam',32),(47472,'301','Half Yearly Exam',52),(47472,'301','Unit Test 1',13),(47472,'301','Unit Test 2',10),(47480,'041','Annual Exam',32),(47480,'041','Half Yearly Exam',48),(47480,'041','Unit Test 1',15),(47480,'041','Unit Test 2',12),(47480,'042','Annual Exam',44),(47480,'042','Half Yearly Exam',37),(47480,'042','Unit Test 1',14),(47480,'042','Unit Test 2',11),(47480,'043','Annual Exam',33),(47480,'043','Half Yearly Exam',38),(47480,'043','Unit Test 1',15),(47480,'043','Unit Test 2',12),(47480,'044','Annual Exam',37),(47480,'044','Half Yearly Exam',40),(47480,'044','Unit Test 1',10),(47480,'044','Unit Test 2',10),(47480,'301','Annual Exam',52),(47480,'301','Half Yearly Exam',48),(47480,'301','Unit Test 1',12),(47480,'301','Unit Test 2',14),(47565,'054','Annual Exam',42),(47565,'054','Half Yearly Exam',44),(47565,'054','Unit Test 1',11),(47565,'054','Unit Test 2',16),(47565,'065','Annual Exam',52),(47565,'065','Half Yearly Exam',47),(47565,'065','Unit Test 1',17),(47565,'065','Unit Test 2',15),(47565,'116','Annual Exam',36),(47565,'116','Half Yearly Exam',44),(47565,'116','Unit Test 1',11),(47565,'116','Unit Test 2',11),(47565,'301','Annual Exam',36),(47565,'301','Half Yearly Exam',40),(47565,'301','Unit Test 1',13),(47565,'301','Unit Test 2',17),(47565,'812','Annual Exam',48),(47565,'812','Half Yearly Exam',48),(47565,'812','Unit Test 1',10),(47565,'812','Unit Test 2',12),(47629,'048','Annual Exam',34),(47629,'048','Half Yearly Exam',37),(47629,'048','Unit Test 1',16),(47629,'048','Unit Test 2',15),(47629,'054','Annual Exam',36),(47629,'054','Half Yearly Exam',32),(47629,'054','Unit Test 1',10),(47629,'054','Unit Test 2',17),(47629,'065','Annual Exam',47),(47629,'065','Half Yearly Exam',36),(47629,'065','Unit Test 1',14),(47629,'065','Unit Test 2',16),(47629,'301','Annual Exam',35),(47629,'301','Half Yearly Exam',49),(47629,'301','Unit Test 1',11),(47629,'301','Unit Test 2',17),(47629,'812','Annual Exam',39),(47629,'812','Half Yearly Exam',45),(47629,'812','Unit Test 1',13),(47629,'812','Unit Test 2',14),(47641,'054','Annual Exam',64),(47641,'054','Half Yearly Exam',74),(47641,'054','Unit Test 1',22),(47641,'054','Unit Test 2',22),(47641,'065','Annual Exam',69),(47641,'065','Half Yearly Exam',67),(47641,'065','Unit Test 1',21),(47641,'065','Unit Test 2',22),(47641,'301','Annual Exam',65),(47641,'301','Half Yearly Exam',71),(47641,'301','Unit Test 1',19),(47641,'301','Unit Test 2',18),(47641,'303','Annual Exam',68),(47641,'303','Half Yearly Exam',74),(47641,'303','Unit Test 1',21),(47641,'303','Unit Test 2',17),(47641,'812','Annual Exam',56),(47641,'812','Half Yearly Exam',63),(47641,'812','Unit Test 1',21),(47641,'812','Unit Test 2',18),(47643,'048','Annual Exam',35),(47643,'048','Half Yearly Exam',53),(47643,'048','Unit Test 1',12),(47643,'048','Unit Test 2',16),(47643,'054','Annual Exam',40),(47643,'054','Half Yearly Exam',41),(47643,'054','Unit Test 1',16),(47643,'054','Unit Test 2',12),(47643,'065','Annual Exam',47),(47643,'065','Half Yearly Exam',51),(47643,'065','Unit Test 1',14),(47643,'065','Unit Test 2',14),(47643,'301','Annual Exam',48),(47643,'301','Half Yearly Exam',50),(47643,'301','Unit Test 1',15),(47643,'301','Unit Test 2',12),(47643,'812','Annual Exam',48),(47643,'812','Half Yearly Exam',34),(47643,'812','Unit Test 1',15),(47643,'812','Unit Test 2',17),(47667,'054','Annual Exam',46),(47667,'054','Half Yearly Exam',44),(47667,'054','Unit Test 1',10),(47667,'054','Unit Test 2',13),(47667,'065','Annual Exam',43),(47667,'065','Half Yearly Exam',44),(47667,'065','Unit Test 1',11),(47667,'065','Unit Test 2',16),(47667,'301','Annual Exam',50),(47667,'301','Half Yearly Exam',52),(47667,'301','Unit Test 1',13),(47667,'301','Unit Test 2',14),(47667,'303','Annual Exam',50),(47667,'303','Half Yearly Exam',48),(47667,'303','Unit Test 1',14),(47667,'303','Unit Test 2',15),(47667,'812','Annual Exam',48),(47667,'812','Half Yearly Exam',47),(47667,'812','Unit Test 1',15),(47667,'812','Unit Test 2',16),(47686,'030','Annual Exam',38),(47686,'030','Half Yearly Exam',50),(47686,'030','Unit Test 1',10),(47686,'030','Unit Test 2',13),(47686,'041','Annual Exam',46),(47686,'041','Half Yearly Exam',46),(47686,'041','Unit Test 1',15),(47686,'041','Unit Test 2',16),(47686,'054','Annual Exam',42),(47686,'054','Half Yearly Exam',39),(47686,'054','Unit Test 1',11),(47686,'054','Unit Test 2',16),(47686,'055','Annual Exam',46),(47686,'055','Half Yearly Exam',54),(47686,'055','Unit Test 1',12),(47686,'055','Unit Test 2',15),(47686,'301','Annual Exam',38),(47686,'301','Half Yearly Exam',54),(47686,'301','Unit Test 1',15),(47686,'301','Unit Test 2',11),(47706,'042','Annual Exam',19),(47706,'042','Half Yearly Exam',8),(47706,'042','Unit Test 1',3),(47706,'042','Unit Test 2',3),(47706,'043','Annual Exam',28),(47706,'043','Half Yearly Exam',12),(47706,'043','Unit Test 1',6),(47706,'043','Unit Test 2',3),(47706,'044','Annual Exam',31),(47706,'044','Half Yearly Exam',15),(47706,'044','Unit Test 1',9),(47706,'044','Unit Test 2',6),(47706,'301','Annual Exam',8),(47706,'301','Half Yearly Exam',22),(47706,'301','Unit Test 1',4),(47706,'301','Unit Test 2',6),(47706,'303','Annual Exam',18),(47706,'303','Half Yearly Exam',25),(47706,'303','Unit Test 1',8),(47706,'303','Unit Test 2',3),(47725,'041','Annual Exam',68),(47725,'041','Half Yearly Exam',58),(47725,'041','Unit Test 1',20),(47725,'041','Unit Test 2',23),(47725,'042','Annual Exam',66),(47725,'042','Half Yearly Exam',60),(47725,'042','Unit Test 1',18),(47725,'042','Unit Test 2',20),(47725,'043','Annual Exam',71),(47725,'043','Half Yearly Exam',56),(47725,'043','Unit Test 1',20),(47725,'043','Unit Test 2',23),(47725,'116','Annual Exam',57),(47725,'116','Half Yearly Exam',75),(47725,'116','Unit Test 1',22),(47725,'116','Unit Test 2',20),(47725,'301','Annual Exam',70),(47725,'301','Half Yearly Exam',58),(47725,'301','Unit Test 1',18),(47725,'301','Unit Test 2',19),(47756,'042','Annual Exam',15),(47756,'042','Half Yearly Exam',28),(47756,'042','Unit Test 1',8),(47756,'042','Unit Test 2',7),(47756,'043','Annual Exam',23),(47756,'043','Half Yearly Exam',15),(47756,'043','Unit Test 1',3),(47756,'043','Unit Test 2',5),(47756,'044','Annual Exam',9),(47756,'044','Half Yearly Exam',14),(47756,'044','Unit Test 1',2),(47756,'044','Unit Test 2',4),(47756,'116','Annual Exam',28),(47756,'116','Half Yearly Exam',15),(47756,'116','Unit Test 1',8),(47756,'116','Unit Test 2',6),(47756,'301','Annual Exam',8),(47756,'301','Half Yearly Exam',27),(47756,'301','Unit Test 1',5),(47756,'301','Unit Test 2',6),(47759,'054','Annual Exam',51),(47759,'054','Half Yearly Exam',48),(47759,'054','Unit Test 1',12),(47759,'054','Unit Test 2',13),(47759,'065','Annual Exam',48),(47759,'065','Half Yearly Exam',35),(47759,'065','Unit Test 1',11),(47759,'065','Unit Test 2',16),(47759,'116','Annual Exam',42),(47759,'116','Half Yearly Exam',41),(47759,'116','Unit Test 1',15),(47759,'116','Unit Test 2',11),(47759,'301','Annual Exam',52),(47759,'301','Half Yearly Exam',37),(47759,'301','Unit Test 1',10),(47759,'301','Unit Test 2',13),(47759,'812','Annual Exam',41),(47759,'812','Half Yearly Exam',54),(47759,'812','Unit Test 1',11),(47759,'812','Unit Test 2',11),(47783,'041','Annual Exam',32),(47783,'041','Half Yearly Exam',40),(47783,'041','Unit Test 1',15),(47783,'041','Unit Test 2',11),(47783,'042','Annual Exam',32),(47783,'042','Half Yearly Exam',42),(47783,'042','Unit Test 1',12),(47783,'042','Unit Test 2',17),(47783,'043','Annual Exam',33),(47783,'043','Half Yearly Exam',49),(47783,'043','Unit Test 1',12),(47783,'043','Unit Test 2',12),(47783,'044','Annual Exam',54),(47783,'044','Half Yearly Exam',54),(47783,'044','Unit Test 1',12),(47783,'044','Unit Test 2',10),(47783,'301','Annual Exam',41),(47783,'301','Half Yearly Exam',55),(47783,'301','Unit Test 1',12),(47783,'301','Unit Test 2',12),(47793,'030','Annual Exam',58),(47793,'030','Half Yearly Exam',67),(47793,'030','Unit Test 1',17),(47793,'030','Unit Test 2',21),(47793,'054','Annual Exam',68),(47793,'054','Half Yearly Exam',72),(47793,'054','Unit Test 1',21),(47793,'054','Unit Test 2',18),(47793,'055','Annual Exam',70),(47793,'055','Half Yearly Exam',64),(47793,'055','Unit Test 1',17),(47793,'055','Unit Test 2',22),(47793,'116','Annual Exam',62),(47793,'116','Half Yearly Exam',56),(47793,'116','Unit Test 1',22),(47793,'116','Unit Test 2',19),(47793,'301','Annual Exam',68),(47793,'301','Half Yearly Exam',65),(47793,'301','Unit Test 1',17),(47793,'301','Unit Test 2',17),(47810,'042','Annual Exam',55),(47810,'042','Half Yearly Exam',43),(47810,'042','Unit Test 1',14),(47810,'042','Unit Test 2',11),(47810,'043','Annual Exam',52),(47810,'043','Half Yearly Exam',35),(47810,'043','Unit Test 1',12),(47810,'043','Unit Test 2',13),(47810,'044','Annual Exam',53),(47810,'044','Half Yearly Exam',40),(47810,'044','Unit Test 1',16),(47810,'044','Unit Test 2',16),(47810,'048','Annual Exam',34),(47810,'048','Half Yearly Exam',40),(47810,'048','Unit Test 1',17),(47810,'048','Unit Test 2',17),(47810,'301','Annual Exam',48),(47810,'301','Half Yearly Exam',33),(47810,'301','Unit Test 1',15),(47810,'301','Unit Test 2',16),(47928,'048','Annual Exam',25),(47928,'048','Half Yearly Exam',13),(47928,'048','Unit Test 1',5),(47928,'048','Unit Test 2',6),(47928,'054','Annual Exam',27),(47928,'054','Half Yearly Exam',17),(47928,'054','Unit Test 1',6),(47928,'054','Unit Test 2',2),(47928,'065','Annual Exam',24),(47928,'065','Half Yearly Exam',28),(47928,'065','Unit Test 1',6),(47928,'065','Unit Test 2',5),(47928,'301','Annual Exam',15),(47928,'301','Half Yearly Exam',9),(47928,'301','Unit Test 1',9),(47928,'301','Unit Test 2',6),(47928,'812','Annual Exam',25),(47928,'812','Half Yearly Exam',13),(47928,'812','Unit Test 1',7),(47928,'812','Unit Test 2',7),(47986,'048','Annual Exam',36),(47986,'048','Half Yearly Exam',39),(47986,'048','Unit Test 1',13),(47986,'048','Unit Test 2',13),(47986,'054','Annual Exam',48),(47986,'054','Half Yearly Exam',45),(47986,'054','Unit Test 1',14),(47986,'054','Unit Test 2',14),(47986,'065','Annual Exam',35),(47986,'065','Half Yearly Exam',49),(47986,'065','Unit Test 1',11),(47986,'065','Unit Test 2',10),(47986,'301','Annual Exam',47),(47986,'301','Half Yearly Exam',47),(47986,'301','Unit Test 1',14),(47986,'301','Unit Test 2',16),(47986,'812','Annual Exam',40),(47986,'812','Half Yearly Exam',41),(47986,'812','Unit Test 1',15),(47986,'812','Unit Test 2',11),(48035,'030','Annual Exam',36),(48035,'030','Half Yearly Exam',40),(48035,'030','Unit Test 1',17),(48035,'030','Unit Test 2',17),(48035,'054','Annual Exam',51),(48035,'054','Half Yearly Exam',36),(48035,'054','Unit Test 1',13),(48035,'054','Unit Test 2',12),(48035,'055','Annual Exam',32),(48035,'055','Half Yearly Exam',51),(48035,'055','Unit Test 1',16),(48035,'055','Unit Test 2',11),(48035,'065','Annual Exam',52),(48035,'065','Half Yearly Exam',36),(48035,'065','Unit Test 1',17),(48035,'065','Unit Test 2',14),(48035,'301','Annual Exam',44),(48035,'301','Half Yearly Exam',47),(48035,'301','Unit Test 1',14),(48035,'301','Unit Test 2',13),(48169,'030','Annual Exam',43),(48169,'030','Half Yearly Exam',39),(48169,'030','Unit Test 1',16),(48169,'030','Unit Test 2',17),(48169,'048','Annual Exam',44),(48169,'048','Half Yearly Exam',40),(48169,'048','Unit Test 1',15),(48169,'048','Unit Test 2',10),(48169,'054','Annual Exam',39),(48169,'054','Half Yearly Exam',42),(48169,'054','Unit Test 1',11),(48169,'054','Unit Test 2',10),(48169,'055','Annual Exam',36),(48169,'055','Half Yearly Exam',47),(48169,'055','Unit Test 1',10),(48169,'055','Unit Test 2',16),(48169,'301','Annual Exam',53),(48169,'301','Half Yearly Exam',54),(48169,'301','Unit Test 1',16),(48169,'301','Unit Test 2',15),(48193,'041','Annual Exam',73),(48193,'041','Half Yearly Exam',56),(48193,'041','Unit Test 1',19),(48193,'041','Unit Test 2',18),(48193,'042','Annual Exam',72),(48193,'042','Half Yearly Exam',58),(48193,'042','Unit Test 1',22),(48193,'042','Unit Test 2',22),(48193,'043','Annual Exam',65),(48193,'043','Half Yearly Exam',67),(48193,'043','Unit Test 1',20),(48193,'043','Unit Test 2',17),(48193,'044','Annual Exam',72),(48193,'044','Half Yearly Exam',64),(48193,'044','Unit Test 1',20),(48193,'044','Unit Test 2',20),(48193,'301','Annual Exam',64),(48193,'301','Half Yearly Exam',59),(48193,'301','Unit Test 1',18),(48193,'301','Unit Test 2',20),(48213,'030','Annual Exam',55),(48213,'030','Half Yearly Exam',49),(48213,'030','Unit Test 1',10),(48213,'030','Unit Test 2',14),(48213,'041','Annual Exam',36),(48213,'041','Half Yearly Exam',45),(48213,'041','Unit Test 1',11),(48213,'041','Unit Test 2',12),(48213,'054','Annual Exam',52),(48213,'054','Half Yearly Exam',52),(48213,'054','Unit Test 1',15),(48213,'054','Unit Test 2',17),(48213,'055','Annual Exam',34),(48213,'055','Half Yearly Exam',49),(48213,'055','Unit Test 1',11),(48213,'055','Unit Test 2',10),(48213,'301','Annual Exam',36),(48213,'301','Half Yearly Exam',41),(48213,'301','Unit Test 1',15),(48213,'301','Unit Test 2',13),(48332,'054','Annual Exam',9),(48332,'054','Half Yearly Exam',31),(48332,'054','Unit Test 1',5),(48332,'054','Unit Test 2',4),(48332,'065','Annual Exam',19),(48332,'065','Half Yearly Exam',28),(48332,'065','Unit Test 1',7),(48332,'065','Unit Test 2',5),(48332,'301','Annual Exam',24),(48332,'301','Half Yearly Exam',12),(48332,'301','Unit Test 1',2),(48332,'301','Unit Test 2',8),(48332,'303','Annual Exam',25),(48332,'303','Half Yearly Exam',30),(48332,'303','Unit Test 1',3),(48332,'303','Unit Test 2',4),(48332,'812','Annual Exam',24),(48332,'812','Half Yearly Exam',24),(48332,'812','Unit Test 1',8),(48332,'812','Unit Test 2',9),(48347,'041','Annual Exam',44),(48347,'041','Half Yearly Exam',34),(48347,'041','Unit Test 1',14),(48347,'041','Unit Test 2',13),(48347,'042','Annual Exam',53),(48347,'042','Half Yearly Exam',48),(48347,'042','Unit Test 1',13),(48347,'042','Unit Test 2',16),(48347,'043','Annual Exam',46),(48347,'043','Half Yearly Exam',52),(48347,'043','Unit Test 1',17),(48347,'043','Unit Test 2',14),(48347,'044','Annual Exam',32),(48347,'044','Half Yearly Exam',47),(48347,'044','Unit Test 1',12),(48347,'044','Unit Test 2',12),(48347,'301','Annual Exam',36),(48347,'301','Half Yearly Exam',49),(48347,'301','Unit Test 1',13),(48347,'301','Unit Test 2',13),(48382,'054','Annual Exam',36),(48382,'054','Half Yearly Exam',45),(48382,'054','Unit Test 1',17),(48382,'054','Unit Test 2',17),(48382,'065','Annual Exam',39),(48382,'065','Half Yearly Exam',36),(48382,'065','Unit Test 1',13),(48382,'065','Unit Test 2',15),(48382,'116','Annual Exam',33),(48382,'116','Half Yearly Exam',45),(48382,'116','Unit Test 1',10),(48382,'116','Unit Test 2',11),(48382,'301','Annual Exam',54),(48382,'301','Half Yearly Exam',41),(48382,'301','Unit Test 1',17),(48382,'301','Unit Test 2',12),(48382,'812','Annual Exam',50),(48382,'812','Half Yearly Exam',32),(48382,'812','Unit Test 1',15),(48382,'812','Unit Test 2',17),(48408,'030','Annual Exam',60),(48408,'030','Half Yearly Exam',64),(48408,'030','Unit Test 1',22),(48408,'030','Unit Test 2',20),(48408,'054','Annual Exam',65),(48408,'054','Half Yearly Exam',75),(48408,'054','Unit Test 1',22),(48408,'054','Unit Test 2',19),(48408,'055','Annual Exam',56),(48408,'055','Half Yearly Exam',69),(48408,'055','Unit Test 1',19),(48408,'055','Unit Test 2',20),(48408,'065','Annual Exam',74),(48408,'065','Half Yearly Exam',57),(48408,'065','Unit Test 1',18),(48408,'065','Unit Test 2',19),(48408,'301','Annual Exam',69),(48408,'301','Half Yearly Exam',56),(48408,'301','Unit Test 1',18),(48408,'301','Unit Test 2',18),(48569,'041','Annual Exam',38),(48569,'041','Half Yearly Exam',32),(48569,'041','Unit Test 1',11),(48569,'041','Unit Test 2',12),(48569,'042','Annual Exam',47),(48569,'042','Half Yearly Exam',33),(48569,'042','Unit Test 1',10),(48569,'042','Unit Test 2',14),(48569,'043','Annual Exam',55),(48569,'043','Half Yearly Exam',44),(48569,'043','Unit Test 1',10),(48569,'043','Unit Test 2',11),(48569,'083','Annual Exam',46),(48569,'083','Half Yearly Exam',44),(48569,'083','Unit Test 1',16),(48569,'083','Unit Test 2',12),(48569,'301','Annual Exam',36),(48569,'301','Half Yearly Exam',42),(48569,'301','Unit Test 1',10),(48569,'301','Unit Test 2',14),(48578,'030','Annual Exam',19),(48578,'030','Half Yearly Exam',12),(48578,'030','Unit Test 1',8),(48578,'030','Unit Test 2',2),(48578,'048','Annual Exam',14),(48578,'048','Half Yearly Exam',16),(48578,'048','Unit Test 1',9),(48578,'048','Unit Test 2',7),(48578,'054','Annual Exam',28),(48578,'054','Half Yearly Exam',20),(48578,'054','Unit Test 1',2),(48578,'054','Unit Test 2',9),(48578,'055','Annual Exam',25),(48578,'055','Half Yearly Exam',15),(48578,'055','Unit Test 1',4),(48578,'055','Unit Test 2',7),(48578,'301','Annual Exam',30),(48578,'301','Half Yearly Exam',12),(48578,'301','Unit Test 1',9),(48578,'301','Unit Test 2',4),(48592,'042','Annual Exam',42),(48592,'042','Half Yearly Exam',54),(48592,'042','Unit Test 1',17),(48592,'042','Unit Test 2',15),(48592,'043','Annual Exam',37),(48592,'043','Half Yearly Exam',36),(48592,'043','Unit Test 1',14),(48592,'043','Unit Test 2',12),(48592,'044','Annual Exam',45),(48592,'044','Half Yearly Exam',36),(48592,'044','Unit Test 1',12),(48592,'044','Unit Test 2',15),(48592,'048','Annual Exam',33),(48592,'048','Half Yearly Exam',48),(48592,'048','Unit Test 1',11),(48592,'048','Unit Test 2',10),(48592,'301','Annual Exam',35),(48592,'301','Half Yearly Exam',36),(48592,'301','Unit Test 1',10),(48592,'301','Unit Test 2',11),(48660,'054','Annual Exam',55),(48660,'054','Half Yearly Exam',37),(48660,'054','Unit Test 1',15),(48660,'054','Unit Test 2',13),(48660,'065','Annual Exam',37),(48660,'065','Half Yearly Exam',44),(48660,'065','Unit Test 1',10),(48660,'065','Unit Test 2',10),(48660,'116','Annual Exam',52),(48660,'116','Half Yearly Exam',37),(48660,'116','Unit Test 1',12),(48660,'116','Unit Test 2',13),(48660,'301','Annual Exam',52),(48660,'301','Half Yearly Exam',48),(48660,'301','Unit Test 1',10),(48660,'301','Unit Test 2',15),(48660,'812','Annual Exam',35),(48660,'812','Half Yearly Exam',44),(48660,'812','Unit Test 1',15),(48660,'812','Unit Test 2',10),(48729,'042','Annual Exam',35),(48729,'042','Half Yearly Exam',54),(48729,'042','Unit Test 1',10),(48729,'042','Unit Test 2',12),(48729,'043','Annual Exam',49),(48729,'043','Half Yearly Exam',46),(48729,'043','Unit Test 1',12),(48729,'043','Unit Test 2',14),(48729,'044','Annual Exam',39),(48729,'044','Half Yearly Exam',40),(48729,'044','Unit Test 1',15),(48729,'044','Unit Test 2',12),(48729,'116','Annual Exam',40),(48729,'116','Half Yearly Exam',46),(48729,'116','Unit Test 1',14),(48729,'116','Unit Test 2',11),(48729,'301','Annual Exam',52),(48729,'301','Half Yearly Exam',40),(48729,'301','Unit Test 1',11),(48729,'301','Unit Test 2',10),(48766,'048','Annual Exam',12),(48766,'048','Half Yearly Exam',23),(48766,'048','Unit Test 1',7),(48766,'048','Unit Test 2',4),(48766,'054','Annual Exam',16),(48766,'054','Half Yearly Exam',27),(48766,'054','Unit Test 1',4),(48766,'054','Unit Test 2',3),(48766,'065','Annual Exam',15),(48766,'065','Half Yearly Exam',8),(48766,'065','Unit Test 1',9),(48766,'065','Unit Test 2',8),(48766,'301','Annual Exam',27),(48766,'301','Half Yearly Exam',26),(48766,'301','Unit Test 1',9),(48766,'301','Unit Test 2',4),(48766,'812','Annual Exam',22),(48766,'812','Half Yearly Exam',8),(48766,'812','Unit Test 1',3),(48766,'812','Unit Test 2',7),(48814,'041','Annual Exam',56),(48814,'041','Half Yearly Exam',66),(48814,'041','Unit Test 1',22),(48814,'041','Unit Test 2',18),(48814,'042','Annual Exam',60),(48814,'042','Half Yearly Exam',57),(48814,'042','Unit Test 1',19),(48814,'042','Unit Test 2',20),(48814,'043','Annual Exam',57),(48814,'043','Half Yearly Exam',64),(48814,'043','Unit Test 1',19),(48814,'043','Unit Test 2',19),(48814,'301','Annual Exam',66),(48814,'301','Half Yearly Exam',68),(48814,'301','Unit Test 1',18),(48814,'301','Unit Test 2',21),(48814,'303','Annual Exam',64),(48814,'303','Half Yearly Exam',71),(48814,'303','Unit Test 1',18),(48814,'303','Unit Test 2',22),(48815,'042','Annual Exam',48),(48815,'042','Half Yearly Exam',38),(48815,'042','Unit Test 1',13),(48815,'042','Unit Test 2',13),(48815,'043','Annual Exam',46),(48815,'043','Half Yearly Exam',40),(48815,'043','Unit Test 1',14),(48815,'043','Unit Test 2',13),(48815,'044','Annual Exam',52),(48815,'044','Half Yearly Exam',55),(48815,'044','Unit Test 1',12),(48815,'044','Unit Test 2',16),(48815,'301','Annual Exam',39),(48815,'301','Half Yearly Exam',45),(48815,'301','Unit Test 1',12),(48815,'301','Unit Test 2',14),(48815,'303','Annual Exam',50),(48815,'303','Half Yearly Exam',41),(48815,'303','Unit Test 1',11),(48815,'303','Unit Test 2',17),(48827,'054','Annual Exam',53),(48827,'054','Half Yearly Exam',50),(48827,'054','Unit Test 1',15),(48827,'054','Unit Test 2',13),(48827,'065','Annual Exam',55),(48827,'065','Half Yearly Exam',44),(48827,'065','Unit Test 1',15),(48827,'065','Unit Test 2',17),(48827,'301','Annual Exam',54),(48827,'301','Half Yearly Exam',34),(48827,'301','Unit Test 1',16),(48827,'301','Unit Test 2',17),(48827,'303','Annual Exam',40),(48827,'303','Half Yearly Exam',41),(48827,'303','Unit Test 1',16),(48827,'303','Unit Test 2',14),(48827,'812','Annual Exam',54),(48827,'812','Half Yearly Exam',37),(48827,'812','Unit Test 1',17),(48827,'812','Unit Test 2',16),(48854,'054','Annual Exam',39),(48854,'054','Half Yearly Exam',35),(48854,'054','Unit Test 1',13),(48854,'054','Unit Test 2',11),(48854,'065','Annual Exam',42),(48854,'065','Half Yearly Exam',40),(48854,'065','Unit Test 1',11),(48854,'065','Unit Test 2',10),(48854,'301','Annual Exam',40),(48854,'301','Half Yearly Exam',53),(48854,'301','Unit Test 1',13),(48854,'301','Unit Test 2',13),(48854,'303','Annual Exam',46),(48854,'303','Half Yearly Exam',55),(48854,'303','Unit Test 1',16),(48854,'303','Unit Test 2',11),(48854,'812','Annual Exam',45),(48854,'812','Half Yearly Exam',52),(48854,'812','Unit Test 1',16),(48854,'812','Unit Test 2',16),(48859,'048','Annual Exam',32),(48859,'048','Half Yearly Exam',42),(48859,'048','Unit Test 1',16),(48859,'048','Unit Test 2',11),(48859,'054','Annual Exam',40),(48859,'054','Half Yearly Exam',41),(48859,'054','Unit Test 1',14),(48859,'054','Unit Test 2',16),(48859,'065','Annual Exam',40),(48859,'065','Half Yearly Exam',52),(48859,'065','Unit Test 1',12),(48859,'065','Unit Test 2',11),(48859,'301','Annual Exam',37),(48859,'301','Half Yearly Exam',51),(48859,'301','Unit Test 1',10),(48859,'301','Unit Test 2',12),(48859,'812','Annual Exam',38),(48859,'812','Half Yearly Exam',36),(48859,'812','Unit Test 1',15),(48859,'812','Unit Test 2',12),(48964,'054','Annual Exam',22),(48964,'054','Half Yearly Exam',24),(48964,'054','Unit Test 1',2),(48964,'054','Unit Test 2',6),(48964,'065','Annual Exam',20),(48964,'065','Half Yearly Exam',26),(48964,'065','Unit Test 1',9),(48964,'065','Unit Test 2',4),(48964,'301','Annual Exam',20),(48964,'301','Half Yearly Exam',23),(48964,'301','Unit Test 1',4),(48964,'301','Unit Test 2',9),(48964,'303','Annual Exam',15),(48964,'303','Half Yearly Exam',13),(48964,'303','Unit Test 1',8),(48964,'303','Unit Test 2',6),(48964,'812','Annual Exam',24),(48964,'812','Half Yearly Exam',18),(48964,'812','Unit Test 1',3),(48964,'812','Unit Test 2',3),(48965,'048','Annual Exam',38),(48965,'048','Half Yearly Exam',41),(48965,'048','Unit Test 1',10),(48965,'048','Unit Test 2',11),(48965,'054','Annual Exam',46),(48965,'054','Half Yearly Exam',48),(48965,'054','Unit Test 1',11),(48965,'054','Unit Test 2',12),(48965,'065','Annual Exam',46),(48965,'065','Half Yearly Exam',38),(48965,'065','Unit Test 1',11),(48965,'065','Unit Test 2',15),(48965,'301','Annual Exam',33),(48965,'301','Half Yearly Exam',33),(48965,'301','Unit Test 1',17),(48965,'301','Unit Test 2',14),(48965,'812','Annual Exam',33),(48965,'812','Half Yearly Exam',38),(48965,'812','Unit Test 1',12),(48965,'812','Unit Test 2',14),(49004,'042','Annual Exam',62),(49004,'042','Half Yearly Exam',60),(49004,'042','Unit Test 1',18),(49004,'042','Unit Test 2',20),(49004,'043','Annual Exam',60),(49004,'043','Half Yearly Exam',63),(49004,'043','Unit Test 1',22),(49004,'043','Unit Test 2',19),(49004,'044','Annual Exam',58),(49004,'044','Half Yearly Exam',57),(49004,'044','Unit Test 1',18),(49004,'044','Unit Test 2',20),(49004,'301','Annual Exam',73),(49004,'301','Half Yearly Exam',68),(49004,'301','Unit Test 1',20),(49004,'301','Unit Test 2',20),(49004,'303','Annual Exam',61),(49004,'303','Half Yearly Exam',58),(49004,'303','Unit Test 1',21),(49004,'303','Unit Test 2',23),(49010,'048','Annual Exam',37),(49010,'048','Half Yearly Exam',46),(49010,'048','Unit Test 1',14),(49010,'048','Unit Test 2',10),(49010,'054','Annual Exam',54),(49010,'054','Half Yearly Exam',34),(49010,'054','Unit Test 1',11),(49010,'054','Unit Test 2',17),(49010,'065','Annual Exam',54),(49010,'065','Half Yearly Exam',37),(49010,'065','Unit Test 1',10),(49010,'065','Unit Test 2',12),(49010,'301','Annual Exam',40),(49010,'301','Half Yearly Exam',34),(49010,'301','Unit Test 1',11),(49010,'301','Unit Test 2',15),(49010,'812','Annual Exam',41),(49010,'812','Half Yearly Exam',37),(49010,'812','Unit Test 1',14),(49010,'812','Unit Test 2',14),(49045,'030','Annual Exam',60),(49045,'030','Half Yearly Exam',61),(49045,'030','Unit Test 1',18),(49045,'030','Unit Test 2',18),(49045,'041','Annual Exam',68),(49045,'041','Half Yearly Exam',66),(49045,'041','Unit Test 1',22),(49045,'041','Unit Test 2',20),(49045,'054','Annual Exam',57),(49045,'054','Half Yearly Exam',61),(49045,'054','Unit Test 1',17),(49045,'054','Unit Test 2',22),(49045,'055','Annual Exam',71),(49045,'055','Half Yearly Exam',62),(49045,'055','Unit Test 1',20),(49045,'055','Unit Test 2',20),(49045,'301','Annual Exam',59),(49045,'301','Half Yearly Exam',72),(49045,'301','Unit Test 1',21),(49045,'301','Unit Test 2',23),(49058,'054','Annual Exam',60),(49058,'054','Half Yearly Exam',74),(49058,'054','Unit Test 1',22),(49058,'054','Unit Test 2',23),(49058,'065','Annual Exam',62),(49058,'065','Half Yearly Exam',65),(49058,'065','Unit Test 1',19),(49058,'065','Unit Test 2',19),(49058,'301','Annual Exam',66),(49058,'301','Half Yearly Exam',69),(49058,'301','Unit Test 1',20),(49058,'301','Unit Test 2',22),(49058,'303','Annual Exam',60),(49058,'303','Half Yearly Exam',66),(49058,'303','Unit Test 1',17),(49058,'303','Unit Test 2',22),(49058,'812','Annual Exam',58),(49058,'812','Half Yearly Exam',65),(49058,'812','Unit Test 1',20),(49058,'812','Unit Test 2',20),(49088,'041','Annual Exam',39),(49088,'041','Half Yearly Exam',44),(49088,'041','Unit Test 1',15),(49088,'041','Unit Test 2',15),(49088,'042','Annual Exam',46),(49088,'042','Half Yearly Exam',53),(49088,'042','Unit Test 1',15),(49088,'042','Unit Test 2',15),(49088,'043','Annual Exam',53),(49088,'043','Half Yearly Exam',32),(49088,'043','Unit Test 1',17),(49088,'043','Unit Test 2',11),(49088,'048','Annual Exam',49),(49088,'048','Half Yearly Exam',40),(49088,'048','Unit Test 1',12),(49088,'048','Unit Test 2',13),(49088,'301','Annual Exam',32),(49088,'301','Half Yearly Exam',32),(49088,'301','Unit Test 1',12),(49088,'301','Unit Test 2',14),(49093,'042','Annual Exam',36),(49093,'042','Half Yearly Exam',34),(49093,'042','Unit Test 1',13),(49093,'042','Unit Test 2',11),(49093,'043','Annual Exam',48),(49093,'043','Half Yearly Exam',51),(49093,'043','Unit Test 1',16),(49093,'043','Unit Test 2',15),(49093,'044','Annual Exam',40),(49093,'044','Half Yearly Exam',39),(49093,'044','Unit Test 1',14),(49093,'044','Unit Test 2',10),(49093,'048','Annual Exam',32),(49093,'048','Half Yearly Exam',46),(49093,'048','Unit Test 1',14),(49093,'048','Unit Test 2',11),(49093,'301','Annual Exam',36),(49093,'301','Half Yearly Exam',39),(49093,'301','Unit Test 1',11),(49093,'301','Unit Test 2',12),(49137,'054','Annual Exam',42),(49137,'054','Half Yearly Exam',35),(49137,'054','Unit Test 1',15),(49137,'054','Unit Test 2',13),(49137,'065','Annual Exam',45),(49137,'065','Half Yearly Exam',55),(49137,'065','Unit Test 1',16),(49137,'065','Unit Test 2',13),(49137,'301','Annual Exam',38),(49137,'301','Half Yearly Exam',44),(49137,'301','Unit Test 1',14),(49137,'301','Unit Test 2',10),(49137,'303','Annual Exam',46),(49137,'303','Half Yearly Exam',51),(49137,'303','Unit Test 1',16),(49137,'303','Unit Test 2',11),(49137,'812','Annual Exam',40),(49137,'812','Half Yearly Exam',52),(49137,'812','Unit Test 1',10),(49137,'812','Unit Test 2',16),(49157,'054','Annual Exam',46),(49157,'054','Half Yearly Exam',45),(49157,'054','Unit Test 1',13),(49157,'054','Unit Test 2',14),(49157,'065','Annual Exam',44),(49157,'065','Half Yearly Exam',39),(49157,'065','Unit Test 1',16),(49157,'065','Unit Test 2',17),(49157,'301','Annual Exam',42),(49157,'301','Half Yearly Exam',44),(49157,'301','Unit Test 1',11),(49157,'301','Unit Test 2',15),(49157,'303','Annual Exam',34),(49157,'303','Half Yearly Exam',42),(49157,'303','Unit Test 1',16),(49157,'303','Unit Test 2',14),(49157,'812','Annual Exam',52),(49157,'812','Half Yearly Exam',38),(49157,'812','Unit Test 1',15),(49157,'812','Unit Test 2',11),(49171,'042','Annual Exam',33),(49171,'042','Half Yearly Exam',32),(49171,'042','Unit Test 1',15),(49171,'042','Unit Test 2',14),(49171,'043','Annual Exam',38),(49171,'043','Half Yearly Exam',36),(49171,'043','Unit Test 1',13),(49171,'043','Unit Test 2',10),(49171,'044','Annual Exam',52),(49171,'044','Half Yearly Exam',40),(49171,'044','Unit Test 1',13),(49171,'044','Unit Test 2',14),(49171,'083','Annual Exam',40),(49171,'083','Half Yearly Exam',47),(49171,'083','Unit Test 1',13),(49171,'083','Unit Test 2',16),(49171,'301','Annual Exam',40),(49171,'301','Half Yearly Exam',40),(49171,'301','Unit Test 1',14),(49171,'301','Unit Test 2',10),(49226,'042','Annual Exam',52),(49226,'042','Half Yearly Exam',36),(49226,'042','Unit Test 1',14),(49226,'042','Unit Test 2',15),(49226,'043','Annual Exam',35),(49226,'043','Half Yearly Exam',55),(49226,'043','Unit Test 1',13),(49226,'043','Unit Test 2',12),(49226,'044','Annual Exam',39),(49226,'044','Half Yearly Exam',32),(49226,'044','Unit Test 1',14),(49226,'044','Unit Test 2',10),(49226,'116','Annual Exam',43),(49226,'116','Half Yearly Exam',32),(49226,'116','Unit Test 1',14),(49226,'116','Unit Test 2',11),(49226,'301','Annual Exam',35),(49226,'301','Half Yearly Exam',36),(49226,'301','Unit Test 1',12),(49226,'301','Unit Test 2',11),(49240,'041','Annual Exam',35),(49240,'041','Half Yearly Exam',35),(49240,'041','Unit Test 1',12),(49240,'041','Unit Test 2',16),(49240,'042','Annual Exam',53),(49240,'042','Half Yearly Exam',44),(49240,'042','Unit Test 1',13),(49240,'042','Unit Test 2',15),(49240,'043','Annual Exam',45),(49240,'043','Half Yearly Exam',50),(49240,'043','Unit Test 1',14),(49240,'043','Unit Test 2',12),(49240,'083','Annual Exam',38),(49240,'083','Half Yearly Exam',46),(49240,'083','Unit Test 1',13),(49240,'083','Unit Test 2',13),(49240,'301','Annual Exam',43),(49240,'301','Half Yearly Exam',48),(49240,'301','Unit Test 1',11),(49240,'301','Unit Test 2',14),(49311,'030','Annual Exam',71),(49311,'030','Half Yearly Exam',68),(49311,'030','Unit Test 1',22),(49311,'030','Unit Test 2',19),(49311,'054','Annual Exam',58),(49311,'054','Half Yearly Exam',67),(49311,'054','Unit Test 1',20),(49311,'054','Unit Test 2',19),(49311,'055','Annual Exam',74),(49311,'055','Half Yearly Exam',59),(49311,'055','Unit Test 1',22),(49311,'055','Unit Test 2',17),(49311,'301','Annual Exam',75),(49311,'301','Half Yearly Exam',59),(49311,'301','Unit Test 1',21),(49311,'301','Unit Test 2',22),(49311,'303','Annual Exam',57),(49311,'303','Half Yearly Exam',71),(49311,'303','Unit Test 1',21),(49311,'303','Unit Test 2',22),(49323,'054','Annual Exam',9),(49323,'054','Half Yearly Exam',25),(49323,'054','Unit Test 1',4),(49323,'054','Unit Test 2',5),(49323,'065','Annual Exam',24),(49323,'065','Half Yearly Exam',24),(49323,'065','Unit Test 1',7),(49323,'065','Unit Test 2',9),(49323,'116','Annual Exam',8),(49323,'116','Half Yearly Exam',9),(49323,'116','Unit Test 1',9),(49323,'116','Unit Test 2',7),(49323,'301','Annual Exam',30),(49323,'301','Half Yearly Exam',17),(49323,'301','Unit Test 1',3),(49323,'301','Unit Test 2',4),(49323,'812','Annual Exam',28),(49323,'812','Half Yearly Exam',8),(49323,'812','Unit Test 1',6),(49323,'812','Unit Test 2',5),(49359,'042','Annual Exam',36),(49359,'042','Half Yearly Exam',40),(49359,'042','Unit Test 1',12),(49359,'042','Unit Test 2',11),(49359,'043','Annual Exam',33),(49359,'043','Half Yearly Exam',42),(49359,'043','Unit Test 1',13),(49359,'043','Unit Test 2',11),(49359,'044','Annual Exam',45),(49359,'044','Half Yearly Exam',54),(49359,'044','Unit Test 1',12),(49359,'044','Unit Test 2',15),(49359,'083','Annual Exam',36),(49359,'083','Half Yearly Exam',46),(49359,'083','Unit Test 1',13),(49359,'083','Unit Test 2',16),(49359,'301','Annual Exam',48),(49359,'301','Half Yearly Exam',52),(49359,'301','Unit Test 1',12),(49359,'301','Unit Test 2',16),(49372,'030','Annual Exam',50),(49372,'030','Half Yearly Exam',40),(49372,'030','Unit Test 1',13),(49372,'030','Unit Test 2',10),(49372,'048','Annual Exam',40),(49372,'048','Half Yearly Exam',37),(49372,'048','Unit Test 1',14),(49372,'048','Unit Test 2',11),(49372,'054','Annual Exam',36),(49372,'054','Half Yearly Exam',41),(49372,'054','Unit Test 1',16),(49372,'054','Unit Test 2',10),(49372,'055','Annual Exam',50),(49372,'055','Half Yearly Exam',36),(49372,'055','Unit Test 1',11),(49372,'055','Unit Test 2',17),(49372,'301','Annual Exam',48),(49372,'301','Half Yearly Exam',34),(49372,'301','Unit Test 1',17),(49372,'301','Unit Test 2',14),(49402,'030','Annual Exam',41),(49402,'030','Half Yearly Exam',37),(49402,'030','Unit Test 1',16),(49402,'030','Unit Test 2',13),(49402,'054','Annual Exam',33),(49402,'054','Half Yearly Exam',37),(49402,'054','Unit Test 1',17),(49402,'054','Unit Test 2',13),(49402,'055','Annual Exam',32),(49402,'055','Half Yearly Exam',36),(49402,'055','Unit Test 1',13),(49402,'055','Unit Test 2',12),(49402,'301','Annual Exam',37),(49402,'301','Half Yearly Exam',52),(49402,'301','Unit Test 1',16),(49402,'301','Unit Test 2',17),(49402,'303','Annual Exam',40),(49402,'303','Half Yearly Exam',36),(49402,'303','Unit Test 1',15),(49402,'303','Unit Test 2',16),(49417,'042','Annual Exam',32),(49417,'042','Half Yearly Exam',34),(49417,'042','Unit Test 1',15),(49417,'042','Unit Test 2',17),(49417,'043','Annual Exam',51),(49417,'043','Half Yearly Exam',35),(49417,'043','Unit Test 1',16),(49417,'043','Unit Test 2',13),(49417,'044','Annual Exam',32),(49417,'044','Half Yearly Exam',38),(49417,'044','Unit Test 1',12),(49417,'044','Unit Test 2',14),(49417,'116','Annual Exam',43),(49417,'116','Half Yearly Exam',34),(49417,'116','Unit Test 1',13),(49417,'116','Unit Test 2',15),(49417,'301','Annual Exam',41),(49417,'301','Half Yearly Exam',33),(49417,'301','Unit Test 1',11),(49417,'301','Unit Test 2',15),(49456,'041','Annual Exam',48),(49456,'041','Half Yearly Exam',42),(49456,'041','Unit Test 1',14),(49456,'041','Unit Test 2',12),(49456,'042','Annual Exam',37),(49456,'042','Half Yearly Exam',39),(49456,'042','Unit Test 1',15),(49456,'042','Unit Test 2',11),(49456,'043','Annual Exam',36),(49456,'043','Half Yearly Exam',53),(49456,'043','Unit Test 1',10),(49456,'043','Unit Test 2',10),(49456,'044','Annual Exam',37),(49456,'044','Half Yearly Exam',43),(49456,'044','Unit Test 1',17),(49456,'044','Unit Test 2',13),(49456,'301','Annual Exam',55),(49456,'301','Half Yearly Exam',36),(49456,'301','Unit Test 1',13),(49456,'301','Unit Test 2',13),(49482,'041','Annual Exam',56),(49482,'041','Half Yearly Exam',68),(49482,'041','Unit Test 1',22),(49482,'041','Unit Test 2',22),(49482,'042','Annual Exam',71),(49482,'042','Half Yearly Exam',74),(49482,'042','Unit Test 1',22),(49482,'042','Unit Test 2',22),(49482,'043','Annual Exam',60),(49482,'043','Half Yearly Exam',71),(49482,'043','Unit Test 1',18),(49482,'043','Unit Test 2',22),(49482,'044','Annual Exam',68),(49482,'044','Half Yearly Exam',64),(49482,'044','Unit Test 1',22),(49482,'044','Unit Test 2',17),(49482,'301','Annual Exam',68),(49482,'301','Half Yearly Exam',73),(49482,'301','Unit Test 1',21),(49482,'301','Unit Test 2',21),(49486,'030','Annual Exam',52),(49486,'030','Half Yearly Exam',46),(49486,'030','Unit Test 1',14),(49486,'030','Unit Test 2',12),(49486,'054','Annual Exam',55),(49486,'054','Half Yearly Exam',36),(49486,'054','Unit Test 1',10),(49486,'054','Unit Test 2',15),(49486,'055','Annual Exam',50),(49486,'055','Half Yearly Exam',39),(49486,'055','Unit Test 1',12),(49486,'055','Unit Test 2',10),(49486,'065','Annual Exam',36),(49486,'065','Half Yearly Exam',43),(49486,'065','Unit Test 1',11),(49486,'065','Unit Test 2',10),(49486,'301','Annual Exam',35),(49486,'301','Half Yearly Exam',40),(49486,'301','Unit Test 1',15),(49486,'301','Unit Test 2',17),(49536,'042','Annual Exam',70),(49536,'042','Half Yearly Exam',73),(49536,'042','Unit Test 1',19),(49536,'042','Unit Test 2',21),(49536,'043','Annual Exam',73),(49536,'043','Half Yearly Exam',60),(49536,'043','Unit Test 1',22),(49536,'043','Unit Test 2',18),(49536,'044','Annual Exam',57),(49536,'044','Half Yearly Exam',72),(49536,'044','Unit Test 1',20),(49536,'044','Unit Test 2',17),(49536,'048','Annual Exam',73),(49536,'048','Half Yearly Exam',64),(49536,'048','Unit Test 1',19),(49536,'048','Unit Test 2',22),(49536,'301','Annual Exam',70),(49536,'301','Half Yearly Exam',73),(49536,'301','Unit Test 1',20),(49536,'301','Unit Test 2',21),(49553,'030','Annual Exam',32),(49553,'030','Half Yearly Exam',33),(49553,'030','Unit Test 1',10),(49553,'030','Unit Test 2',15),(49553,'054','Annual Exam',45),(49553,'054','Half Yearly Exam',50),(49553,'054','Unit Test 1',10),(49553,'054','Unit Test 2',10),(49553,'055','Annual Exam',43),(49553,'055','Half Yearly Exam',41),(49553,'055','Unit Test 1',10),(49553,'055','Unit Test 2',11),(49553,'065','Annual Exam',47),(49553,'065','Half Yearly Exam',54),(49553,'065','Unit Test 1',10),(49553,'065','Unit Test 2',14),(49553,'301','Annual Exam',38),(49553,'301','Half Yearly Exam',32),(49553,'301','Unit Test 1',17),(49553,'301','Unit Test 2',12),(49681,'042','Annual Exam',48),(49681,'042','Half Yearly Exam',52),(49681,'042','Unit Test 1',11),(49681,'042','Unit Test 2',12),(49681,'043','Annual Exam',35),(49681,'043','Half Yearly Exam',35),(49681,'043','Unit Test 1',13),(49681,'043','Unit Test 2',16),(49681,'044','Annual Exam',46),(49681,'044','Half Yearly Exam',43),(49681,'044','Unit Test 1',13),(49681,'044','Unit Test 2',17),(49681,'301','Annual Exam',50),(49681,'301','Half Yearly Exam',37),(49681,'301','Unit Test 1',10),(49681,'301','Unit Test 2',11),(49681,'303','Annual Exam',50),(49681,'303','Half Yearly Exam',51),(49681,'303','Unit Test 1',12),(49681,'303','Unit Test 2',12),(49708,'042','Annual Exam',67),(49708,'042','Half Yearly Exam',67),(49708,'042','Unit Test 1',20),(49708,'042','Unit Test 2',18),(49708,'043','Annual Exam',63),(49708,'043','Half Yearly Exam',65),(49708,'043','Unit Test 1',20),(49708,'043','Unit Test 2',20),(49708,'044','Annual Exam',60),(49708,'044','Half Yearly Exam',72),(49708,'044','Unit Test 1',18),(49708,'044','Unit Test 2',22),(49708,'116','Annual Exam',65),(49708,'116','Half Yearly Exam',59),(49708,'116','Unit Test 1',19),(49708,'116','Unit Test 2',17),(49708,'301','Annual Exam',72),(49708,'301','Half Yearly Exam',61),(49708,'301','Unit Test 1',23),(49708,'301','Unit Test 2',22),(49710,'054','Annual Exam',36),(49710,'054','Half Yearly Exam',35),(49710,'054','Unit Test 1',11),(49710,'054','Unit Test 2',14),(49710,'065','Annual Exam',48),(49710,'065','Half Yearly Exam',38),(49710,'065','Unit Test 1',11),(49710,'065','Unit Test 2',11),(49710,'116','Annual Exam',44),(49710,'116','Half Yearly Exam',34),(49710,'116','Unit Test 1',16),(49710,'116','Unit Test 2',11),(49710,'301','Annual Exam',35),(49710,'301','Half Yearly Exam',44),(49710,'301','Unit Test 1',12),(49710,'301','Unit Test 2',16),(49710,'812','Annual Exam',49),(49710,'812','Half Yearly Exam',37),(49710,'812','Unit Test 1',11),(49710,'812','Unit Test 2',14),(49821,'042','Annual Exam',32),(49821,'042','Half Yearly Exam',48),(49821,'042','Unit Test 1',14),(49821,'042','Unit Test 2',15),(49821,'043','Annual Exam',32),(49821,'043','Half Yearly Exam',44),(49821,'043','Unit Test 1',14),(49821,'043','Unit Test 2',10),(49821,'044','Annual Exam',51),(49821,'044','Half Yearly Exam',38),(49821,'044','Unit Test 1',11),(49821,'044','Unit Test 2',11),(49821,'048','Annual Exam',41),(49821,'048','Half Yearly Exam',41),(49821,'048','Unit Test 1',12),(49821,'048','Unit Test 2',12),(49821,'301','Annual Exam',52),(49821,'301','Half Yearly Exam',43),(49821,'301','Unit Test 1',12),(49821,'301','Unit Test 2',10),(50014,'041','Annual Exam',51),(50014,'041','Half Yearly Exam',35),(50014,'041','Unit Test 1',10),(50014,'041','Unit Test 2',10),(50014,'042','Annual Exam',43),(50014,'042','Half Yearly Exam',50),(50014,'042','Unit Test 1',17),(50014,'042','Unit Test 2',13),(50014,'043','Annual Exam',55),(50014,'043','Half Yearly Exam',38),(50014,'043','Unit Test 1',14),(50014,'043','Unit Test 2',17),(50014,'044','Annual Exam',55),(50014,'044','Half Yearly Exam',44),(50014,'044','Unit Test 1',13),(50014,'044','Unit Test 2',14),(50014,'301','Annual Exam',55),(50014,'301','Half Yearly Exam',42),(50014,'301','Unit Test 1',12),(50014,'301','Unit Test 2',16),(50102,'041','Annual Exam',64),(50102,'041','Half Yearly Exam',67),(50102,'041','Unit Test 1',21),(50102,'041','Unit Test 2',18),(50102,'042','Annual Exam',63),(50102,'042','Half Yearly Exam',56),(50102,'042','Unit Test 1',22),(50102,'042','Unit Test 2',19),(50102,'043','Annual Exam',74),(50102,'043','Half Yearly Exam',71),(50102,'043','Unit Test 1',21),(50102,'043','Unit Test 2',21),(50102,'044','Annual Exam',64),(50102,'044','Half Yearly Exam',71),(50102,'044','Unit Test 1',18),(50102,'044','Unit Test 2',19),(50102,'301','Annual Exam',71),(50102,'301','Half Yearly Exam',68),(50102,'301','Unit Test 1',21),(50102,'301','Unit Test 2',20),(50113,'054','Annual Exam',64),(50113,'054','Half Yearly Exam',64),(50113,'054','Unit Test 1',19),(50113,'054','Unit Test 2',22),(50113,'065','Annual Exam',65),(50113,'065','Half Yearly Exam',63),(50113,'065','Unit Test 1',17),(50113,'065','Unit Test 2',23),(50113,'116','Annual Exam',74),(50113,'116','Half Yearly Exam',56),(50113,'116','Unit Test 1',18),(50113,'116','Unit Test 2',19),(50113,'301','Annual Exam',68),(50113,'301','Half Yearly Exam',64),(50113,'301','Unit Test 1',22),(50113,'301','Unit Test 2',22),(50113,'812','Annual Exam',70),(50113,'812','Half Yearly Exam',57),(50113,'812','Unit Test 1',18),(50113,'812','Unit Test 2',20),(50157,'041','Annual Exam',55),(50157,'041','Half Yearly Exam',52),(50157,'041','Unit Test 1',10),(50157,'041','Unit Test 2',14),(50157,'042','Annual Exam',48),(50157,'042','Half Yearly Exam',44),(50157,'042','Unit Test 1',16),(50157,'042','Unit Test 2',10),(50157,'043','Annual Exam',48),(50157,'043','Half Yearly Exam',37),(50157,'043','Unit Test 1',17),(50157,'043','Unit Test 2',12),(50157,'048','Annual Exam',35),(50157,'048','Half Yearly Exam',46),(50157,'048','Unit Test 1',10),(50157,'048','Unit Test 2',13),(50157,'301','Annual Exam',52),(50157,'301','Half Yearly Exam',32),(50157,'301','Unit Test 1',17),(50157,'301','Unit Test 2',13),(50203,'042','Annual Exam',51),(50203,'042','Half Yearly Exam',39),(50203,'042','Unit Test 1',15),(50203,'042','Unit Test 2',11),(50203,'043','Annual Exam',49),(50203,'043','Half Yearly Exam',33),(50203,'043','Unit Test 1',10),(50203,'043','Unit Test 2',10),(50203,'044','Annual Exam',33),(50203,'044','Half Yearly Exam',36),(50203,'044','Unit Test 1',11),(50203,'044','Unit Test 2',13),(50203,'083','Annual Exam',44),(50203,'083','Half Yearly Exam',50),(50203,'083','Unit Test 1',15),(50203,'083','Unit Test 2',16),(50203,'301','Annual Exam',41),(50203,'301','Half Yearly Exam',36),(50203,'301','Unit Test 1',13),(50203,'301','Unit Test 2',11),(50247,'042','Annual Exam',60),(50247,'042','Half Yearly Exam',72),(50247,'042','Unit Test 1',23),(50247,'042','Unit Test 2',21),(50247,'043','Annual Exam',74),(50247,'043','Half Yearly Exam',56),(50247,'043','Unit Test 1',19),(50247,'043','Unit Test 2',20),(50247,'044','Annual Exam',63),(50247,'044','Half Yearly Exam',64),(50247,'044','Unit Test 1',23),(50247,'044','Unit Test 2',21),(50247,'116','Annual Exam',57),(50247,'116','Half Yearly Exam',63),(50247,'116','Unit Test 1',17),(50247,'116','Unit Test 2',19),(50247,'301','Annual Exam',59),(50247,'301','Half Yearly Exam',65),(50247,'301','Unit Test 1',21),(50247,'301','Unit Test 2',19),(50287,'030','Annual Exam',32),(50287,'030','Half Yearly Exam',40),(50287,'030','Unit Test 1',16),(50287,'030','Unit Test 2',12),(50287,'041','Annual Exam',44),(50287,'041','Half Yearly Exam',54),(50287,'041','Unit Test 1',17),(50287,'041','Unit Test 2',15),(50287,'054','Annual Exam',37),(50287,'054','Half Yearly Exam',32),(50287,'054','Unit Test 1',15),(50287,'054','Unit Test 2',17),(50287,'055','Annual Exam',36),(50287,'055','Half Yearly Exam',40),(50287,'055','Unit Test 1',13),(50287,'055','Unit Test 2',13),(50287,'301','Annual Exam',43),(50287,'301','Half Yearly Exam',50),(50287,'301','Unit Test 1',11),(50287,'301','Unit Test 2',10),(50306,'030','Annual Exam',49),(50306,'030','Half Yearly Exam',43),(50306,'030','Unit Test 1',10),(50306,'030','Unit Test 2',12),(50306,'054','Annual Exam',48),(50306,'054','Half Yearly Exam',37),(50306,'054','Unit Test 1',12),(50306,'054','Unit Test 2',13),(50306,'055','Annual Exam',44),(50306,'055','Half Yearly Exam',49),(50306,'055','Unit Test 1',14),(50306,'055','Unit Test 2',10),(50306,'065','Annual Exam',34),(50306,'065','Half Yearly Exam',53),(50306,'065','Unit Test 1',17),(50306,'065','Unit Test 2',10),(50306,'301','Annual Exam',36),(50306,'301','Half Yearly Exam',44),(50306,'301','Unit Test 1',15),(50306,'301','Unit Test 2',11),(50467,'030','Annual Exam',47),(50467,'030','Half Yearly Exam',49),(50467,'030','Unit Test 1',13),(50467,'030','Unit Test 2',11),(50467,'041','Annual Exam',48),(50467,'041','Half Yearly Exam',36),(50467,'041','Unit Test 1',17),(50467,'041','Unit Test 2',10),(50467,'054','Annual Exam',50),(50467,'054','Half Yearly Exam',46),(50467,'054','Unit Test 1',10),(50467,'054','Unit Test 2',14),(50467,'055','Annual Exam',52),(50467,'055','Half Yearly Exam',32),(50467,'055','Unit Test 1',17),(50467,'055','Unit Test 2',17),(50467,'301','Annual Exam',40),(50467,'301','Half Yearly Exam',42),(50467,'301','Unit Test 1',15),(50467,'301','Unit Test 2',14),(50488,'048','Annual Exam',61),(50488,'048','Half Yearly Exam',62),(50488,'048','Unit Test 1',21),(50488,'048','Unit Test 2',20),(50488,'054','Annual Exam',58),(50488,'054','Half Yearly Exam',64),(50488,'054','Unit Test 1',22),(50488,'054','Unit Test 2',22),(50488,'065','Annual Exam',58),(50488,'065','Half Yearly Exam',74),(50488,'065','Unit Test 1',21),(50488,'065','Unit Test 2',21),(50488,'301','Annual Exam',67),(50488,'301','Half Yearly Exam',73),(50488,'301','Unit Test 1',20),(50488,'301','Unit Test 2',19),(50488,'812','Annual Exam',61),(50488,'812','Half Yearly Exam',73),(50488,'812','Unit Test 1',22),(50488,'812','Unit Test 2',22),(50519,'030','Annual Exam',52),(50519,'030','Half Yearly Exam',40),(50519,'030','Unit Test 1',16),(50519,'030','Unit Test 2',16),(50519,'054','Annual Exam',52),(50519,'054','Half Yearly Exam',32),(50519,'054','Unit Test 1',12),(50519,'054','Unit Test 2',10),(50519,'055','Annual Exam',52),(50519,'055','Half Yearly Exam',36),(50519,'055','Unit Test 1',10),(50519,'055','Unit Test 2',14),(50519,'301','Annual Exam',51),(50519,'301','Half Yearly Exam',44),(50519,'301','Unit Test 1',15),(50519,'301','Unit Test 2',15),(50519,'812','Annual Exam',54),(50519,'812','Half Yearly Exam',54),(50519,'812','Unit Test 1',17),(50519,'812','Unit Test 2',13),(50537,'030','Annual Exam',52),(50537,'030','Half Yearly Exam',45),(50537,'030','Unit Test 1',10),(50537,'030','Unit Test 2',13),(50537,'041','Annual Exam',52),(50537,'041','Half Yearly Exam',48),(50537,'041','Unit Test 1',13),(50537,'041','Unit Test 2',10),(50537,'054','Annual Exam',52),(50537,'054','Half Yearly Exam',32),(50537,'054','Unit Test 1',10),(50537,'054','Unit Test 2',12),(50537,'055','Annual Exam',32),(50537,'055','Half Yearly Exam',33),(50537,'055','Unit Test 1',16),(50537,'055','Unit Test 2',16),(50537,'301','Annual Exam',42),(50537,'301','Half Yearly Exam',32),(50537,'301','Unit Test 1',16),(50537,'301','Unit Test 2',11),(50545,'054','Annual Exam',45),(50545,'054','Half Yearly Exam',46),(50545,'054','Unit Test 1',13),(50545,'054','Unit Test 2',12),(50545,'065','Annual Exam',32),(50545,'065','Half Yearly Exam',52),(50545,'065','Unit Test 1',15),(50545,'065','Unit Test 2',15),(50545,'116','Annual Exam',40),(50545,'116','Half Yearly Exam',45),(50545,'116','Unit Test 1',14),(50545,'116','Unit Test 2',14),(50545,'301','Annual Exam',52),(50545,'301','Half Yearly Exam',39),(50545,'301','Unit Test 1',13),(50545,'301','Unit Test 2',12),(50545,'812','Annual Exam',32),(50545,'812','Half Yearly Exam',50),(50545,'812','Unit Test 1',15),(50545,'812','Unit Test 2',11),(50642,'030','Annual Exam',34),(50642,'030','Half Yearly Exam',49),(50642,'030','Unit Test 1',15),(50642,'030','Unit Test 2',15),(50642,'054','Annual Exam',44),(50642,'054','Half Yearly Exam',42),(50642,'054','Unit Test 1',11),(50642,'054','Unit Test 2',14),(50642,'055','Annual Exam',45),(50642,'055','Half Yearly Exam',52),(50642,'055','Unit Test 1',17),(50642,'055','Unit Test 2',14),(50642,'301','Annual Exam',44),(50642,'301','Half Yearly Exam',46),(50642,'301','Unit Test 1',14),(50642,'301','Unit Test 2',15),(50642,'303','Annual Exam',44),(50642,'303','Half Yearly Exam',49),(50642,'303','Unit Test 1',10),(50642,'303','Unit Test 2',14),(50730,'048','Annual Exam',49),(50730,'048','Half Yearly Exam',54),(50730,'048','Unit Test 1',13),(50730,'048','Unit Test 2',13),(50730,'054','Annual Exam',36),(50730,'054','Half Yearly Exam',55),(50730,'054','Unit Test 1',14),(50730,'054','Unit Test 2',17),(50730,'065','Annual Exam',50),(50730,'065','Half Yearly Exam',34),(50730,'065','Unit Test 1',12),(50730,'065','Unit Test 2',10),(50730,'301','Annual Exam',44),(50730,'301','Half Yearly Exam',52),(50730,'301','Unit Test 1',16),(50730,'301','Unit Test 2',12),(50730,'812','Annual Exam',41),(50730,'812','Half Yearly Exam',52),(50730,'812','Unit Test 1',10),(50730,'812','Unit Test 2',13),(50780,'030','Annual Exam',49),(50780,'030','Half Yearly Exam',35),(50780,'030','Unit Test 1',16),(50780,'030','Unit Test 2',16),(50780,'054','Annual Exam',52),(50780,'054','Half Yearly Exam',47),(50780,'054','Unit Test 1',10),(50780,'054','Unit Test 2',11),(50780,'055','Annual Exam',36),(50780,'055','Half Yearly Exam',36),(50780,'055','Unit Test 1',11),(50780,'055','Unit Test 2',10),(50780,'116','Annual Exam',43),(50780,'116','Half Yearly Exam',37),(50780,'116','Unit Test 1',14),(50780,'116','Unit Test 2',11),(50780,'301','Annual Exam',40),(50780,'301','Half Yearly Exam',49),(50780,'301','Unit Test 1',11),(50780,'301','Unit Test 2',10),(50804,'030','Annual Exam',32),(50804,'030','Half Yearly Exam',40),(50804,'030','Unit Test 1',11),(50804,'030','Unit Test 2',15),(50804,'054','Annual Exam',47),(50804,'054','Half Yearly Exam',53),(50804,'054','Unit Test 1',14),(50804,'054','Unit Test 2',14),(50804,'055','Annual Exam',45),(50804,'055','Half Yearly Exam',44),(50804,'055','Unit Test 1',16),(50804,'055','Unit Test 2',11),(50804,'116','Annual Exam',44),(50804,'116','Half Yearly Exam',40),(50804,'116','Unit Test 1',13),(50804,'116','Unit Test 2',12),(50804,'301','Annual Exam',46),(50804,'301','Half Yearly Exam',45),(50804,'301','Unit Test 1',17),(50804,'301','Unit Test 2',10),(50916,'041','Annual Exam',38),(50916,'041','Half Yearly Exam',38),(50916,'041','Unit Test 1',10),(50916,'041','Unit Test 2',12),(50916,'042','Annual Exam',32),(50916,'042','Half Yearly Exam',41),(50916,'042','Unit Test 1',16),(50916,'042','Unit Test 2',14),(50916,'043','Annual Exam',36),(50916,'043','Half Yearly Exam',48),(50916,'043','Unit Test 1',15),(50916,'043','Unit Test 2',14),(50916,'083','Annual Exam',40),(50916,'083','Half Yearly Exam',41),(50916,'083','Unit Test 1',17),(50916,'083','Unit Test 2',12),(50916,'301','Annual Exam',50),(50916,'301','Half Yearly Exam',33),(50916,'301','Unit Test 1',11),(50916,'301','Unit Test 2',11),(50920,'030','Annual Exam',32),(50920,'030','Half Yearly Exam',52),(50920,'030','Unit Test 1',13),(50920,'030','Unit Test 2',10),(50920,'048','Annual Exam',33),(50920,'048','Half Yearly Exam',37),(50920,'048','Unit Test 1',10),(50920,'048','Unit Test 2',14),(50920,'054','Annual Exam',41),(50920,'054','Half Yearly Exam',39),(50920,'054','Unit Test 1',13),(50920,'054','Unit Test 2',14),(50920,'055','Annual Exam',44),(50920,'055','Half Yearly Exam',54),(50920,'055','Unit Test 1',15),(50920,'055','Unit Test 2',17),(50920,'301','Annual Exam',33),(50920,'301','Half Yearly Exam',36),(50920,'301','Unit Test 1',15),(50920,'301','Unit Test 2',16),(50946,'042','Annual Exam',35),(50946,'042','Half Yearly Exam',54),(50946,'042','Unit Test 1',13),(50946,'042','Unit Test 2',15),(50946,'043','Annual Exam',55),(50946,'043','Half Yearly Exam',35),(50946,'043','Unit Test 1',11),(50946,'043','Unit Test 2',16),(50946,'044','Annual Exam',52),(50946,'044','Half Yearly Exam',48),(50946,'044','Unit Test 1',10),(50946,'044','Unit Test 2',17),(50946,'301','Annual Exam',37),(50946,'301','Half Yearly Exam',50),(50946,'301','Unit Test 1',10),(50946,'301','Unit Test 2',15),(50946,'303','Annual Exam',50),(50946,'303','Half Yearly Exam',51),(50946,'303','Unit Test 1',15),(50946,'303','Unit Test 2',13),(51017,'042','Annual Exam',66),(51017,'042','Half Yearly Exam',63),(51017,'042','Unit Test 1',19),(51017,'042','Unit Test 2',18),(51017,'043','Annual Exam',66),(51017,'043','Half Yearly Exam',59),(51017,'043','Unit Test 1',18),(51017,'043','Unit Test 2',19),(51017,'044','Annual Exam',60),(51017,'044','Half Yearly Exam',69),(51017,'044','Unit Test 1',23),(51017,'044','Unit Test 2',18),(51017,'048','Annual Exam',56),(51017,'048','Half Yearly Exam',60),(51017,'048','Unit Test 1',23),(51017,'048','Unit Test 2',20),(51017,'301','Annual Exam',68),(51017,'301','Half Yearly Exam',64),(51017,'301','Unit Test 1',20),(51017,'301','Unit Test 2',22),(51037,'041','Annual Exam',32),(51037,'041','Half Yearly Exam',52),(51037,'041','Unit Test 1',11),(51037,'041','Unit Test 2',15),(51037,'042','Annual Exam',36),(51037,'042','Half Yearly Exam',50),(51037,'042','Unit Test 1',16),(51037,'042','Unit Test 2',14),(51037,'043','Annual Exam',52),(51037,'043','Half Yearly Exam',47),(51037,'043','Unit Test 1',13),(51037,'043','Unit Test 2',10),(51037,'301','Annual Exam',36),(51037,'301','Half Yearly Exam',50),(51037,'301','Unit Test 1',14),(51037,'301','Unit Test 2',16),(51037,'303','Annual Exam',49),(51037,'303','Half Yearly Exam',55),(51037,'303','Unit Test 1',17),(51037,'303','Unit Test 2',13),(51063,'042','Annual Exam',66),(51063,'042','Half Yearly Exam',73),(51063,'042','Unit Test 1',20),(51063,'042','Unit Test 2',20),(51063,'043','Annual Exam',62),(51063,'043','Half Yearly Exam',71),(51063,'043','Unit Test 1',21),(51063,'043','Unit Test 2',17),(51063,'044','Annual Exam',56),(51063,'044','Half Yearly Exam',69),(51063,'044','Unit Test 1',20),(51063,'044','Unit Test 2',21),(51063,'116','Annual Exam',72),(51063,'116','Half Yearly Exam',71),(51063,'116','Unit Test 1',18),(51063,'116','Unit Test 2',20),(51063,'301','Annual Exam',72),(51063,'301','Half Yearly Exam',57),(51063,'301','Unit Test 1',22),(51063,'301','Unit Test 2',22),(51085,'042','Annual Exam',36),(51085,'042','Half Yearly Exam',51),(51085,'042','Unit Test 1',16),(51085,'042','Unit Test 2',10),(51085,'043','Annual Exam',47),(51085,'043','Half Yearly Exam',35),(51085,'043','Unit Test 1',14),(51085,'043','Unit Test 2',13),(51085,'044','Annual Exam',55),(51085,'044','Half Yearly Exam',38),(51085,'044','Unit Test 1',14),(51085,'044','Unit Test 2',12),(51085,'301','Annual Exam',32),(51085,'301','Half Yearly Exam',48),(51085,'301','Unit Test 1',15),(51085,'301','Unit Test 2',16),(51085,'303','Annual Exam',53),(51085,'303','Half Yearly Exam',41),(51085,'303','Unit Test 1',12),(51085,'303','Unit Test 2',17),(51103,'041','Annual Exam',52),(51103,'041','Half Yearly Exam',47),(51103,'041','Unit Test 1',13),(51103,'041','Unit Test 2',14),(51103,'042','Annual Exam',32),(51103,'042','Half Yearly Exam',52),(51103,'042','Unit Test 1',16),(51103,'042','Unit Test 2',16),(51103,'043','Annual Exam',34),(51103,'043','Half Yearly Exam',43),(51103,'043','Unit Test 1',12),(51103,'043','Unit Test 2',14),(51103,'116','Annual Exam',39),(51103,'116','Half Yearly Exam',48),(51103,'116','Unit Test 1',15),(51103,'116','Unit Test 2',14),(51103,'301','Annual Exam',39),(51103,'301','Half Yearly Exam',53),(51103,'301','Unit Test 1',10),(51103,'301','Unit Test 2',16),(51134,'041','Annual Exam',35),(51134,'041','Half Yearly Exam',33),(51134,'041','Unit Test 1',12),(51134,'041','Unit Test 2',14),(51134,'042','Annual Exam',40),(51134,'042','Half Yearly Exam',37),(51134,'042','Unit Test 1',12),(51134,'042','Unit Test 2',12),(51134,'043','Annual Exam',36),(51134,'043','Half Yearly Exam',45),(51134,'043','Unit Test 1',12),(51134,'043','Unit Test 2',16),(51134,'048','Annual Exam',50),(51134,'048','Half Yearly Exam',55),(51134,'048','Unit Test 1',11),(51134,'048','Unit Test 2',14),(51134,'301','Annual Exam',44),(51134,'301','Half Yearly Exam',40),(51134,'301','Unit Test 1',16),(51134,'301','Unit Test 2',17),(51178,'041','Annual Exam',44),(51178,'041','Half Yearly Exam',40),(51178,'041','Unit Test 1',12),(51178,'041','Unit Test 2',16),(51178,'042','Annual Exam',52),(51178,'042','Half Yearly Exam',36),(51178,'042','Unit Test 1',12),(51178,'042','Unit Test 2',10),(51178,'043','Annual Exam',33),(51178,'043','Half Yearly Exam',41),(51178,'043','Unit Test 1',13),(51178,'043','Unit Test 2',12),(51178,'301','Annual Exam',41),(51178,'301','Half Yearly Exam',53),(51178,'301','Unit Test 1',10),(51178,'301','Unit Test 2',10),(51178,'303','Annual Exam',32),(51178,'303','Half Yearly Exam',32),(51178,'303','Unit Test 1',15),(51178,'303','Unit Test 2',10),(51206,'041','Annual Exam',51),(51206,'041','Half Yearly Exam',48),(51206,'041','Unit Test 1',11),(51206,'041','Unit Test 2',14),(51206,'042','Annual Exam',36),(51206,'042','Half Yearly Exam',40),(51206,'042','Unit Test 1',11),(51206,'042','Unit Test 2',13),(51206,'043','Annual Exam',47),(51206,'043','Half Yearly Exam',51),(51206,'043','Unit Test 1',13),(51206,'043','Unit Test 2',13),(51206,'301','Annual Exam',37),(51206,'301','Half Yearly Exam',47),(51206,'301','Unit Test 1',16),(51206,'301','Unit Test 2',15),(51206,'303','Annual Exam',36),(51206,'303','Half Yearly Exam',32),(51206,'303','Unit Test 1',16),(51206,'303','Unit Test 2',13),(51244,'041','Annual Exam',36),(51244,'041','Half Yearly Exam',43),(51244,'041','Unit Test 1',15),(51244,'041','Unit Test 2',13),(51244,'042','Annual Exam',53),(51244,'042','Half Yearly Exam',47),(51244,'042','Unit Test 1',15),(51244,'042','Unit Test 2',13),(51244,'043','Annual Exam',32),(51244,'043','Half Yearly Exam',40),(51244,'043','Unit Test 1',17),(51244,'043','Unit Test 2',14),(51244,'044','Annual Exam',32),(51244,'044','Half Yearly Exam',53),(51244,'044','Unit Test 1',14),(51244,'044','Unit Test 2',11),(51244,'301','Annual Exam',36),(51244,'301','Half Yearly Exam',48),(51244,'301','Unit Test 1',16),(51244,'301','Unit Test 2',14),(51502,'054','Annual Exam',62),(51502,'054','Half Yearly Exam',75),(51502,'054','Unit Test 1',18),(51502,'054','Unit Test 2',18),(51502,'065','Annual Exam',67),(51502,'065','Half Yearly Exam',73),(51502,'065','Unit Test 1',18),(51502,'065','Unit Test 2',22),(51502,'301','Annual Exam',56),(51502,'301','Half Yearly Exam',64),(51502,'301','Unit Test 1',21),(51502,'301','Unit Test 2',21),(51502,'303','Annual Exam',72),(51502,'303','Half Yearly Exam',56),(51502,'303','Unit Test 1',21),(51502,'303','Unit Test 2',21),(51502,'812','Annual Exam',68),(51502,'812','Half Yearly Exam',59),(51502,'812','Unit Test 1',18),(51502,'812','Unit Test 2',19),(51591,'042','Annual Exam',33),(51591,'042','Half Yearly Exam',47),(51591,'042','Unit Test 1',10),(51591,'042','Unit Test 2',17),(51591,'043','Annual Exam',53),(51591,'043','Half Yearly Exam',33),(51591,'043','Unit Test 1',16),(51591,'043','Unit Test 2',12),(51591,'044','Annual Exam',36),(51591,'044','Half Yearly Exam',40),(51591,'044','Unit Test 1',10),(51591,'044','Unit Test 2',17),(51591,'301','Annual Exam',53),(51591,'301','Half Yearly Exam',34),(51591,'301','Unit Test 1',13),(51591,'301','Unit Test 2',10),(51591,'303','Annual Exam',33),(51591,'303','Half Yearly Exam',46),(51591,'303','Unit Test 1',16),(51591,'303','Unit Test 2',11),(51644,'042','Annual Exam',71),(51644,'042','Half Yearly Exam',68),(51644,'042','Unit Test 1',19),(51644,'042','Unit Test 2',20),(51644,'043','Annual Exam',70),(51644,'043','Half Yearly Exam',61),(51644,'043','Unit Test 1',17),(51644,'043','Unit Test 2',21),(51644,'044','Annual Exam',71),(51644,'044','Half Yearly Exam',68),(51644,'044','Unit Test 1',20),(51644,'044','Unit Test 2',22),(51644,'116','Annual Exam',64),(51644,'116','Half Yearly Exam',64),(51644,'116','Unit Test 1',22),(51644,'116','Unit Test 2',19),(51644,'301','Annual Exam',73),(51644,'301','Half Yearly Exam',60),(51644,'301','Unit Test 1',19),(51644,'301','Unit Test 2',21),(51650,'042','Annual Exam',37),(51650,'042','Half Yearly Exam',42),(51650,'042','Unit Test 1',15),(51650,'042','Unit Test 2',14),(51650,'043','Annual Exam',50),(51650,'043','Half Yearly Exam',52),(51650,'043','Unit Test 1',16),(51650,'043','Unit Test 2',13),(51650,'044','Annual Exam',52),(51650,'044','Half Yearly Exam',40),(51650,'044','Unit Test 1',12),(51650,'044','Unit Test 2',17),(51650,'083','Annual Exam',41),(51650,'083','Half Yearly Exam',33),(51650,'083','Unit Test 1',13),(51650,'083','Unit Test 2',16),(51650,'301','Annual Exam',55),(51650,'301','Half Yearly Exam',32),(51650,'301','Unit Test 1',13),(51650,'301','Unit Test 2',10),(51658,'054','Annual Exam',46),(51658,'054','Half Yearly Exam',52),(51658,'054','Unit Test 1',15),(51658,'054','Unit Test 2',16),(51658,'065','Annual Exam',40),(51658,'065','Half Yearly Exam',33),(51658,'065','Unit Test 1',16),(51658,'065','Unit Test 2',15),(51658,'116','Annual Exam',40),(51658,'116','Half Yearly Exam',48),(51658,'116','Unit Test 1',13),(51658,'116','Unit Test 2',16),(51658,'301','Annual Exam',35),(51658,'301','Half Yearly Exam',33),(51658,'301','Unit Test 1',12),(51658,'301','Unit Test 2',13),(51658,'812','Annual Exam',34),(51658,'812','Half Yearly Exam',49),(51658,'812','Unit Test 1',16),(51658,'812','Unit Test 2',14),(51664,'054','Annual Exam',8),(51664,'054','Half Yearly Exam',8),(51664,'054','Unit Test 1',5),(51664,'054','Unit Test 2',4),(51664,'065','Annual Exam',18),(51664,'065','Half Yearly Exam',20),(51664,'065','Unit Test 1',9),(51664,'065','Unit Test 2',5),(51664,'116','Annual Exam',22),(51664,'116','Half Yearly Exam',11),(51664,'116','Unit Test 1',6),(51664,'116','Unit Test 2',5),(51664,'301','Annual Exam',16),(51664,'301','Half Yearly Exam',20),(51664,'301','Unit Test 1',5),(51664,'301','Unit Test 2',4),(51664,'812','Annual Exam',30),(51664,'812','Half Yearly Exam',29),(51664,'812','Unit Test 1',7),(51664,'812','Unit Test 2',3),(51745,'030','Annual Exam',55),(51745,'030','Half Yearly Exam',49),(51745,'030','Unit Test 1',11),(51745,'030','Unit Test 2',11),(51745,'054','Annual Exam',52),(51745,'054','Half Yearly Exam',50),(51745,'054','Unit Test 1',10),(51745,'054','Unit Test 2',14),(51745,'055','Annual Exam',40),(51745,'055','Half Yearly Exam',33),(51745,'055','Unit Test 1',10),(51745,'055','Unit Test 2',14),(51745,'116','Annual Exam',42),(51745,'116','Half Yearly Exam',47),(51745,'116','Unit Test 1',13),(51745,'116','Unit Test 2',11),(51745,'301','Annual Exam',47),(51745,'301','Half Yearly Exam',52),(51745,'301','Unit Test 1',12),(51745,'301','Unit Test 2',13),(51779,'030','Annual Exam',47),(51779,'030','Half Yearly Exam',44),(51779,'030','Unit Test 1',12),(51779,'030','Unit Test 2',11),(51779,'054','Annual Exam',40),(51779,'054','Half Yearly Exam',33),(51779,'054','Unit Test 1',13),(51779,'054','Unit Test 2',14),(51779,'055','Annual Exam',54),(51779,'055','Half Yearly Exam',45),(51779,'055','Unit Test 1',15),(51779,'055','Unit Test 2',14),(51779,'301','Annual Exam',32),(51779,'301','Half Yearly Exam',38),(51779,'301','Unit Test 1',13),(51779,'301','Unit Test 2',11),(51779,'812','Annual Exam',43),(51779,'812','Half Yearly Exam',36),(51779,'812','Unit Test 1',17),(51779,'812','Unit Test 2',15),(51847,'054','Annual Exam',39),(51847,'054','Half Yearly Exam',44),(51847,'054','Unit Test 1',16),(51847,'054','Unit Test 2',12),(51847,'065','Annual Exam',45),(51847,'065','Half Yearly Exam',51),(51847,'065','Unit Test 1',10),(51847,'065','Unit Test 2',14),(51847,'301','Annual Exam',50),(51847,'301','Half Yearly Exam',52),(51847,'301','Unit Test 1',15),(51847,'301','Unit Test 2',13),(51847,'303','Annual Exam',48),(51847,'303','Half Yearly Exam',44),(51847,'303','Unit Test 1',16),(51847,'303','Unit Test 2',15),(51847,'812','Annual Exam',46),(51847,'812','Half Yearly Exam',47),(51847,'812','Unit Test 1',13),(51847,'812','Unit Test 2',13),(51911,'054','Annual Exam',52),(51911,'054','Half Yearly Exam',45),(51911,'054','Unit Test 1',10),(51911,'054','Unit Test 2',14),(51911,'065','Annual Exam',45),(51911,'065','Half Yearly Exam',52),(51911,'065','Unit Test 1',13),(51911,'065','Unit Test 2',13),(51911,'301','Annual Exam',52),(51911,'301','Half Yearly Exam',46),(51911,'301','Unit Test 1',10),(51911,'301','Unit Test 2',13),(51911,'303','Annual Exam',49),(51911,'303','Half Yearly Exam',33),(51911,'303','Unit Test 1',15),(51911,'303','Unit Test 2',10),(51911,'812','Annual Exam',36),(51911,'812','Half Yearly Exam',38),(51911,'812','Unit Test 1',17),(51911,'812','Unit Test 2',12),(51961,'030','Annual Exam',44),(51961,'030','Half Yearly Exam',52),(51961,'030','Unit Test 1',13),(51961,'030','Unit Test 2',13),(51961,'054','Annual Exam',37),(51961,'054','Half Yearly Exam',43),(51961,'054','Unit Test 1',11),(51961,'054','Unit Test 2',12),(51961,'055','Annual Exam',53),(51961,'055','Half Yearly Exam',39),(51961,'055','Unit Test 1',13),(51961,'055','Unit Test 2',11),(51961,'301','Annual Exam',53),(51961,'301','Half Yearly Exam',32),(51961,'301','Unit Test 1',16),(51961,'301','Unit Test 2',10),(51961,'812','Annual Exam',52),(51961,'812','Half Yearly Exam',41),(51961,'812','Unit Test 1',17),(51961,'812','Unit Test 2',12),(52013,'041','Annual Exam',45),(52013,'041','Half Yearly Exam',32),(52013,'041','Unit Test 1',15),(52013,'041','Unit Test 2',13),(52013,'042','Annual Exam',38),(52013,'042','Half Yearly Exam',37),(52013,'042','Unit Test 1',16),(52013,'042','Unit Test 2',12),(52013,'043','Annual Exam',46),(52013,'043','Half Yearly Exam',46),(52013,'043','Unit Test 1',11),(52013,'043','Unit Test 2',11),(52013,'301','Annual Exam',45),(52013,'301','Half Yearly Exam',32),(52013,'301','Unit Test 1',14),(52013,'301','Unit Test 2',11),(52013,'303','Annual Exam',43),(52013,'303','Half Yearly Exam',36),(52013,'303','Unit Test 1',16),(52013,'303','Unit Test 2',14),(52044,'030','Annual Exam',58),(52044,'030','Half Yearly Exam',67),(52044,'030','Unit Test 1',19),(52044,'030','Unit Test 2',18),(52044,'054','Annual Exam',64),(52044,'054','Half Yearly Exam',72),(52044,'054','Unit Test 1',22),(52044,'054','Unit Test 2',19),(52044,'055','Annual Exam',68),(52044,'055','Half Yearly Exam',74),(52044,'055','Unit Test 1',19),(52044,'055','Unit Test 2',23),(52044,'065','Annual Exam',73),(52044,'065','Half Yearly Exam',62),(52044,'065','Unit Test 1',19),(52044,'065','Unit Test 2',21),(52044,'301','Annual Exam',59),(52044,'301','Half Yearly Exam',58),(52044,'301','Unit Test 1',19),(52044,'301','Unit Test 2',19),(52099,'041','Annual Exam',47),(52099,'041','Half Yearly Exam',39),(52099,'041','Unit Test 1',12),(52099,'041','Unit Test 2',14),(52099,'042','Annual Exam',50),(52099,'042','Half Yearly Exam',50),(52099,'042','Unit Test 1',13),(52099,'042','Unit Test 2',14),(52099,'043','Annual Exam',38),(52099,'043','Half Yearly Exam',32),(52099,'043','Unit Test 1',17),(52099,'043','Unit Test 2',16),(52099,'301','Annual Exam',35),(52099,'301','Half Yearly Exam',45),(52099,'301','Unit Test 1',16),(52099,'301','Unit Test 2',12),(52099,'303','Annual Exam',37),(52099,'303','Half Yearly Exam',32),(52099,'303','Unit Test 1',12),(52099,'303','Unit Test 2',15),(52105,'054','Annual Exam',42),(52105,'054','Half Yearly Exam',39),(52105,'054','Unit Test 1',15),(52105,'054','Unit Test 2',10),(52105,'065','Annual Exam',55),(52105,'065','Half Yearly Exam',55),(52105,'065','Unit Test 1',13),(52105,'065','Unit Test 2',16),(52105,'301','Annual Exam',48),(52105,'301','Half Yearly Exam',46),(52105,'301','Unit Test 1',11),(52105,'301','Unit Test 2',12),(52105,'303','Annual Exam',43),(52105,'303','Half Yearly Exam',37),(52105,'303','Unit Test 1',12),(52105,'303','Unit Test 2',13),(52105,'812','Annual Exam',45),(52105,'812','Half Yearly Exam',40),(52105,'812','Unit Test 1',10),(52105,'812','Unit Test 2',11),(52123,'041','Annual Exam',40),(52123,'041','Half Yearly Exam',49),(52123,'041','Unit Test 1',13),(52123,'041','Unit Test 2',10),(52123,'042','Annual Exam',45),(52123,'042','Half Yearly Exam',48),(52123,'042','Unit Test 1',17),(52123,'042','Unit Test 2',10),(52123,'043','Annual Exam',42),(52123,'043','Half Yearly Exam',44),(52123,'043','Unit Test 1',15),(52123,'043','Unit Test 2',15),(52123,'116','Annual Exam',32),(52123,'116','Half Yearly Exam',40),(52123,'116','Unit Test 1',16),(52123,'116','Unit Test 2',10),(52123,'301','Annual Exam',32),(52123,'301','Half Yearly Exam',54),(52123,'301','Unit Test 1',16),(52123,'301','Unit Test 2',13),(52140,'042','Annual Exam',42),(52140,'042','Half Yearly Exam',34),(52140,'042','Unit Test 1',13),(52140,'042','Unit Test 2',15),(52140,'043','Annual Exam',38),(52140,'043','Half Yearly Exam',48),(52140,'043','Unit Test 1',15),(52140,'043','Unit Test 2',12),(52140,'044','Annual Exam',32),(52140,'044','Half Yearly Exam',48),(52140,'044','Unit Test 1',13),(52140,'044','Unit Test 2',15),(52140,'048','Annual Exam',48),(52140,'048','Half Yearly Exam',44),(52140,'048','Unit Test 1',16),(52140,'048','Unit Test 2',12),(52140,'301','Annual Exam',36),(52140,'301','Half Yearly Exam',48),(52140,'301','Unit Test 1',17),(52140,'301','Unit Test 2',11),(52174,'048','Annual Exam',63),(52174,'048','Half Yearly Exam',67),(52174,'048','Unit Test 1',20),(52174,'048','Unit Test 2',18),(52174,'054','Annual Exam',60),(52174,'054','Half Yearly Exam',56),(52174,'054','Unit Test 1',21),(52174,'054','Unit Test 2',17),(52174,'065','Annual Exam',73),(52174,'065','Half Yearly Exam',56),(52174,'065','Unit Test 1',22),(52174,'065','Unit Test 2',17),(52174,'301','Annual Exam',58),(52174,'301','Half Yearly Exam',63),(52174,'301','Unit Test 1',21),(52174,'301','Unit Test 2',22),(52174,'812','Annual Exam',70),(52174,'812','Half Yearly Exam',63),(52174,'812','Unit Test 1',21),(52174,'812','Unit Test 2',22),(52290,'041','Annual Exam',58),(52290,'041','Half Yearly Exam',59),(52290,'041','Unit Test 1',20),(52290,'041','Unit Test 2',22),(52290,'042','Annual Exam',56),(52290,'042','Half Yearly Exam',68),(52290,'042','Unit Test 1',20),(52290,'042','Unit Test 2',23),(52290,'043','Annual Exam',64),(52290,'043','Half Yearly Exam',60),(52290,'043','Unit Test 1',21),(52290,'043','Unit Test 2',17),(52290,'116','Annual Exam',66),(52290,'116','Half Yearly Exam',60),(52290,'116','Unit Test 1',17),(52290,'116','Unit Test 2',20),(52290,'301','Annual Exam',57),(52290,'301','Half Yearly Exam',64),(52290,'301','Unit Test 1',20),(52290,'301','Unit Test 2',19),(52345,'042','Annual Exam',47),(52345,'042','Half Yearly Exam',32),(52345,'042','Unit Test 1',14),(52345,'042','Unit Test 2',15),(52345,'043','Annual Exam',52),(52345,'043','Half Yearly Exam',49),(52345,'043','Unit Test 1',12),(52345,'043','Unit Test 2',10),(52345,'044','Annual Exam',46),(52345,'044','Half Yearly Exam',42),(52345,'044','Unit Test 1',14),(52345,'044','Unit Test 2',15),(52345,'048','Annual Exam',40),(52345,'048','Half Yearly Exam',41),(52345,'048','Unit Test 1',17),(52345,'048','Unit Test 2',11),(52345,'301','Annual Exam',39),(52345,'301','Half Yearly Exam',40),(52345,'301','Unit Test 1',15),(52345,'301','Unit Test 2',16),(52383,'030','Annual Exam',75),(52383,'030','Half Yearly Exam',72),(52383,'030','Unit Test 1',22),(52383,'030','Unit Test 2',19),(52383,'041','Annual Exam',57),(52383,'041','Half Yearly Exam',71),(52383,'041','Unit Test 1',20),(52383,'041','Unit Test 2',18),(52383,'054','Annual Exam',69),(52383,'054','Half Yearly Exam',75),(52383,'054','Unit Test 1',20),(52383,'054','Unit Test 2',19),(52383,'055','Annual Exam',68),(52383,'055','Half Yearly Exam',67),(52383,'055','Unit Test 1',21),(52383,'055','Unit Test 2',21),(52383,'301','Annual Exam',70),(52383,'301','Half Yearly Exam',68),(52383,'301','Unit Test 1',18),(52383,'301','Unit Test 2',19),(52444,'041','Annual Exam',68),(52444,'041','Half Yearly Exam',58),(52444,'041','Unit Test 1',20),(52444,'041','Unit Test 2',20),(52444,'042','Annual Exam',59),(52444,'042','Half Yearly Exam',70),(52444,'042','Unit Test 1',22),(52444,'042','Unit Test 2',22),(52444,'043','Annual Exam',65),(52444,'043','Half Yearly Exam',72),(52444,'043','Unit Test 1',19),(52444,'043','Unit Test 2',17),(52444,'044','Annual Exam',66),(52444,'044','Half Yearly Exam',69),(52444,'044','Unit Test 1',18),(52444,'044','Unit Test 2',21),(52444,'301','Annual Exam',74),(52444,'301','Half Yearly Exam',71),(52444,'301','Unit Test 1',21),(52444,'301','Unit Test 2',20),(52503,'030','Annual Exam',60),(52503,'030','Half Yearly Exam',69),(52503,'030','Unit Test 1',19),(52503,'030','Unit Test 2',19),(52503,'048','Annual Exam',68),(52503,'048','Half Yearly Exam',75),(52503,'048','Unit Test 1',20),(52503,'048','Unit Test 2',23),(52503,'054','Annual Exam',72),(52503,'054','Half Yearly Exam',74),(52503,'054','Unit Test 1',21),(52503,'054','Unit Test 2',20),(52503,'055','Annual Exam',61),(52503,'055','Half Yearly Exam',57),(52503,'055','Unit Test 1',18),(52503,'055','Unit Test 2',18),(52503,'301','Annual Exam',59),(52503,'301','Half Yearly Exam',72),(52503,'301','Unit Test 1',19),(52503,'301','Unit Test 2',21),(52539,'041','Annual Exam',28),(52539,'041','Half Yearly Exam',13),(52539,'041','Unit Test 1',5),(52539,'041','Unit Test 2',7),(52539,'042','Annual Exam',31),(52539,'042','Half Yearly Exam',30),(52539,'042','Unit Test 1',8),(52539,'042','Unit Test 2',4),(52539,'043','Annual Exam',28),(52539,'043','Half Yearly Exam',13),(52539,'043','Unit Test 1',7),(52539,'043','Unit Test 2',3),(52539,'116','Annual Exam',20),(52539,'116','Half Yearly Exam',24),(52539,'116','Unit Test 1',5),(52539,'116','Unit Test 2',7),(52539,'301','Annual Exam',24),(52539,'301','Half Yearly Exam',20),(52539,'301','Unit Test 1',8),(52539,'301','Unit Test 2',3),(52563,'030','Annual Exam',30),(52563,'030','Half Yearly Exam',19),(52563,'030','Unit Test 1',5),(52563,'030','Unit Test 2',4),(52563,'048','Annual Exam',20),(52563,'048','Half Yearly Exam',22),(52563,'048','Unit Test 1',3),(52563,'048','Unit Test 2',4),(52563,'054','Annual Exam',20),(52563,'054','Half Yearly Exam',27),(52563,'054','Unit Test 1',3),(52563,'054','Unit Test 2',3),(52563,'055','Annual Exam',23),(52563,'055','Half Yearly Exam',22),(52563,'055','Unit Test 1',2),(52563,'055','Unit Test 2',8),(52563,'301','Annual Exam',30),(52563,'301','Half Yearly Exam',20),(52563,'301','Unit Test 1',6),(52563,'301','Unit Test 2',6),(52569,'041','Annual Exam',20),(52569,'041','Half Yearly Exam',8),(52569,'041','Unit Test 1',9),(52569,'041','Unit Test 2',4),(52569,'042','Annual Exam',17),(52569,'042','Half Yearly Exam',19),(52569,'042','Unit Test 1',3),(52569,'042','Unit Test 2',4),(52569,'043','Annual Exam',24),(52569,'043','Half Yearly Exam',24),(52569,'043','Unit Test 1',2),(52569,'043','Unit Test 2',8),(52569,'044','Annual Exam',8),(52569,'044','Half Yearly Exam',17),(52569,'044','Unit Test 1',6),(52569,'044','Unit Test 2',6),(52569,'301','Annual Exam',14),(52569,'301','Half Yearly Exam',18),(52569,'301','Unit Test 1',5),(52569,'301','Unit Test 2',7),(52584,'054','Annual Exam',75),(52584,'054','Half Yearly Exam',57),(52584,'054','Unit Test 1',19),(52584,'054','Unit Test 2',23),(52584,'065','Annual Exam',63),(52584,'065','Half Yearly Exam',71),(52584,'065','Unit Test 1',18),(52584,'065','Unit Test 2',20),(52584,'301','Annual Exam',67),(52584,'301','Half Yearly Exam',72),(52584,'301','Unit Test 1',22),(52584,'301','Unit Test 2',22),(52584,'303','Annual Exam',72),(52584,'303','Half Yearly Exam',66),(52584,'303','Unit Test 1',23),(52584,'303','Unit Test 2',21),(52584,'812','Annual Exam',56),(52584,'812','Half Yearly Exam',57),(52584,'812','Unit Test 1',21),(52584,'812','Unit Test 2',20),(52632,'042','Annual Exam',35),(52632,'042','Half Yearly Exam',35),(52632,'042','Unit Test 1',10),(52632,'042','Unit Test 2',14),(52632,'043','Annual Exam',46),(52632,'043','Half Yearly Exam',40),(52632,'043','Unit Test 1',13),(52632,'043','Unit Test 2',16),(52632,'044','Annual Exam',43),(52632,'044','Half Yearly Exam',39),(52632,'044','Unit Test 1',10),(52632,'044','Unit Test 2',15),(52632,'048','Annual Exam',42),(52632,'048','Half Yearly Exam',41),(52632,'048','Unit Test 1',10),(52632,'048','Unit Test 2',17),(52632,'301','Annual Exam',32),(52632,'301','Half Yearly Exam',52),(52632,'301','Unit Test 1',17),(52632,'301','Unit Test 2',11),(52687,'042','Annual Exam',70),(52687,'042','Half Yearly Exam',60),(52687,'042','Unit Test 1',17),(52687,'042','Unit Test 2',20),(52687,'043','Annual Exam',74),(52687,'043','Half Yearly Exam',64),(52687,'043','Unit Test 1',22),(52687,'043','Unit Test 2',22),(52687,'044','Annual Exam',60),(52687,'044','Half Yearly Exam',73),(52687,'044','Unit Test 1',17),(52687,'044','Unit Test 2',23),(52687,'116','Annual Exam',68),(52687,'116','Half Yearly Exam',73),(52687,'116','Unit Test 1',23),(52687,'116','Unit Test 2',20),(52687,'301','Annual Exam',57),(52687,'301','Half Yearly Exam',69),(52687,'301','Unit Test 1',17),(52687,'301','Unit Test 2',20),(52790,'041','Annual Exam',28),(52790,'041','Half Yearly Exam',9),(52790,'041','Unit Test 1',4),(52790,'041','Unit Test 2',8),(52790,'042','Annual Exam',20),(52790,'042','Half Yearly Exam',16),(52790,'042','Unit Test 1',4),(52790,'042','Unit Test 2',4),(52790,'043','Annual Exam',28),(52790,'043','Half Yearly Exam',22),(52790,'043','Unit Test 1',3),(52790,'043','Unit Test 2',9),(52790,'116','Annual Exam',8),(52790,'116','Half Yearly Exam',24),(52790,'116','Unit Test 1',4),(52790,'116','Unit Test 2',7),(52790,'301','Annual Exam',12),(52790,'301','Half Yearly Exam',19),(52790,'301','Unit Test 1',9),(52790,'301','Unit Test 2',6),(52799,'041','Annual Exam',49),(52799,'041','Half Yearly Exam',42),(52799,'041','Unit Test 1',16),(52799,'041','Unit Test 2',10),(52799,'042','Annual Exam',54),(52799,'042','Half Yearly Exam',34),(52799,'042','Unit Test 1',10),(52799,'042','Unit Test 2',11),(52799,'043','Annual Exam',34),(52799,'043','Half Yearly Exam',35),(52799,'043','Unit Test 1',15),(52799,'043','Unit Test 2',15),(52799,'048','Annual Exam',49),(52799,'048','Half Yearly Exam',33),(52799,'048','Unit Test 1',11),(52799,'048','Unit Test 2',12),(52799,'301','Annual Exam',36),(52799,'301','Half Yearly Exam',35),(52799,'301','Unit Test 1',17),(52799,'301','Unit Test 2',13),(52815,'042','Annual Exam',35),(52815,'042','Half Yearly Exam',55),(52815,'042','Unit Test 1',10),(52815,'042','Unit Test 2',10),(52815,'043','Annual Exam',52),(52815,'043','Half Yearly Exam',53),(52815,'043','Unit Test 1',15),(52815,'043','Unit Test 2',12),(52815,'044','Annual Exam',48),(52815,'044','Half Yearly Exam',47),(52815,'044','Unit Test 1',16),(52815,'044','Unit Test 2',13),(52815,'048','Annual Exam',36),(52815,'048','Half Yearly Exam',41),(52815,'048','Unit Test 1',17),(52815,'048','Unit Test 2',12),(52815,'301','Annual Exam',41),(52815,'301','Half Yearly Exam',49),(52815,'301','Unit Test 1',15),(52815,'301','Unit Test 2',10),(52832,'030','Annual Exam',31),(52832,'030','Half Yearly Exam',26),(52832,'030','Unit Test 1',8),(52832,'030','Unit Test 2',5),(52832,'054','Annual Exam',21),(52832,'054','Half Yearly Exam',10),(52832,'054','Unit Test 1',9),(52832,'054','Unit Test 2',6),(52832,'055','Annual Exam',24),(52832,'055','Half Yearly Exam',14),(52832,'055','Unit Test 1',4),(52832,'055','Unit Test 2',2),(52832,'065','Annual Exam',27),(52832,'065','Half Yearly Exam',11),(52832,'065','Unit Test 1',4),(52832,'065','Unit Test 2',9),(52832,'301','Annual Exam',20),(52832,'301','Half Yearly Exam',29),(52832,'301','Unit Test 1',9),(52832,'301','Unit Test 2',8),(52895,'042','Annual Exam',64),(52895,'042','Half Yearly Exam',65),(52895,'042','Unit Test 1',21),(52895,'042','Unit Test 2',21),(52895,'043','Annual Exam',72),(52895,'043','Half Yearly Exam',71),(52895,'043','Unit Test 1',17),(52895,'043','Unit Test 2',20),(52895,'044','Annual Exam',56),(52895,'044','Half Yearly Exam',70),(52895,'044','Unit Test 1',23),(52895,'044','Unit Test 2',18),(52895,'048','Annual Exam',65),(52895,'048','Half Yearly Exam',74),(52895,'048','Unit Test 1',18),(52895,'048','Unit Test 2',23),(52895,'301','Annual Exam',70),(52895,'301','Half Yearly Exam',67),(52895,'301','Unit Test 1',18),(52895,'301','Unit Test 2',21),(52904,'054','Annual Exam',39),(52904,'054','Half Yearly Exam',48),(52904,'054','Unit Test 1',13),(52904,'054','Unit Test 2',14),(52904,'065','Annual Exam',54),(52904,'065','Half Yearly Exam',52),(52904,'065','Unit Test 1',11),(52904,'065','Unit Test 2',16),(52904,'116','Annual Exam',45),(52904,'116','Half Yearly Exam',40),(52904,'116','Unit Test 1',11),(52904,'116','Unit Test 2',15),(52904,'301','Annual Exam',52),(52904,'301','Half Yearly Exam',42),(52904,'301','Unit Test 1',10),(52904,'301','Unit Test 2',14),(52904,'812','Annual Exam',48),(52904,'812','Half Yearly Exam',53),(52904,'812','Unit Test 1',14),(52904,'812','Unit Test 2',13),(52925,'048','Annual Exam',20),(52925,'048','Half Yearly Exam',28),(52925,'048','Unit Test 1',9),(52925,'048','Unit Test 2',6),(52925,'054','Annual Exam',17),(52925,'054','Half Yearly Exam',10),(52925,'054','Unit Test 1',3),(52925,'054','Unit Test 2',5),(52925,'065','Annual Exam',14),(52925,'065','Half Yearly Exam',8),(52925,'065','Unit Test 1',6),(52925,'065','Unit Test 2',7),(52925,'301','Annual Exam',28),(52925,'301','Half Yearly Exam',24),(52925,'301','Unit Test 1',4),(52925,'301','Unit Test 2',8),(52925,'812','Annual Exam',23),(52925,'812','Half Yearly Exam',12),(52925,'812','Unit Test 1',6),(52925,'812','Unit Test 2',8),(52931,'041','Annual Exam',44),(52931,'041','Half Yearly Exam',43),(52931,'041','Unit Test 1',14),(52931,'041','Unit Test 2',12),(52931,'042','Annual Exam',48),(52931,'042','Half Yearly Exam',52),(52931,'042','Unit Test 1',12),(52931,'042','Unit Test 2',12),(52931,'043','Annual Exam',40),(52931,'043','Half Yearly Exam',38),(52931,'043','Unit Test 1',11),(52931,'043','Unit Test 2',14),(52931,'116','Annual Exam',34),(52931,'116','Half Yearly Exam',37),(52931,'116','Unit Test 1',15),(52931,'116','Unit Test 2',10),(52931,'301','Annual Exam',47),(52931,'301','Half Yearly Exam',44),(52931,'301','Unit Test 1',13),(52931,'301','Unit Test 2',17),(52945,'030','Annual Exam',40),(52945,'030','Half Yearly Exam',40),(52945,'030','Unit Test 1',11),(52945,'030','Unit Test 2',15),(52945,'054','Annual Exam',53),(52945,'054','Half Yearly Exam',35),(52945,'054','Unit Test 1',10),(52945,'054','Unit Test 2',16),(52945,'055','Annual Exam',35),(52945,'055','Half Yearly Exam',51),(52945,'055','Unit Test 1',12),(52945,'055','Unit Test 2',13),(52945,'065','Annual Exam',48),(52945,'065','Half Yearly Exam',43),(52945,'065','Unit Test 1',16),(52945,'065','Unit Test 2',16),(52945,'301','Annual Exam',45),(52945,'301','Half Yearly Exam',51),(52945,'301','Unit Test 1',10),(52945,'301','Unit Test 2',10),(52953,'042','Annual Exam',72),(52953,'042','Half Yearly Exam',69),(52953,'042','Unit Test 1',17),(52953,'042','Unit Test 2',20),(52953,'043','Annual Exam',69),(52953,'043','Half Yearly Exam',68),(52953,'043','Unit Test 1',22),(52953,'043','Unit Test 2',19),(52953,'044','Annual Exam',58),(52953,'044','Half Yearly Exam',70),(52953,'044','Unit Test 1',21),(52953,'044','Unit Test 2',17),(52953,'301','Annual Exam',68),(52953,'301','Half Yearly Exam',64),(52953,'301','Unit Test 1',17),(52953,'301','Unit Test 2',21),(52953,'303','Annual Exam',58),(52953,'303','Half Yearly Exam',59),(52953,'303','Unit Test 1',22),(52953,'303','Unit Test 2',18),(52963,'030','Annual Exam',52),(52963,'030','Half Yearly Exam',44),(52963,'030','Unit Test 1',11),(52963,'030','Unit Test 2',15),(52963,'054','Annual Exam',46),(52963,'054','Half Yearly Exam',38),(52963,'054','Unit Test 1',12),(52963,'054','Unit Test 2',16),(52963,'055','Annual Exam',36),(52963,'055','Half Yearly Exam',55),(52963,'055','Unit Test 1',11),(52963,'055','Unit Test 2',15),(52963,'065','Annual Exam',34),(52963,'065','Half Yearly Exam',52),(52963,'065','Unit Test 1',15),(52963,'065','Unit Test 2',11),(52963,'301','Annual Exam',48),(52963,'301','Half Yearly Exam',47),(52963,'301','Unit Test 1',14),(52963,'301','Unit Test 2',13),(53008,'042','Annual Exam',51),(53008,'042','Half Yearly Exam',50),(53008,'042','Unit Test 1',10),(53008,'042','Unit Test 2',15),(53008,'043','Annual Exam',44),(53008,'043','Half Yearly Exam',44),(53008,'043','Unit Test 1',15),(53008,'043','Unit Test 2',15),(53008,'044','Annual Exam',52),(53008,'044','Half Yearly Exam',49),(53008,'044','Unit Test 1',10),(53008,'044','Unit Test 2',15),(53008,'083','Annual Exam',36),(53008,'083','Half Yearly Exam',41),(53008,'083','Unit Test 1',11),(53008,'083','Unit Test 2',15),(53008,'301','Annual Exam',48),(53008,'301','Half Yearly Exam',51),(53008,'301','Unit Test 1',16),(53008,'301','Unit Test 2',17),(53086,'041','Annual Exam',16),(53086,'041','Half Yearly Exam',22),(53086,'041','Unit Test 1',5),(53086,'041','Unit Test 2',9),(53086,'042','Annual Exam',10),(53086,'042','Half Yearly Exam',31),(53086,'042','Unit Test 1',4),(53086,'042','Unit Test 2',7),(53086,'043','Annual Exam',27),(53086,'043','Half Yearly Exam',30),(53086,'043','Unit Test 1',7),(53086,'043','Unit Test 2',8),(53086,'116','Annual Exam',24),(53086,'116','Half Yearly Exam',29),(53086,'116','Unit Test 1',7),(53086,'116','Unit Test 2',3),(53086,'301','Annual Exam',13),(53086,'301','Half Yearly Exam',17),(53086,'301','Unit Test 1',3),(53086,'301','Unit Test 2',6),(53089,'030','Annual Exam',59),(53089,'030','Half Yearly Exam',61),(53089,'030','Unit Test 1',23),(53089,'030','Unit Test 2',18),(53089,'048','Annual Exam',59),(53089,'048','Half Yearly Exam',56),(53089,'048','Unit Test 1',22),(53089,'048','Unit Test 2',19),(53089,'054','Annual Exam',63),(53089,'054','Half Yearly Exam',56),(53089,'054','Unit Test 1',20),(53089,'054','Unit Test 2',21),(53089,'055','Annual Exam',72),(53089,'055','Half Yearly Exam',62),(53089,'055','Unit Test 1',20),(53089,'055','Unit Test 2',21),(53089,'301','Annual Exam',74),(53089,'301','Half Yearly Exam',61),(53089,'301','Unit Test 1',22),(53089,'301','Unit Test 2',22),(53120,'054','Annual Exam',68),(53120,'054','Half Yearly Exam',72),(53120,'054','Unit Test 1',19),(53120,'054','Unit Test 2',20),(53120,'065','Annual Exam',68),(53120,'065','Half Yearly Exam',74),(53120,'065','Unit Test 1',18),(53120,'065','Unit Test 2',20),(53120,'116','Annual Exam',68),(53120,'116','Half Yearly Exam',62),(53120,'116','Unit Test 1',21),(53120,'116','Unit Test 2',21),(53120,'301','Annual Exam',60),(53120,'301','Half Yearly Exam',62),(53120,'301','Unit Test 1',19),(53120,'301','Unit Test 2',18),(53120,'812','Annual Exam',59),(53120,'812','Half Yearly Exam',73),(53120,'812','Unit Test 1',21),(53120,'812','Unit Test 2',18),(53262,'048','Annual Exam',40),(53262,'048','Half Yearly Exam',54),(53262,'048','Unit Test 1',10),(53262,'048','Unit Test 2',12),(53262,'054','Annual Exam',43),(53262,'054','Half Yearly Exam',49),(53262,'054','Unit Test 1',14),(53262,'054','Unit Test 2',11),(53262,'065','Annual Exam',48),(53262,'065','Half Yearly Exam',32),(53262,'065','Unit Test 1',15),(53262,'065','Unit Test 2',14),(53262,'301','Annual Exam',32),(53262,'301','Half Yearly Exam',55),(53262,'301','Unit Test 1',11),(53262,'301','Unit Test 2',17),(53262,'812','Annual Exam',50),(53262,'812','Half Yearly Exam',39),(53262,'812','Unit Test 1',14),(53262,'812','Unit Test 2',13),(53375,'030','Annual Exam',32),(53375,'030','Half Yearly Exam',38),(53375,'030','Unit Test 1',11),(53375,'030','Unit Test 2',15),(53375,'054','Annual Exam',49),(53375,'054','Half Yearly Exam',40),(53375,'054','Unit Test 1',17),(53375,'054','Unit Test 2',11),(53375,'055','Annual Exam',33),(53375,'055','Half Yearly Exam',44),(53375,'055','Unit Test 1',13),(53375,'055','Unit Test 2',11),(53375,'301','Annual Exam',35),(53375,'301','Half Yearly Exam',34),(53375,'301','Unit Test 1',15),(53375,'301','Unit Test 2',10),(53375,'303','Annual Exam',36),(53375,'303','Half Yearly Exam',33),(53375,'303','Unit Test 1',10),(53375,'303','Unit Test 2',14),(53399,'054','Annual Exam',12),(53399,'054','Half Yearly Exam',21),(53399,'054','Unit Test 1',3),(53399,'054','Unit Test 2',8),(53399,'065','Annual Exam',8),(53399,'065','Half Yearly Exam',18),(53399,'065','Unit Test 1',4),(53399,'065','Unit Test 2',3),(53399,'301','Annual Exam',26),(53399,'301','Half Yearly Exam',16),(53399,'301','Unit Test 1',5),(53399,'301','Unit Test 2',8),(53399,'303','Annual Exam',25),(53399,'303','Half Yearly Exam',31),(53399,'303','Unit Test 1',5),(53399,'303','Unit Test 2',6),(53399,'812','Annual Exam',24),(53399,'812','Half Yearly Exam',23),(53399,'812','Unit Test 1',9),(53399,'812','Unit Test 2',6),(53512,'030','Annual Exam',66),(53512,'030','Half Yearly Exam',72),(53512,'030','Unit Test 1',19),(53512,'030','Unit Test 2',21),(53512,'048','Annual Exam',75),(53512,'048','Half Yearly Exam',62),(53512,'048','Unit Test 1',19),(53512,'048','Unit Test 2',21),(53512,'054','Annual Exam',57),(53512,'054','Half Yearly Exam',69),(53512,'054','Unit Test 1',22),(53512,'054','Unit Test 2',22),(53512,'055','Annual Exam',71),(53512,'055','Half Yearly Exam',64),(53512,'055','Unit Test 1',21),(53512,'055','Unit Test 2',19),(53512,'301','Annual Exam',60),(53512,'301','Half Yearly Exam',64),(53512,'301','Unit Test 1',23),(53512,'301','Unit Test 2',20),(53528,'048','Annual Exam',50),(53528,'048','Half Yearly Exam',48),(53528,'048','Unit Test 1',11),(53528,'048','Unit Test 2',15),(53528,'054','Annual Exam',36),(53528,'054','Half Yearly Exam',40),(53528,'054','Unit Test 1',17),(53528,'054','Unit Test 2',11),(53528,'065','Annual Exam',40),(53528,'065','Half Yearly Exam',38),(53528,'065','Unit Test 1',15),(53528,'065','Unit Test 2',12),(53528,'301','Annual Exam',52),(53528,'301','Half Yearly Exam',40),(53528,'301','Unit Test 1',12),(53528,'301','Unit Test 2',13),(53528,'812','Annual Exam',49),(53528,'812','Half Yearly Exam',47),(53528,'812','Unit Test 1',12),(53528,'812','Unit Test 2',12),(53606,'042','Annual Exam',48),(53606,'042','Half Yearly Exam',42),(53606,'042','Unit Test 1',11),(53606,'042','Unit Test 2',16),(53606,'043','Annual Exam',44),(53606,'043','Half Yearly Exam',40),(53606,'043','Unit Test 1',11),(53606,'043','Unit Test 2',10),(53606,'044','Annual Exam',48),(53606,'044','Half Yearly Exam',54),(53606,'044','Unit Test 1',11),(53606,'044','Unit Test 2',10),(53606,'048','Annual Exam',41),(53606,'048','Half Yearly Exam',47),(53606,'048','Unit Test 1',12),(53606,'048','Unit Test 2',10),(53606,'301','Annual Exam',53),(53606,'301','Half Yearly Exam',45),(53606,'301','Unit Test 1',11),(53606,'301','Unit Test 2',10),(53612,'041','Annual Exam',38),(53612,'041','Half Yearly Exam',52),(53612,'041','Unit Test 1',17),(53612,'041','Unit Test 2',16),(53612,'042','Annual Exam',52),(53612,'042','Half Yearly Exam',44),(53612,'042','Unit Test 1',13),(53612,'042','Unit Test 2',13),(53612,'043','Annual Exam',37),(53612,'043','Half Yearly Exam',37),(53612,'043','Unit Test 1',17),(53612,'043','Unit Test 2',11),(53612,'083','Annual Exam',47),(53612,'083','Half Yearly Exam',41),(53612,'083','Unit Test 1',15),(53612,'083','Unit Test 2',13),(53612,'301','Annual Exam',52),(53612,'301','Half Yearly Exam',47),(53612,'301','Unit Test 1',13),(53612,'301','Unit Test 2',14),(53669,'030','Annual Exam',42),(53669,'030','Half Yearly Exam',38),(53669,'030','Unit Test 1',15),(53669,'030','Unit Test 2',13),(53669,'054','Annual Exam',33),(53669,'054','Half Yearly Exam',32),(53669,'054','Unit Test 1',11),(53669,'054','Unit Test 2',13),(53669,'055','Annual Exam',55),(53669,'055','Half Yearly Exam',41),(53669,'055','Unit Test 1',14),(53669,'055','Unit Test 2',13),(53669,'301','Annual Exam',54),(53669,'301','Half Yearly Exam',52),(53669,'301','Unit Test 1',11),(53669,'301','Unit Test 2',11),(53669,'303','Annual Exam',55),(53669,'303','Half Yearly Exam',41),(53669,'303','Unit Test 1',14),(53669,'303','Unit Test 2',12),(53682,'030','Annual Exam',18),(53682,'030','Half Yearly Exam',16),(53682,'030','Unit Test 1',4),(53682,'030','Unit Test 2',3),(53682,'048','Annual Exam',12),(53682,'048','Half Yearly Exam',23),(53682,'048','Unit Test 1',7),(53682,'048','Unit Test 2',8),(53682,'054','Annual Exam',11),(53682,'054','Half Yearly Exam',11),(53682,'054','Unit Test 1',2),(53682,'054','Unit Test 2',6),(53682,'055','Annual Exam',8),(53682,'055','Half Yearly Exam',8),(53682,'055','Unit Test 1',3),(53682,'055','Unit Test 2',7),(53682,'301','Annual Exam',27),(53682,'301','Half Yearly Exam',12),(53682,'301','Unit Test 1',9),(53682,'301','Unit Test 2',8),(53707,'030','Annual Exam',73),(53707,'030','Half Yearly Exam',60),(53707,'030','Unit Test 1',18),(53707,'030','Unit Test 2',22),(53707,'041','Annual Exam',68),(53707,'041','Half Yearly Exam',66),(53707,'041','Unit Test 1',22),(53707,'041','Unit Test 2',21),(53707,'054','Annual Exam',60),(53707,'054','Half Yearly Exam',72),(53707,'054','Unit Test 1',18),(53707,'054','Unit Test 2',22),(53707,'055','Annual Exam',72),(53707,'055','Half Yearly Exam',56),(53707,'055','Unit Test 1',22),(53707,'055','Unit Test 2',21),(53707,'301','Annual Exam',59),(53707,'301','Half Yearly Exam',60),(53707,'301','Unit Test 1',21),(53707,'301','Unit Test 2',21),(53725,'054','Annual Exam',52),(53725,'054','Half Yearly Exam',44),(53725,'054','Unit Test 1',16),(53725,'054','Unit Test 2',14),(53725,'065','Annual Exam',43),(53725,'065','Half Yearly Exam',45),(53725,'065','Unit Test 1',10),(53725,'065','Unit Test 2',15),(53725,'301','Annual Exam',54),(53725,'301','Half Yearly Exam',32),(53725,'301','Unit Test 1',11),(53725,'301','Unit Test 2',15),(53725,'303','Annual Exam',47),(53725,'303','Half Yearly Exam',49),(53725,'303','Unit Test 1',14),(53725,'303','Unit Test 2',11),(53725,'812','Annual Exam',36),(53725,'812','Half Yearly Exam',52),(53725,'812','Unit Test 1',16),(53725,'812','Unit Test 2',16),(53804,'030','Annual Exam',54),(53804,'030','Half Yearly Exam',32),(53804,'030','Unit Test 1',12),(53804,'030','Unit Test 2',13),(53804,'054','Annual Exam',50),(53804,'054','Half Yearly Exam',45),(53804,'054','Unit Test 1',14),(53804,'054','Unit Test 2',11),(53804,'055','Annual Exam',55),(53804,'055','Half Yearly Exam',32),(53804,'055','Unit Test 1',14),(53804,'055','Unit Test 2',11),(53804,'301','Annual Exam',52),(53804,'301','Half Yearly Exam',36),(53804,'301','Unit Test 1',12),(53804,'301','Unit Test 2',11),(53804,'812','Annual Exam',32),(53804,'812','Half Yearly Exam',40),(53804,'812','Unit Test 1',11),(53804,'812','Unit Test 2',13),(53865,'030','Annual Exam',16),(53865,'030','Half Yearly Exam',24),(53865,'030','Unit Test 1',3),(53865,'030','Unit Test 2',9),(53865,'054','Annual Exam',12),(53865,'054','Half Yearly Exam',28),(53865,'054','Unit Test 1',3),(53865,'054','Unit Test 2',4),(53865,'055','Annual Exam',30),(53865,'055','Half Yearly Exam',17),(53865,'055','Unit Test 1',6),(53865,'055','Unit Test 2',3),(53865,'301','Annual Exam',14),(53865,'301','Half Yearly Exam',29),(53865,'301','Unit Test 1',7),(53865,'301','Unit Test 2',5),(53865,'303','Annual Exam',17),(53865,'303','Half Yearly Exam',28),(53865,'303','Unit Test 1',3),(53865,'303','Unit Test 2',6),(53896,'041','Annual Exam',48),(53896,'041','Half Yearly Exam',46),(53896,'041','Unit Test 1',11),(53896,'041','Unit Test 2',16),(53896,'042','Annual Exam',32),(53896,'042','Half Yearly Exam',51),(53896,'042','Unit Test 1',13),(53896,'042','Unit Test 2',14),(53896,'043','Annual Exam',43),(53896,'043','Half Yearly Exam',36),(53896,'043','Unit Test 1',10),(53896,'043','Unit Test 2',15),(53896,'044','Annual Exam',52),(53896,'044','Half Yearly Exam',47),(53896,'044','Unit Test 1',10),(53896,'044','Unit Test 2',13),(53896,'301','Annual Exam',36),(53896,'301','Half Yearly Exam',37),(53896,'301','Unit Test 1',14),(53896,'301','Unit Test 2',11),(53999,'030','Annual Exam',57),(53999,'030','Half Yearly Exam',68),(53999,'030','Unit Test 1',22),(53999,'030','Unit Test 2',19),(53999,'054','Annual Exam',67),(53999,'054','Half Yearly Exam',57),(53999,'054','Unit Test 1',22),(53999,'054','Unit Test 2',22),(53999,'055','Annual Exam',62),(53999,'055','Half Yearly Exam',57),(53999,'055','Unit Test 1',20),(53999,'055','Unit Test 2',23),(53999,'301','Annual Exam',75),(53999,'301','Half Yearly Exam',60),(53999,'301','Unit Test 1',23),(53999,'301','Unit Test 2',22),(53999,'812','Annual Exam',63),(53999,'812','Half Yearly Exam',62),(53999,'812','Unit Test 1',18),(53999,'812','Unit Test 2',19),(54004,'041','Annual Exam',43),(54004,'041','Half Yearly Exam',52),(54004,'041','Unit Test 1',10),(54004,'041','Unit Test 2',14),(54004,'042','Annual Exam',43),(54004,'042','Half Yearly Exam',51),(54004,'042','Unit Test 1',13),(54004,'042','Unit Test 2',14),(54004,'043','Annual Exam',39),(54004,'043','Half Yearly Exam',43),(54004,'043','Unit Test 1',12),(54004,'043','Unit Test 2',10),(54004,'116','Annual Exam',50),(54004,'116','Half Yearly Exam',42),(54004,'116','Unit Test 1',11),(54004,'116','Unit Test 2',12),(54004,'301','Annual Exam',48),(54004,'301','Half Yearly Exam',50),(54004,'301','Unit Test 1',14),(54004,'301','Unit Test 2',10),(54010,'042','Annual Exam',34),(54010,'042','Half Yearly Exam',46),(54010,'042','Unit Test 1',10),(54010,'042','Unit Test 2',11),(54010,'043','Annual Exam',48),(54010,'043','Half Yearly Exam',34),(54010,'043','Unit Test 1',13),(54010,'043','Unit Test 2',10),(54010,'044','Annual Exam',40),(54010,'044','Half Yearly Exam',44),(54010,'044','Unit Test 1',15),(54010,'044','Unit Test 2',12),(54010,'301','Annual Exam',41),(54010,'301','Half Yearly Exam',40),(54010,'301','Unit Test 1',16),(54010,'301','Unit Test 2',10),(54010,'303','Annual Exam',48),(54010,'303','Half Yearly Exam',35),(54010,'303','Unit Test 1',12),(54010,'303','Unit Test 2',11),(54188,'042','Annual Exam',45),(54188,'042','Half Yearly Exam',40),(54188,'042','Unit Test 1',10),(54188,'042','Unit Test 2',10),(54188,'043','Annual Exam',47),(54188,'043','Half Yearly Exam',54),(54188,'043','Unit Test 1',14),(54188,'043','Unit Test 2',13),(54188,'044','Annual Exam',46),(54188,'044','Half Yearly Exam',46),(54188,'044','Unit Test 1',17),(54188,'044','Unit Test 2',10),(54188,'048','Annual Exam',44),(54188,'048','Half Yearly Exam',42),(54188,'048','Unit Test 1',14),(54188,'048','Unit Test 2',11),(54188,'301','Annual Exam',44),(54188,'301','Half Yearly Exam',41),(54188,'301','Unit Test 1',15),(54188,'301','Unit Test 2',16),(54220,'041','Annual Exam',40),(54220,'041','Half Yearly Exam',40),(54220,'041','Unit Test 1',16),(54220,'041','Unit Test 2',12),(54220,'042','Annual Exam',40),(54220,'042','Half Yearly Exam',34),(54220,'042','Unit Test 1',15),(54220,'042','Unit Test 2',10),(54220,'043','Annual Exam',44),(54220,'043','Half Yearly Exam',53),(54220,'043','Unit Test 1',13),(54220,'043','Unit Test 2',16),(54220,'048','Annual Exam',48),(54220,'048','Half Yearly Exam',49),(54220,'048','Unit Test 1',13),(54220,'048','Unit Test 2',14),(54220,'301','Annual Exam',54),(54220,'301','Half Yearly Exam',54),(54220,'301','Unit Test 1',10),(54220,'301','Unit Test 2',15),(54347,'048','Annual Exam',50),(54347,'048','Half Yearly Exam',48),(54347,'048','Unit Test 1',15),(54347,'048','Unit Test 2',14),(54347,'054','Annual Exam',50),(54347,'054','Half Yearly Exam',36),(54347,'054','Unit Test 1',16),(54347,'054','Unit Test 2',11),(54347,'065','Annual Exam',40),(54347,'065','Half Yearly Exam',48),(54347,'065','Unit Test 1',16),(54347,'065','Unit Test 2',15),(54347,'301','Annual Exam',51),(54347,'301','Half Yearly Exam',53),(54347,'301','Unit Test 1',15),(54347,'301','Unit Test 2',15),(54347,'812','Annual Exam',32),(54347,'812','Half Yearly Exam',42),(54347,'812','Unit Test 1',14),(54347,'812','Unit Test 2',11),(54374,'041','Annual Exam',49),(54374,'041','Half Yearly Exam',39),(54374,'041','Unit Test 1',10),(54374,'041','Unit Test 2',14),(54374,'042','Annual Exam',43),(54374,'042','Half Yearly Exam',35),(54374,'042','Unit Test 1',14),(54374,'042','Unit Test 2',14),(54374,'043','Annual Exam',47),(54374,'043','Half Yearly Exam',48),(54374,'043','Unit Test 1',11),(54374,'043','Unit Test 2',12),(54374,'116','Annual Exam',42),(54374,'116','Half Yearly Exam',48),(54374,'116','Unit Test 1',11),(54374,'116','Unit Test 2',12),(54374,'301','Annual Exam',44),(54374,'301','Half Yearly Exam',34),(54374,'301','Unit Test 1',13),(54374,'301','Unit Test 2',14),(54501,'048','Annual Exam',36),(54501,'048','Half Yearly Exam',48),(54501,'048','Unit Test 1',14),(54501,'048','Unit Test 2',14),(54501,'054','Annual Exam',48),(54501,'054','Half Yearly Exam',35),(54501,'054','Unit Test 1',17),(54501,'054','Unit Test 2',17),(54501,'065','Annual Exam',45),(54501,'065','Half Yearly Exam',40),(54501,'065','Unit Test 1',17),(54501,'065','Unit Test 2',16),(54501,'301','Annual Exam',53),(54501,'301','Half Yearly Exam',47),(54501,'301','Unit Test 1',15),(54501,'301','Unit Test 2',16),(54501,'812','Annual Exam',42),(54501,'812','Half Yearly Exam',40),(54501,'812','Unit Test 1',13),(54501,'812','Unit Test 2',13),(54611,'030','Annual Exam',38),(54611,'030','Half Yearly Exam',33),(54611,'030','Unit Test 1',12),(54611,'030','Unit Test 2',16),(54611,'041','Annual Exam',46),(54611,'041','Half Yearly Exam',54),(54611,'041','Unit Test 1',14),(54611,'041','Unit Test 2',10),(54611,'054','Annual Exam',50),(54611,'054','Half Yearly Exam',42),(54611,'054','Unit Test 1',12),(54611,'054','Unit Test 2',15),(54611,'055','Annual Exam',36),(54611,'055','Half Yearly Exam',52),(54611,'055','Unit Test 1',13),(54611,'055','Unit Test 2',13),(54611,'301','Annual Exam',37),(54611,'301','Half Yearly Exam',48),(54611,'301','Unit Test 1',15),(54611,'301','Unit Test 2',12),(54669,'042','Annual Exam',48),(54669,'042','Half Yearly Exam',50),(54669,'042','Unit Test 1',11),(54669,'042','Unit Test 2',12),(54669,'043','Annual Exam',55),(54669,'043','Half Yearly Exam',46),(54669,'043','Unit Test 1',16),(54669,'043','Unit Test 2',14),(54669,'044','Annual Exam',47),(54669,'044','Half Yearly Exam',51),(54669,'044','Unit Test 1',11),(54669,'044','Unit Test 2',13),(54669,'301','Annual Exam',33),(54669,'301','Half Yearly Exam',43),(54669,'301','Unit Test 1',15),(54669,'301','Unit Test 2',17),(54669,'303','Annual Exam',54),(54669,'303','Half Yearly Exam',37),(54669,'303','Unit Test 1',12),(54669,'303','Unit Test 2',14),(54687,'030','Annual Exam',45),(54687,'030','Half Yearly Exam',32),(54687,'030','Unit Test 1',11),(54687,'030','Unit Test 2',13),(54687,'048','Annual Exam',37),(54687,'048','Half Yearly Exam',40),(54687,'048','Unit Test 1',15),(54687,'048','Unit Test 2',14),(54687,'054','Annual Exam',44),(54687,'054','Half Yearly Exam',45),(54687,'054','Unit Test 1',12),(54687,'054','Unit Test 2',11),(54687,'055','Annual Exam',42),(54687,'055','Half Yearly Exam',43),(54687,'055','Unit Test 1',11),(54687,'055','Unit Test 2',17),(54687,'301','Annual Exam',55),(54687,'301','Half Yearly Exam',44),(54687,'301','Unit Test 1',17),(54687,'301','Unit Test 2',11),(54737,'054','Annual Exam',41),(54737,'054','Half Yearly Exam',36),(54737,'054','Unit Test 1',10),(54737,'054','Unit Test 2',17),(54737,'065','Annual Exam',47),(54737,'065','Half Yearly Exam',36),(54737,'065','Unit Test 1',13),(54737,'065','Unit Test 2',16),(54737,'301','Annual Exam',33),(54737,'301','Half Yearly Exam',47),(54737,'301','Unit Test 1',11),(54737,'301','Unit Test 2',14),(54737,'303','Annual Exam',52),(54737,'303','Half Yearly Exam',52),(54737,'303','Unit Test 1',12),(54737,'303','Unit Test 2',12),(54737,'812','Annual Exam',46),(54737,'812','Half Yearly Exam',33),(54737,'812','Unit Test 1',12),(54737,'812','Unit Test 2',15),(54809,'054','Annual Exam',64),(54809,'054','Half Yearly Exam',58),(54809,'054','Unit Test 1',23),(54809,'054','Unit Test 2',17),(54809,'065','Annual Exam',68),(54809,'065','Half Yearly Exam',58),(54809,'065','Unit Test 1',22),(54809,'065','Unit Test 2',18),(54809,'301','Annual Exam',65),(54809,'301','Half Yearly Exam',56),(54809,'301','Unit Test 1',23),(54809,'301','Unit Test 2',23),(54809,'303','Annual Exam',68),(54809,'303','Half Yearly Exam',68),(54809,'303','Unit Test 1',19),(54809,'303','Unit Test 2',18),(54809,'812','Annual Exam',64),(54809,'812','Half Yearly Exam',73),(54809,'812','Unit Test 1',22),(54809,'812','Unit Test 2',18),(54841,'054','Annual Exam',43),(54841,'054','Half Yearly Exam',41),(54841,'054','Unit Test 1',15),(54841,'054','Unit Test 2',11),(54841,'065','Annual Exam',38),(54841,'065','Half Yearly Exam',36),(54841,'065','Unit Test 1',11),(54841,'065','Unit Test 2',14),(54841,'301','Annual Exam',36),(54841,'301','Half Yearly Exam',41),(54841,'301','Unit Test 1',16),(54841,'301','Unit Test 2',16),(54841,'303','Annual Exam',43),(54841,'303','Half Yearly Exam',44),(54841,'303','Unit Test 1',10),(54841,'303','Unit Test 2',10),(54841,'812','Annual Exam',40),(54841,'812','Half Yearly Exam',39),(54841,'812','Unit Test 1',13),(54841,'812','Unit Test 2',13),(54880,'030','Annual Exam',58),(54880,'030','Half Yearly Exam',59),(54880,'030','Unit Test 1',22),(54880,'030','Unit Test 2',22),(54880,'054','Annual Exam',63),(54880,'054','Half Yearly Exam',71),(54880,'054','Unit Test 1',22),(54880,'054','Unit Test 2',18),(54880,'055','Annual Exam',69),(54880,'055','Half Yearly Exam',65),(54880,'055','Unit Test 1',20),(54880,'055','Unit Test 2',19),(54880,'065','Annual Exam',60),(54880,'065','Half Yearly Exam',73),(54880,'065','Unit Test 1',20),(54880,'065','Unit Test 2',19),(54880,'301','Annual Exam',60),(54880,'301','Half Yearly Exam',56),(54880,'301','Unit Test 1',22),(54880,'301','Unit Test 2',18),(54895,'030','Annual Exam',62),(54895,'030','Half Yearly Exam',61),(54895,'030','Unit Test 1',21),(54895,'030','Unit Test 2',18),(54895,'054','Annual Exam',67),(54895,'054','Half Yearly Exam',72),(54895,'054','Unit Test 1',17),(54895,'054','Unit Test 2',19),(54895,'055','Annual Exam',70),(54895,'055','Half Yearly Exam',68),(54895,'055','Unit Test 1',18),(54895,'055','Unit Test 2',18),(54895,'065','Annual Exam',57),(54895,'065','Half Yearly Exam',72),(54895,'065','Unit Test 1',19),(54895,'065','Unit Test 2',20),(54895,'301','Annual Exam',65),(54895,'301','Half Yearly Exam',70),(54895,'301','Unit Test 1',22),(54895,'301','Unit Test 2',22),(54940,'054','Annual Exam',8),(54940,'054','Half Yearly Exam',17),(54940,'054','Unit Test 1',7),(54940,'054','Unit Test 2',5),(54940,'065','Annual Exam',24),(54940,'065','Half Yearly Exam',25),(54940,'065','Unit Test 1',3),(54940,'065','Unit Test 2',6),(54940,'301','Annual Exam',30),(54940,'301','Half Yearly Exam',22),(54940,'301','Unit Test 1',2),(54940,'301','Unit Test 2',8),(54940,'303','Annual Exam',12),(54940,'303','Half Yearly Exam',29),(54940,'303','Unit Test 1',8),(54940,'303','Unit Test 2',3),(54940,'812','Annual Exam',20),(54940,'812','Half Yearly Exam',19),(54940,'812','Unit Test 1',3),(54940,'812','Unit Test 2',9),(55057,'030','Annual Exam',69),(55057,'030','Half Yearly Exam',64),(55057,'030','Unit Test 1',21),(55057,'030','Unit Test 2',19),(55057,'048','Annual Exam',63),(55057,'048','Half Yearly Exam',58),(55057,'048','Unit Test 1',18),(55057,'048','Unit Test 2',21),(55057,'054','Annual Exam',57),(55057,'054','Half Yearly Exam',64),(55057,'054','Unit Test 1',19),(55057,'054','Unit Test 2',23),(55057,'055','Annual Exam',70),(55057,'055','Half Yearly Exam',71),(55057,'055','Unit Test 1',19),(55057,'055','Unit Test 2',21),(55057,'301','Annual Exam',63),(55057,'301','Half Yearly Exam',61),(55057,'301','Unit Test 1',21),(55057,'301','Unit Test 2',20),(55090,'048','Annual Exam',43),(55090,'048','Half Yearly Exam',52),(55090,'048','Unit Test 1',13),(55090,'048','Unit Test 2',10),(55090,'054','Annual Exam',52),(55090,'054','Half Yearly Exam',55),(55090,'054','Unit Test 1',10),(55090,'054','Unit Test 2',15),(55090,'065','Annual Exam',51),(55090,'065','Half Yearly Exam',40),(55090,'065','Unit Test 1',11),(55090,'065','Unit Test 2',16),(55090,'301','Annual Exam',36),(55090,'301','Half Yearly Exam',41),(55090,'301','Unit Test 1',11),(55090,'301','Unit Test 2',15),(55090,'812','Annual Exam',40),(55090,'812','Half Yearly Exam',33),(55090,'812','Unit Test 1',17),(55090,'812','Unit Test 2',16),(55098,'054','Annual Exam',36),(55098,'054','Half Yearly Exam',42),(55098,'054','Unit Test 1',16),(55098,'054','Unit Test 2',13),(55098,'065','Annual Exam',37),(55098,'065','Half Yearly Exam',35),(55098,'065','Unit Test 1',15),(55098,'065','Unit Test 2',11),(55098,'116','Annual Exam',50),(55098,'116','Half Yearly Exam',54),(55098,'116','Unit Test 1',16),(55098,'116','Unit Test 2',15),(55098,'301','Annual Exam',42),(55098,'301','Half Yearly Exam',44),(55098,'301','Unit Test 1',17),(55098,'301','Unit Test 2',16),(55098,'812','Annual Exam',32),(55098,'812','Half Yearly Exam',46),(55098,'812','Unit Test 1',14),(55098,'812','Unit Test 2',14),(55155,'041','Annual Exam',12),(55155,'041','Half Yearly Exam',24),(55155,'041','Unit Test 1',9),(55155,'041','Unit Test 2',5),(55155,'042','Annual Exam',22),(55155,'042','Half Yearly Exam',20),(55155,'042','Unit Test 1',6),(55155,'042','Unit Test 2',8),(55155,'043','Annual Exam',8),(55155,'043','Half Yearly Exam',10),(55155,'043','Unit Test 1',8),(55155,'043','Unit Test 2',8),(55155,'301','Annual Exam',17),(55155,'301','Half Yearly Exam',8),(55155,'301','Unit Test 1',9),(55155,'301','Unit Test 2',3),(55155,'303','Annual Exam',13),(55155,'303','Half Yearly Exam',24),(55155,'303','Unit Test 1',8),(55155,'303','Unit Test 2',5),(55191,'054','Annual Exam',71),(55191,'054','Half Yearly Exam',64),(55191,'054','Unit Test 1',21),(55191,'054','Unit Test 2',19),(55191,'065','Annual Exam',58),(55191,'065','Half Yearly Exam',58),(55191,'065','Unit Test 1',18),(55191,'065','Unit Test 2',21),(55191,'116','Annual Exam',75),(55191,'116','Half Yearly Exam',63),(55191,'116','Unit Test 1',19),(55191,'116','Unit Test 2',20),(55191,'301','Annual Exam',70),(55191,'301','Half Yearly Exam',75),(55191,'301','Unit Test 1',21),(55191,'301','Unit Test 2',22),(55191,'812','Annual Exam',75),(55191,'812','Half Yearly Exam',61),(55191,'812','Unit Test 1',21),(55191,'812','Unit Test 2',20),(55341,'054','Annual Exam',51),(55341,'054','Half Yearly Exam',38),(55341,'054','Unit Test 1',12),(55341,'054','Unit Test 2',10),(55341,'065','Annual Exam',40),(55341,'065','Half Yearly Exam',42),(55341,'065','Unit Test 1',14),(55341,'065','Unit Test 2',10),(55341,'116','Annual Exam',40),(55341,'116','Half Yearly Exam',46),(55341,'116','Unit Test 1',16),(55341,'116','Unit Test 2',15),(55341,'301','Annual Exam',52),(55341,'301','Half Yearly Exam',38),(55341,'301','Unit Test 1',12),(55341,'301','Unit Test 2',15),(55341,'812','Annual Exam',54),(55341,'812','Half Yearly Exam',44),(55341,'812','Unit Test 1',16),(55341,'812','Unit Test 2',17),(55397,'041','Annual Exam',34),(55397,'041','Half Yearly Exam',34),(55397,'041','Unit Test 1',12),(55397,'041','Unit Test 2',17),(55397,'042','Annual Exam',52),(55397,'042','Half Yearly Exam',32),(55397,'042','Unit Test 1',14),(55397,'042','Unit Test 2',10),(55397,'043','Annual Exam',38),(55397,'043','Half Yearly Exam',44),(55397,'043','Unit Test 1',15),(55397,'043','Unit Test 2',15),(55397,'048','Annual Exam',44),(55397,'048','Half Yearly Exam',35),(55397,'048','Unit Test 1',17),(55397,'048','Unit Test 2',14),(55397,'301','Annual Exam',50),(55397,'301','Half Yearly Exam',42),(55397,'301','Unit Test 1',17),(55397,'301','Unit Test 2',10),(55407,'048','Annual Exam',54),(55407,'048','Half Yearly Exam',38),(55407,'048','Unit Test 1',15),(55407,'048','Unit Test 2',12),(55407,'054','Annual Exam',36),(55407,'054','Half Yearly Exam',40),(55407,'054','Unit Test 1',17),(55407,'054','Unit Test 2',10),(55407,'065','Annual Exam',48),(55407,'065','Half Yearly Exam',42),(55407,'065','Unit Test 1',15),(55407,'065','Unit Test 2',17),(55407,'301','Annual Exam',44),(55407,'301','Half Yearly Exam',54),(55407,'301','Unit Test 1',13),(55407,'301','Unit Test 2',16),(55407,'812','Annual Exam',37),(55407,'812','Half Yearly Exam',50),(55407,'812','Unit Test 1',13),(55407,'812','Unit Test 2',11),(55471,'042','Annual Exam',48),(55471,'042','Half Yearly Exam',53),(55471,'042','Unit Test 1',15),(55471,'042','Unit Test 2',10),(55471,'043','Annual Exam',32),(55471,'043','Half Yearly Exam',40),(55471,'043','Unit Test 1',10),(55471,'043','Unit Test 2',12),(55471,'044','Annual Exam',32),(55471,'044','Half Yearly Exam',44),(55471,'044','Unit Test 1',11),(55471,'044','Unit Test 2',10),(55471,'116','Annual Exam',37),(55471,'116','Half Yearly Exam',53),(55471,'116','Unit Test 1',15),(55471,'116','Unit Test 2',10),(55471,'301','Annual Exam',40),(55471,'301','Half Yearly Exam',38),(55471,'301','Unit Test 1',13),(55471,'301','Unit Test 2',17),(55533,'042','Annual Exam',43),(55533,'042','Half Yearly Exam',32),(55533,'042','Unit Test 1',10),(55533,'042','Unit Test 2',14),(55533,'043','Annual Exam',48),(55533,'043','Half Yearly Exam',43),(55533,'043','Unit Test 1',10),(55533,'043','Unit Test 2',16),(55533,'044','Annual Exam',38),(55533,'044','Half Yearly Exam',48),(55533,'044','Unit Test 1',15),(55533,'044','Unit Test 2',13),(55533,'301','Annual Exam',44),(55533,'301','Half Yearly Exam',49),(55533,'301','Unit Test 1',10),(55533,'301','Unit Test 2',16),(55533,'303','Annual Exam',42),(55533,'303','Half Yearly Exam',38),(55533,'303','Unit Test 1',16),(55533,'303','Unit Test 2',16),(55624,'054','Annual Exam',25),(55624,'054','Half Yearly Exam',17),(55624,'054','Unit Test 1',7),(55624,'054','Unit Test 2',9),(55624,'065','Annual Exam',25),(55624,'065','Half Yearly Exam',31),(55624,'065','Unit Test 1',3),(55624,'065','Unit Test 2',4),(55624,'116','Annual Exam',15),(55624,'116','Half Yearly Exam',15),(55624,'116','Unit Test 1',5),(55624,'116','Unit Test 2',2),(55624,'301','Annual Exam',14),(55624,'301','Half Yearly Exam',29),(55624,'301','Unit Test 1',7),(55624,'301','Unit Test 2',9),(55624,'812','Annual Exam',14),(55624,'812','Half Yearly Exam',17),(55624,'812','Unit Test 1',9),(55624,'812','Unit Test 2',8),(55636,'041','Annual Exam',60),(55636,'041','Half Yearly Exam',72),(55636,'041','Unit Test 1',22),(55636,'041','Unit Test 2',22),(55636,'042','Annual Exam',75),(55636,'042','Half Yearly Exam',61),(55636,'042','Unit Test 1',20),(55636,'042','Unit Test 2',21),(55636,'043','Annual Exam',64),(55636,'043','Half Yearly Exam',61),(55636,'043','Unit Test 1',22),(55636,'043','Unit Test 2',22),(55636,'116','Annual Exam',69),(55636,'116','Half Yearly Exam',63),(55636,'116','Unit Test 1',20),(55636,'116','Unit Test 2',20),(55636,'301','Annual Exam',75),(55636,'301','Half Yearly Exam',64),(55636,'301','Unit Test 1',19),(55636,'301','Unit Test 2',19),(55652,'054','Annual Exam',36),(55652,'054','Half Yearly Exam',42),(55652,'054','Unit Test 1',14),(55652,'054','Unit Test 2',15),(55652,'065','Annual Exam',32),(55652,'065','Half Yearly Exam',46),(55652,'065','Unit Test 1',11),(55652,'065','Unit Test 2',14),(55652,'116','Annual Exam',53),(55652,'116','Half Yearly Exam',36),(55652,'116','Unit Test 1',13),(55652,'116','Unit Test 2',16),(55652,'301','Annual Exam',52),(55652,'301','Half Yearly Exam',39),(55652,'301','Unit Test 1',16),(55652,'301','Unit Test 2',16),(55652,'812','Annual Exam',42),(55652,'812','Half Yearly Exam',36),(55652,'812','Unit Test 1',15),(55652,'812','Unit Test 2',11),(55693,'041','Annual Exam',8),(55693,'041','Half Yearly Exam',10),(55693,'041','Unit Test 1',4),(55693,'041','Unit Test 2',4),(55693,'042','Annual Exam',29),(55693,'042','Half Yearly Exam',30),(55693,'042','Unit Test 1',5),(55693,'042','Unit Test 2',5),(55693,'043','Annual Exam',25),(55693,'043','Half Yearly Exam',20),(55693,'043','Unit Test 1',4),(55693,'043','Unit Test 2',3),(55693,'301','Annual Exam',8),(55693,'301','Half Yearly Exam',22),(55693,'301','Unit Test 1',5),(55693,'301','Unit Test 2',5),(55693,'303','Annual Exam',17),(55693,'303','Half Yearly Exam',12),(55693,'303','Unit Test 1',4),(55693,'303','Unit Test 2',8),(55844,'041','Annual Exam',41),(55844,'041','Half Yearly Exam',50),(55844,'041','Unit Test 1',14),(55844,'041','Unit Test 2',16),(55844,'042','Annual Exam',47),(55844,'042','Half Yearly Exam',48),(55844,'042','Unit Test 1',13),(55844,'042','Unit Test 2',12),(55844,'043','Annual Exam',55),(55844,'043','Half Yearly Exam',38),(55844,'043','Unit Test 1',10),(55844,'043','Unit Test 2',12),(55844,'116','Annual Exam',42),(55844,'116','Half Yearly Exam',32),(55844,'116','Unit Test 1',14),(55844,'116','Unit Test 2',16),(55844,'301','Annual Exam',45),(55844,'301','Half Yearly Exam',46),(55844,'301','Unit Test 1',15),(55844,'301','Unit Test 2',17),(55983,'054','Annual Exam',59),(55983,'054','Half Yearly Exam',70),(55983,'054','Unit Test 1',21),(55983,'054','Unit Test 2',18),(55983,'065','Annual Exam',57),(55983,'065','Half Yearly Exam',64),(55983,'065','Unit Test 1',22),(55983,'065','Unit Test 2',22),(55983,'116','Annual Exam',64),(55983,'116','Half Yearly Exam',66),(55983,'116','Unit Test 1',22),(55983,'116','Unit Test 2',23),(55983,'301','Annual Exam',73),(55983,'301','Half Yearly Exam',71),(55983,'301','Unit Test 1',17),(55983,'301','Unit Test 2',22),(55983,'812','Annual Exam',59),(55983,'812','Half Yearly Exam',71),(55983,'812','Unit Test 1',20),(55983,'812','Unit Test 2',18),(55984,'030','Annual Exam',50),(55984,'030','Half Yearly Exam',45),(55984,'030','Unit Test 1',15),(55984,'030','Unit Test 2',10),(55984,'054','Annual Exam',32),(55984,'054','Half Yearly Exam',32),(55984,'054','Unit Test 1',10),(55984,'054','Unit Test 2',17),(55984,'055','Annual Exam',51),(55984,'055','Half Yearly Exam',36),(55984,'055','Unit Test 1',16),(55984,'055','Unit Test 2',16),(55984,'116','Annual Exam',32),(55984,'116','Half Yearly Exam',33),(55984,'116','Unit Test 1',13),(55984,'116','Unit Test 2',14),(55984,'301','Annual Exam',37),(55984,'301','Half Yearly Exam',52),(55984,'301','Unit Test 1',11),(55984,'301','Unit Test 2',14),(55999,'042','Annual Exam',46),(55999,'042','Half Yearly Exam',46),(55999,'042','Unit Test 1',13),(55999,'042','Unit Test 2',16),(55999,'043','Annual Exam',45),(55999,'043','Half Yearly Exam',38),(55999,'043','Unit Test 1',13),(55999,'043','Unit Test 2',10),(55999,'044','Annual Exam',52),(55999,'044','Half Yearly Exam',51),(55999,'044','Unit Test 1',10),(55999,'044','Unit Test 2',16),(55999,'301','Annual Exam',47),(55999,'301','Half Yearly Exam',35),(55999,'301','Unit Test 1',14),(55999,'301','Unit Test 2',17),(55999,'303','Annual Exam',44),(55999,'303','Half Yearly Exam',33),(55999,'303','Unit Test 1',10),(55999,'303','Unit Test 2',11),(56064,'042','Annual Exam',57),(56064,'042','Half Yearly Exam',75),(56064,'042','Unit Test 1',17),(56064,'042','Unit Test 2',17),(56064,'043','Annual Exam',57),(56064,'043','Half Yearly Exam',62),(56064,'043','Unit Test 1',23),(56064,'043','Unit Test 2',18),(56064,'044','Annual Exam',63),(56064,'044','Half Yearly Exam',56),(56064,'044','Unit Test 1',23),(56064,'044','Unit Test 2',21),(56064,'083','Annual Exam',61),(56064,'083','Half Yearly Exam',66),(56064,'083','Unit Test 1',20),(56064,'083','Unit Test 2',18),(56064,'301','Annual Exam',60),(56064,'301','Half Yearly Exam',60),(56064,'301','Unit Test 1',20),(56064,'301','Unit Test 2',18),(56069,'030','Annual Exam',52),(56069,'030','Half Yearly Exam',51),(56069,'030','Unit Test 1',11),(56069,'030','Unit Test 2',15),(56069,'041','Annual Exam',46),(56069,'041','Half Yearly Exam',36),(56069,'041','Unit Test 1',16),(56069,'041','Unit Test 2',14),(56069,'054','Annual Exam',51),(56069,'054','Half Yearly Exam',40),(56069,'054','Unit Test 1',16),(56069,'054','Unit Test 2',13),(56069,'055','Annual Exam',34),(56069,'055','Half Yearly Exam',55),(56069,'055','Unit Test 1',13),(56069,'055','Unit Test 2',14),(56069,'301','Annual Exam',50),(56069,'301','Half Yearly Exam',40),(56069,'301','Unit Test 1',12),(56069,'301','Unit Test 2',12),(56128,'041','Annual Exam',27),(56128,'041','Half Yearly Exam',12),(56128,'041','Unit Test 1',8),(56128,'041','Unit Test 2',4),(56128,'042','Annual Exam',8),(56128,'042','Half Yearly Exam',14),(56128,'042','Unit Test 1',2),(56128,'042','Unit Test 2',6),(56128,'043','Annual Exam',21),(56128,'043','Half Yearly Exam',23),(56128,'043','Unit Test 1',4),(56128,'043','Unit Test 2',4),(56128,'048','Annual Exam',21),(56128,'048','Half Yearly Exam',16),(56128,'048','Unit Test 1',2),(56128,'048','Unit Test 2',3),(56128,'301','Annual Exam',8),(56128,'301','Half Yearly Exam',12),(56128,'301','Unit Test 1',2),(56128,'301','Unit Test 2',6),(56148,'042','Annual Exam',54),(56148,'042','Half Yearly Exam',40),(56148,'042','Unit Test 1',16),(56148,'042','Unit Test 2',15),(56148,'043','Annual Exam',49),(56148,'043','Half Yearly Exam',38),(56148,'043','Unit Test 1',16),(56148,'043','Unit Test 2',14),(56148,'044','Annual Exam',36),(56148,'044','Half Yearly Exam',40),(56148,'044','Unit Test 1',13),(56148,'044','Unit Test 2',12),(56148,'048','Annual Exam',32),(56148,'048','Half Yearly Exam',40),(56148,'048','Unit Test 1',14),(56148,'048','Unit Test 2',11),(56148,'301','Annual Exam',53),(56148,'301','Half Yearly Exam',51),(56148,'301','Unit Test 1',15),(56148,'301','Unit Test 2',14),(56243,'048','Annual Exam',54),(56243,'048','Half Yearly Exam',34),(56243,'048','Unit Test 1',15),(56243,'048','Unit Test 2',14),(56243,'054','Annual Exam',39),(56243,'054','Half Yearly Exam',38),(56243,'054','Unit Test 1',16),(56243,'054','Unit Test 2',13),(56243,'065','Annual Exam',46),(56243,'065','Half Yearly Exam',52),(56243,'065','Unit Test 1',13),(56243,'065','Unit Test 2',11),(56243,'301','Annual Exam',43),(56243,'301','Half Yearly Exam',46),(56243,'301','Unit Test 1',12),(56243,'301','Unit Test 2',14),(56243,'812','Annual Exam',42),(56243,'812','Half Yearly Exam',32),(56243,'812','Unit Test 1',16),(56243,'812','Unit Test 2',15),(56246,'042','Annual Exam',8),(56246,'042','Half Yearly Exam',30),(56246,'042','Unit Test 1',8),(56246,'042','Unit Test 2',9),(56246,'043','Annual Exam',30),(56246,'043','Half Yearly Exam',20),(56246,'043','Unit Test 1',6),(56246,'043','Unit Test 2',5),(56246,'044','Annual Exam',14),(56246,'044','Half Yearly Exam',27),(56246,'044','Unit Test 1',8),(56246,'044','Unit Test 2',6),(56246,'116','Annual Exam',8),(56246,'116','Half Yearly Exam',20),(56246,'116','Unit Test 1',9),(56246,'116','Unit Test 2',3),(56246,'301','Annual Exam',19),(56246,'301','Half Yearly Exam',29),(56246,'301','Unit Test 1',6),(56246,'301','Unit Test 2',5),(56264,'030','Annual Exam',71),(56264,'030','Half Yearly Exam',68),(56264,'030','Unit Test 1',21),(56264,'030','Unit Test 2',22),(56264,'048','Annual Exam',59),(56264,'048','Half Yearly Exam',60),(56264,'048','Unit Test 1',21),(56264,'048','Unit Test 2',22),(56264,'054','Annual Exam',70),(56264,'054','Half Yearly Exam',64),(56264,'054','Unit Test 1',21),(56264,'054','Unit Test 2',19),(56264,'055','Annual Exam',75),(56264,'055','Half Yearly Exam',58),(56264,'055','Unit Test 1',19),(56264,'055','Unit Test 2',20),(56264,'301','Annual Exam',62),(56264,'301','Half Yearly Exam',67),(56264,'301','Unit Test 1',22),(56264,'301','Unit Test 2',21),(56280,'048','Annual Exam',44),(56280,'048','Half Yearly Exam',48),(56280,'048','Unit Test 1',16),(56280,'048','Unit Test 2',12),(56280,'054','Annual Exam',49),(56280,'054','Half Yearly Exam',36),(56280,'054','Unit Test 1',14),(56280,'054','Unit Test 2',15),(56280,'065','Annual Exam',55),(56280,'065','Half Yearly Exam',35),(56280,'065','Unit Test 1',11),(56280,'065','Unit Test 2',11),(56280,'301','Annual Exam',40),(56280,'301','Half Yearly Exam',41),(56280,'301','Unit Test 1',12),(56280,'301','Unit Test 2',15),(56280,'812','Annual Exam',43),(56280,'812','Half Yearly Exam',35),(56280,'812','Unit Test 1',16),(56280,'812','Unit Test 2',10),(56296,'042','Annual Exam',50),(56296,'042','Half Yearly Exam',46),(56296,'042','Unit Test 1',14),(56296,'042','Unit Test 2',11),(56296,'043','Annual Exam',45),(56296,'043','Half Yearly Exam',51),(56296,'043','Unit Test 1',12),(56296,'043','Unit Test 2',12),(56296,'044','Annual Exam',51),(56296,'044','Half Yearly Exam',52),(56296,'044','Unit Test 1',11),(56296,'044','Unit Test 2',10),(56296,'048','Annual Exam',33),(56296,'048','Half Yearly Exam',33),(56296,'048','Unit Test 1',17),(56296,'048','Unit Test 2',16),(56296,'301','Annual Exam',36),(56296,'301','Half Yearly Exam',46),(56296,'301','Unit Test 1',10),(56296,'301','Unit Test 2',16),(56297,'054','Annual Exam',60),(56297,'054','Half Yearly Exam',60),(56297,'054','Unit Test 1',18),(56297,'054','Unit Test 2',17),(56297,'065','Annual Exam',63),(56297,'065','Half Yearly Exam',64),(56297,'065','Unit Test 1',21),(56297,'065','Unit Test 2',20),(56297,'116','Annual Exam',73),(56297,'116','Half Yearly Exam',61),(56297,'116','Unit Test 1',19),(56297,'116','Unit Test 2',23),(56297,'301','Annual Exam',72),(56297,'301','Half Yearly Exam',70),(56297,'301','Unit Test 1',20),(56297,'301','Unit Test 2',21),(56297,'812','Annual Exam',65),(56297,'812','Half Yearly Exam',68),(56297,'812','Unit Test 1',23),(56297,'812','Unit Test 2',20),(56334,'054','Annual Exam',10),(56334,'054','Half Yearly Exam',27),(56334,'054','Unit Test 1',4),(56334,'054','Unit Test 2',3),(56334,'065','Annual Exam',12),(56334,'065','Half Yearly Exam',31),(56334,'065','Unit Test 1',9),(56334,'065','Unit Test 2',4),(56334,'301','Annual Exam',23),(56334,'301','Half Yearly Exam',20),(56334,'301','Unit Test 1',5),(56334,'301','Unit Test 2',7),(56334,'303','Annual Exam',21),(56334,'303','Half Yearly Exam',22),(56334,'303','Unit Test 1',3),(56334,'303','Unit Test 2',3),(56334,'812','Annual Exam',27),(56334,'812','Half Yearly Exam',27),(56334,'812','Unit Test 1',6),(56334,'812','Unit Test 2',7),(56338,'041','Annual Exam',26),(56338,'041','Half Yearly Exam',18),(56338,'041','Unit Test 1',9),(56338,'041','Unit Test 2',6),(56338,'042','Annual Exam',20),(56338,'042','Half Yearly Exam',8),(56338,'042','Unit Test 1',9),(56338,'042','Unit Test 2',6),(56338,'043','Annual Exam',8),(56338,'043','Half Yearly Exam',30),(56338,'043','Unit Test 1',5),(56338,'043','Unit Test 2',3),(56338,'044','Annual Exam',21),(56338,'044','Half Yearly Exam',24),(56338,'044','Unit Test 1',8),(56338,'044','Unit Test 2',9),(56338,'301','Annual Exam',30),(56338,'301','Half Yearly Exam',16),(56338,'301','Unit Test 1',5),(56338,'301','Unit Test 2',4),(56347,'054','Annual Exam',35),(56347,'054','Half Yearly Exam',47),(56347,'054','Unit Test 1',14),(56347,'054','Unit Test 2',16),(56347,'065','Annual Exam',44),(56347,'065','Half Yearly Exam',55),(56347,'065','Unit Test 1',13),(56347,'065','Unit Test 2',12),(56347,'116','Annual Exam',50),(56347,'116','Half Yearly Exam',48),(56347,'116','Unit Test 1',15),(56347,'116','Unit Test 2',16),(56347,'301','Annual Exam',55),(56347,'301','Half Yearly Exam',48),(56347,'301','Unit Test 1',11),(56347,'301','Unit Test 2',13),(56347,'812','Annual Exam',51),(56347,'812','Half Yearly Exam',36),(56347,'812','Unit Test 1',17),(56347,'812','Unit Test 2',12),(56354,'042','Annual Exam',49),(56354,'042','Half Yearly Exam',53),(56354,'042','Unit Test 1',13),(56354,'042','Unit Test 2',11),(56354,'043','Annual Exam',35),(56354,'043','Half Yearly Exam',54),(56354,'043','Unit Test 1',13),(56354,'043','Unit Test 2',14),(56354,'044','Annual Exam',35),(56354,'044','Half Yearly Exam',32),(56354,'044','Unit Test 1',16),(56354,'044','Unit Test 2',11),(56354,'048','Annual Exam',48),(56354,'048','Half Yearly Exam',34),(56354,'048','Unit Test 1',15),(56354,'048','Unit Test 2',10),(56354,'301','Annual Exam',55),(56354,'301','Half Yearly Exam',32),(56354,'301','Unit Test 1',14),(56354,'301','Unit Test 2',11),(56414,'042','Annual Exam',50),(56414,'042','Half Yearly Exam',38),(56414,'042','Unit Test 1',12),(56414,'042','Unit Test 2',16),(56414,'043','Annual Exam',43),(56414,'043','Half Yearly Exam',38),(56414,'043','Unit Test 1',13),(56414,'043','Unit Test 2',13),(56414,'044','Annual Exam',42),(56414,'044','Half Yearly Exam',51),(56414,'044','Unit Test 1',16),(56414,'044','Unit Test 2',15),(56414,'083','Annual Exam',48),(56414,'083','Half Yearly Exam',39),(56414,'083','Unit Test 1',11),(56414,'083','Unit Test 2',14),(56414,'301','Annual Exam',32),(56414,'301','Half Yearly Exam',32),(56414,'301','Unit Test 1',14),(56414,'301','Unit Test 2',15),(56508,'030','Annual Exam',34),(56508,'030','Half Yearly Exam',41),(56508,'030','Unit Test 1',16),(56508,'030','Unit Test 2',14),(56508,'041','Annual Exam',34),(56508,'041','Half Yearly Exam',47),(56508,'041','Unit Test 1',16),(56508,'041','Unit Test 2',10),(56508,'054','Annual Exam',41),(56508,'054','Half Yearly Exam',48),(56508,'054','Unit Test 1',12),(56508,'054','Unit Test 2',13),(56508,'055','Annual Exam',46),(56508,'055','Half Yearly Exam',48),(56508,'055','Unit Test 1',16),(56508,'055','Unit Test 2',15),(56508,'301','Annual Exam',40),(56508,'301','Half Yearly Exam',32),(56508,'301','Unit Test 1',15),(56508,'301','Unit Test 2',16),(56541,'030','Annual Exam',36),(56541,'030','Half Yearly Exam',33),(56541,'030','Unit Test 1',10),(56541,'030','Unit Test 2',11),(56541,'054','Annual Exam',48),(56541,'054','Half Yearly Exam',46),(56541,'054','Unit Test 1',15),(56541,'054','Unit Test 2',15),(56541,'055','Annual Exam',47),(56541,'055','Half Yearly Exam',53),(56541,'055','Unit Test 1',14),(56541,'055','Unit Test 2',16),(56541,'116','Annual Exam',49),(56541,'116','Half Yearly Exam',43),(56541,'116','Unit Test 1',15),(56541,'116','Unit Test 2',10),(56541,'301','Annual Exam',36),(56541,'301','Half Yearly Exam',34),(56541,'301','Unit Test 1',16),(56541,'301','Unit Test 2',14),(56544,'041','Annual Exam',47),(56544,'041','Half Yearly Exam',52),(56544,'041','Unit Test 1',16),(56544,'041','Unit Test 2',13),(56544,'042','Annual Exam',44),(56544,'042','Half Yearly Exam',45),(56544,'042','Unit Test 1',12),(56544,'042','Unit Test 2',15),(56544,'043','Annual Exam',44),(56544,'043','Half Yearly Exam',33),(56544,'043','Unit Test 1',12),(56544,'043','Unit Test 2',10),(56544,'301','Annual Exam',39),(56544,'301','Half Yearly Exam',52),(56544,'301','Unit Test 1',13),(56544,'301','Unit Test 2',16),(56544,'303','Annual Exam',43),(56544,'303','Half Yearly Exam',51),(56544,'303','Unit Test 1',13),(56544,'303','Unit Test 2',14),(56622,'042','Annual Exam',44),(56622,'042','Half Yearly Exam',34),(56622,'042','Unit Test 1',12),(56622,'042','Unit Test 2',11),(56622,'043','Annual Exam',44),(56622,'043','Half Yearly Exam',45),(56622,'043','Unit Test 1',16),(56622,'043','Unit Test 2',11),(56622,'044','Annual Exam',36),(56622,'044','Half Yearly Exam',52),(56622,'044','Unit Test 1',10),(56622,'044','Unit Test 2',14),(56622,'083','Annual Exam',37),(56622,'083','Half Yearly Exam',41),(56622,'083','Unit Test 1',11),(56622,'083','Unit Test 2',14),(56622,'301','Annual Exam',52),(56622,'301','Half Yearly Exam',52),(56622,'301','Unit Test 1',16),(56622,'301','Unit Test 2',15),(56672,'041','Annual Exam',50),(56672,'041','Half Yearly Exam',36),(56672,'041','Unit Test 1',12),(56672,'041','Unit Test 2',16),(56672,'042','Annual Exam',35),(56672,'042','Half Yearly Exam',49),(56672,'042','Unit Test 1',12),(56672,'042','Unit Test 2',12),(56672,'043','Annual Exam',40),(56672,'043','Half Yearly Exam',47),(56672,'043','Unit Test 1',13),(56672,'043','Unit Test 2',14),(56672,'301','Annual Exam',40),(56672,'301','Half Yearly Exam',40),(56672,'301','Unit Test 1',13),(56672,'301','Unit Test 2',11),(56672,'303','Annual Exam',42),(56672,'303','Half Yearly Exam',55),(56672,'303','Unit Test 1',16),(56672,'303','Unit Test 2',17),(56736,'054','Annual Exam',39),(56736,'054','Half Yearly Exam',40),(56736,'054','Unit Test 1',15),(56736,'054','Unit Test 2',11),(56736,'065','Annual Exam',52),(56736,'065','Half Yearly Exam',40),(56736,'065','Unit Test 1',10),(56736,'065','Unit Test 2',15),(56736,'116','Annual Exam',34),(56736,'116','Half Yearly Exam',35),(56736,'116','Unit Test 1',11),(56736,'116','Unit Test 2',12),(56736,'301','Annual Exam',54),(56736,'301','Half Yearly Exam',39),(56736,'301','Unit Test 1',12),(56736,'301','Unit Test 2',16),(56736,'812','Annual Exam',32),(56736,'812','Half Yearly Exam',55),(56736,'812','Unit Test 1',14),(56736,'812','Unit Test 2',14),(56892,'042','Annual Exam',41),(56892,'042','Half Yearly Exam',32),(56892,'042','Unit Test 1',14),(56892,'042','Unit Test 2',13),(56892,'043','Annual Exam',52),(56892,'043','Half Yearly Exam',39),(56892,'043','Unit Test 1',10),(56892,'043','Unit Test 2',17),(56892,'044','Annual Exam',53),(56892,'044','Half Yearly Exam',39),(56892,'044','Unit Test 1',16),(56892,'044','Unit Test 2',13),(56892,'301','Annual Exam',34),(56892,'301','Half Yearly Exam',52),(56892,'301','Unit Test 1',11),(56892,'301','Unit Test 2',12),(56892,'303','Annual Exam',45),(56892,'303','Half Yearly Exam',37),(56892,'303','Unit Test 1',13),(56892,'303','Unit Test 2',14),(57143,'054','Annual Exam',47),(57143,'054','Half Yearly Exam',53),(57143,'054','Unit Test 1',13),(57143,'054','Unit Test 2',12),(57143,'065','Annual Exam',52),(57143,'065','Half Yearly Exam',39),(57143,'065','Unit Test 1',14),(57143,'065','Unit Test 2',15),(57143,'116','Annual Exam',32),(57143,'116','Half Yearly Exam',44),(57143,'116','Unit Test 1',10),(57143,'116','Unit Test 2',16),(57143,'301','Annual Exam',54),(57143,'301','Half Yearly Exam',38),(57143,'301','Unit Test 1',17),(57143,'301','Unit Test 2',11),(57143,'812','Annual Exam',36),(57143,'812','Half Yearly Exam',54),(57143,'812','Unit Test 1',17),(57143,'812','Unit Test 2',11),(57219,'030','Annual Exam',53),(57219,'030','Half Yearly Exam',55),(57219,'030','Unit Test 1',16),(57219,'030','Unit Test 2',12),(57219,'054','Annual Exam',38),(57219,'054','Half Yearly Exam',47),(57219,'054','Unit Test 1',14),(57219,'054','Unit Test 2',11),(57219,'055','Annual Exam',52),(57219,'055','Half Yearly Exam',49),(57219,'055','Unit Test 1',15),(57219,'055','Unit Test 2',13),(57219,'065','Annual Exam',50),(57219,'065','Half Yearly Exam',54),(57219,'065','Unit Test 1',16),(57219,'065','Unit Test 2',15),(57219,'301','Annual Exam',52),(57219,'301','Half Yearly Exam',38),(57219,'301','Unit Test 1',11),(57219,'301','Unit Test 2',10),(57285,'030','Annual Exam',36),(57285,'030','Half Yearly Exam',40),(57285,'030','Unit Test 1',13),(57285,'030','Unit Test 2',12),(57285,'054','Annual Exam',41),(57285,'054','Half Yearly Exam',53),(57285,'054','Unit Test 1',10),(57285,'054','Unit Test 2',16),(57285,'055','Annual Exam',32),(57285,'055','Half Yearly Exam',42),(57285,'055','Unit Test 1',13),(57285,'055','Unit Test 2',13),(57285,'116','Annual Exam',39),(57285,'116','Half Yearly Exam',48),(57285,'116','Unit Test 1',15),(57285,'116','Unit Test 2',13),(57285,'301','Annual Exam',53),(57285,'301','Half Yearly Exam',40),(57285,'301','Unit Test 1',10),(57285,'301','Unit Test 2',12),(57380,'030','Annual Exam',47),(57380,'030','Half Yearly Exam',42),(57380,'030','Unit Test 1',15),(57380,'030','Unit Test 2',10),(57380,'048','Annual Exam',34),(57380,'048','Half Yearly Exam',34),(57380,'048','Unit Test 1',10),(57380,'048','Unit Test 2',12),(57380,'054','Annual Exam',44),(57380,'054','Half Yearly Exam',40),(57380,'054','Unit Test 1',15),(57380,'054','Unit Test 2',16),(57380,'055','Annual Exam',44),(57380,'055','Half Yearly Exam',32),(57380,'055','Unit Test 1',15),(57380,'055','Unit Test 2',10),(57380,'301','Annual Exam',50),(57380,'301','Half Yearly Exam',35),(57380,'301','Unit Test 1',11),(57380,'301','Unit Test 2',13),(57452,'030','Annual Exam',66),(57452,'030','Half Yearly Exam',58),(57452,'030','Unit Test 1',18),(57452,'030','Unit Test 2',23),(57452,'048','Annual Exam',71),(57452,'048','Half Yearly Exam',72),(57452,'048','Unit Test 1',17),(57452,'048','Unit Test 2',19),(57452,'054','Annual Exam',68),(57452,'054','Half Yearly Exam',69),(57452,'054','Unit Test 1',22),(57452,'054','Unit Test 2',17),(57452,'055','Annual Exam',64),(57452,'055','Half Yearly Exam',56),(57452,'055','Unit Test 1',21),(57452,'055','Unit Test 2',21),(57452,'301','Annual Exam',68),(57452,'301','Half Yearly Exam',66),(57452,'301','Unit Test 1',18),(57452,'301','Unit Test 2',23),(57481,'042','Annual Exam',46),(57481,'042','Half Yearly Exam',51),(57481,'042','Unit Test 1',13),(57481,'042','Unit Test 2',16),(57481,'043','Annual Exam',38),(57481,'043','Half Yearly Exam',49),(57481,'043','Unit Test 1',16),(57481,'043','Unit Test 2',11),(57481,'044','Annual Exam',44),(57481,'044','Half Yearly Exam',42),(57481,'044','Unit Test 1',10),(57481,'044','Unit Test 2',16),(57481,'083','Annual Exam',50),(57481,'083','Half Yearly Exam',51),(57481,'083','Unit Test 1',15),(57481,'083','Unit Test 2',15),(57481,'301','Annual Exam',50),(57481,'301','Half Yearly Exam',41),(57481,'301','Unit Test 1',12),(57481,'301','Unit Test 2',12),(57487,'054','Annual Exam',49),(57487,'054','Half Yearly Exam',36),(57487,'054','Unit Test 1',14),(57487,'054','Unit Test 2',12),(57487,'065','Annual Exam',32),(57487,'065','Half Yearly Exam',45),(57487,'065','Unit Test 1',16),(57487,'065','Unit Test 2',11),(57487,'301','Annual Exam',51),(57487,'301','Half Yearly Exam',46),(57487,'301','Unit Test 1',10),(57487,'301','Unit Test 2',17),(57487,'303','Annual Exam',43),(57487,'303','Half Yearly Exam',44),(57487,'303','Unit Test 1',10),(57487,'303','Unit Test 2',16),(57487,'812','Annual Exam',46),(57487,'812','Half Yearly Exam',34),(57487,'812','Unit Test 1',17),(57487,'812','Unit Test 2',12),(57515,'041','Annual Exam',16),(57515,'041','Half Yearly Exam',21),(57515,'041','Unit Test 1',6),(57515,'041','Unit Test 2',9),(57515,'042','Annual Exam',27),(57515,'042','Half Yearly Exam',26),(57515,'042','Unit Test 1',3),(57515,'042','Unit Test 2',6),(57515,'043','Annual Exam',28),(57515,'043','Half Yearly Exam',14),(57515,'043','Unit Test 1',2),(57515,'043','Unit Test 2',3),(57515,'301','Annual Exam',16),(57515,'301','Half Yearly Exam',20),(57515,'301','Unit Test 1',5),(57515,'301','Unit Test 2',9),(57515,'303','Annual Exam',27),(57515,'303','Half Yearly Exam',30),(57515,'303','Unit Test 1',3),(57515,'303','Unit Test 2',4),(57538,'042','Annual Exam',40),(57538,'042','Half Yearly Exam',37),(57538,'042','Unit Test 1',15),(57538,'042','Unit Test 2',15),(57538,'043','Annual Exam',50),(57538,'043','Half Yearly Exam',49),(57538,'043','Unit Test 1',14),(57538,'043','Unit Test 2',15),(57538,'044','Annual Exam',52),(57538,'044','Half Yearly Exam',35),(57538,'044','Unit Test 1',13),(57538,'044','Unit Test 2',14),(57538,'301','Annual Exam',37),(57538,'301','Half Yearly Exam',48),(57538,'301','Unit Test 1',14),(57538,'301','Unit Test 2',13),(57538,'303','Annual Exam',36),(57538,'303','Half Yearly Exam',33),(57538,'303','Unit Test 1',16),(57538,'303','Unit Test 2',10),(57549,'042','Annual Exam',38),(57549,'042','Half Yearly Exam',32),(57549,'042','Unit Test 1',10),(57549,'042','Unit Test 2',11),(57549,'043','Annual Exam',43),(57549,'043','Half Yearly Exam',47),(57549,'043','Unit Test 1',17),(57549,'043','Unit Test 2',16),(57549,'044','Annual Exam',44),(57549,'044','Half Yearly Exam',48),(57549,'044','Unit Test 1',15),(57549,'044','Unit Test 2',17),(57549,'116','Annual Exam',43),(57549,'116','Half Yearly Exam',52),(57549,'116','Unit Test 1',15),(57549,'116','Unit Test 2',17),(57549,'301','Annual Exam',46),(57549,'301','Half Yearly Exam',48),(57549,'301','Unit Test 1',15),(57549,'301','Unit Test 2',10),(57586,'030','Annual Exam',67),(57586,'030','Half Yearly Exam',56),(57586,'030','Unit Test 1',21),(57586,'030','Unit Test 2',21),(57586,'041','Annual Exam',64),(57586,'041','Half Yearly Exam',56),(57586,'041','Unit Test 1',19),(57586,'041','Unit Test 2',21),(57586,'054','Annual Exam',56),(57586,'054','Half Yearly Exam',65),(57586,'054','Unit Test 1',19),(57586,'054','Unit Test 2',21),(57586,'055','Annual Exam',63),(57586,'055','Half Yearly Exam',60),(57586,'055','Unit Test 1',20),(57586,'055','Unit Test 2',19),(57586,'301','Annual Exam',75),(57586,'301','Half Yearly Exam',71),(57586,'301','Unit Test 1',22),(57586,'301','Unit Test 2',20),(57671,'041','Annual Exam',34),(57671,'041','Half Yearly Exam',53),(57671,'041','Unit Test 1',13),(57671,'041','Unit Test 2',15),(57671,'042','Annual Exam',40),(57671,'042','Half Yearly Exam',48),(57671,'042','Unit Test 1',16),(57671,'042','Unit Test 2',10),(57671,'043','Annual Exam',51),(57671,'043','Half Yearly Exam',39),(57671,'043','Unit Test 1',11),(57671,'043','Unit Test 2',15),(57671,'048','Annual Exam',50),(57671,'048','Half Yearly Exam',38),(57671,'048','Unit Test 1',12),(57671,'048','Unit Test 2',17),(57671,'301','Annual Exam',40),(57671,'301','Half Yearly Exam',52),(57671,'301','Unit Test 1',10),(57671,'301','Unit Test 2',11),(57679,'042','Annual Exam',72),(57679,'042','Half Yearly Exam',73),(57679,'042','Unit Test 1',18),(57679,'042','Unit Test 2',21),(57679,'043','Annual Exam',60),(57679,'043','Half Yearly Exam',72),(57679,'043','Unit Test 1',21),(57679,'043','Unit Test 2',20),(57679,'044','Annual Exam',75),(57679,'044','Half Yearly Exam',56),(57679,'044','Unit Test 1',18),(57679,'044','Unit Test 2',21),(57679,'301','Annual Exam',66),(57679,'301','Half Yearly Exam',64),(57679,'301','Unit Test 1',18),(57679,'301','Unit Test 2',18),(57679,'303','Annual Exam',75),(57679,'303','Half Yearly Exam',70),(57679,'303','Unit Test 1',18),(57679,'303','Unit Test 2',23),(57680,'048','Annual Exam',59),(57680,'048','Half Yearly Exam',72),(57680,'048','Unit Test 1',20),(57680,'048','Unit Test 2',20),(57680,'054','Annual Exam',62),(57680,'054','Half Yearly Exam',56),(57680,'054','Unit Test 1',19),(57680,'054','Unit Test 2',18),(57680,'065','Annual Exam',58),(57680,'065','Half Yearly Exam',69),(57680,'065','Unit Test 1',18),(57680,'065','Unit Test 2',22),(57680,'301','Annual Exam',72),(57680,'301','Half Yearly Exam',64),(57680,'301','Unit Test 1',20),(57680,'301','Unit Test 2',22),(57680,'812','Annual Exam',71),(57680,'812','Half Yearly Exam',72),(57680,'812','Unit Test 1',19),(57680,'812','Unit Test 2',20),(57696,'030','Annual Exam',53),(57696,'030','Half Yearly Exam',51),(57696,'030','Unit Test 1',15),(57696,'030','Unit Test 2',14),(57696,'054','Annual Exam',46),(57696,'054','Half Yearly Exam',33),(57696,'054','Unit Test 1',15),(57696,'054','Unit Test 2',14),(57696,'055','Annual Exam',40),(57696,'055','Half Yearly Exam',46),(57696,'055','Unit Test 1',12),(57696,'055','Unit Test 2',16),(57696,'301','Annual Exam',39),(57696,'301','Half Yearly Exam',40),(57696,'301','Unit Test 1',10),(57696,'301','Unit Test 2',12),(57696,'303','Annual Exam',50),(57696,'303','Half Yearly Exam',38),(57696,'303','Unit Test 1',11),(57696,'303','Unit Test 2',14),(57726,'030','Annual Exam',67),(57726,'030','Half Yearly Exam',60),(57726,'030','Unit Test 1',19),(57726,'030','Unit Test 2',21),(57726,'054','Annual Exam',71),(57726,'054','Half Yearly Exam',74),(57726,'054','Unit Test 1',19),(57726,'054','Unit Test 2',20),(57726,'055','Annual Exam',65),(57726,'055','Half Yearly Exam',61),(57726,'055','Unit Test 1',23),(57726,'055','Unit Test 2',22),(57726,'301','Annual Exam',68),(57726,'301','Half Yearly Exam',63),(57726,'301','Unit Test 1',22),(57726,'301','Unit Test 2',21),(57726,'303','Annual Exam',67),(57726,'303','Half Yearly Exam',60),(57726,'303','Unit Test 1',23),(57726,'303','Unit Test 2',21),(57753,'041','Annual Exam',49),(57753,'041','Half Yearly Exam',42),(57753,'041','Unit Test 1',10),(57753,'041','Unit Test 2',14),(57753,'042','Annual Exam',40),(57753,'042','Half Yearly Exam',38),(57753,'042','Unit Test 1',13),(57753,'042','Unit Test 2',11),(57753,'043','Annual Exam',40),(57753,'043','Half Yearly Exam',32),(57753,'043','Unit Test 1',12),(57753,'043','Unit Test 2',16),(57753,'083','Annual Exam',34),(57753,'083','Half Yearly Exam',32),(57753,'083','Unit Test 1',10),(57753,'083','Unit Test 2',15),(57753,'301','Annual Exam',44),(57753,'301','Half Yearly Exam',43),(57753,'301','Unit Test 1',11),(57753,'301','Unit Test 2',12),(57789,'042','Annual Exam',40),(57789,'042','Half Yearly Exam',55),(57789,'042','Unit Test 1',12),(57789,'042','Unit Test 2',12),(57789,'043','Annual Exam',51),(57789,'043','Half Yearly Exam',36),(57789,'043','Unit Test 1',13),(57789,'043','Unit Test 2',17),(57789,'044','Annual Exam',53),(57789,'044','Half Yearly Exam',34),(57789,'044','Unit Test 1',13),(57789,'044','Unit Test 2',16),(57789,'048','Annual Exam',38),(57789,'048','Half Yearly Exam',44),(57789,'048','Unit Test 1',11),(57789,'048','Unit Test 2',10),(57789,'301','Annual Exam',50),(57789,'301','Half Yearly Exam',49),(57789,'301','Unit Test 1',12),(57789,'301','Unit Test 2',11),(57810,'042','Annual Exam',39),(57810,'042','Half Yearly Exam',33),(57810,'042','Unit Test 1',15),(57810,'042','Unit Test 2',16),(57810,'043','Annual Exam',33),(57810,'043','Half Yearly Exam',39),(57810,'043','Unit Test 1',17),(57810,'043','Unit Test 2',14),(57810,'044','Annual Exam',54),(57810,'044','Half Yearly Exam',49),(57810,'044','Unit Test 1',16),(57810,'044','Unit Test 2',15),(57810,'301','Annual Exam',49),(57810,'301','Half Yearly Exam',42),(57810,'301','Unit Test 1',13),(57810,'301','Unit Test 2',14),(57810,'303','Annual Exam',40),(57810,'303','Half Yearly Exam',33),(57810,'303','Unit Test 1',11),(57810,'303','Unit Test 2',15),(57817,'054','Annual Exam',21),(57817,'054','Half Yearly Exam',31),(57817,'054','Unit Test 1',3),(57817,'054','Unit Test 2',5),(57817,'065','Annual Exam',29),(57817,'065','Half Yearly Exam',12),(57817,'065','Unit Test 1',7),(57817,'065','Unit Test 2',9),(57817,'116','Annual Exam',20),(57817,'116','Half Yearly Exam',16),(57817,'116','Unit Test 1',6),(57817,'116','Unit Test 2',8),(57817,'301','Annual Exam',18),(57817,'301','Half Yearly Exam',28),(57817,'301','Unit Test 1',3),(57817,'301','Unit Test 2',6),(57817,'812','Annual Exam',20),(57817,'812','Half Yearly Exam',18),(57817,'812','Unit Test 1',3),(57817,'812','Unit Test 2',3),(57924,'030','Annual Exam',54),(57924,'030','Half Yearly Exam',48),(57924,'030','Unit Test 1',12),(57924,'030','Unit Test 2',15),(57924,'054','Annual Exam',44),(57924,'054','Half Yearly Exam',32),(57924,'054','Unit Test 1',13),(57924,'054','Unit Test 2',16),(57924,'055','Annual Exam',45),(57924,'055','Half Yearly Exam',52),(57924,'055','Unit Test 1',11),(57924,'055','Unit Test 2',16),(57924,'301','Annual Exam',55),(57924,'301','Half Yearly Exam',40),(57924,'301','Unit Test 1',16),(57924,'301','Unit Test 2',10),(57924,'812','Annual Exam',35),(57924,'812','Half Yearly Exam',35),(57924,'812','Unit Test 1',10),(57924,'812','Unit Test 2',14),(57985,'042','Annual Exam',51),(57985,'042','Half Yearly Exam',37),(57985,'042','Unit Test 1',13),(57985,'042','Unit Test 2',15),(57985,'043','Annual Exam',36),(57985,'043','Half Yearly Exam',34),(57985,'043','Unit Test 1',17),(57985,'043','Unit Test 2',14),(57985,'044','Annual Exam',36),(57985,'044','Half Yearly Exam',45),(57985,'044','Unit Test 1',10),(57985,'044','Unit Test 2',13),(57985,'083','Annual Exam',55),(57985,'083','Half Yearly Exam',36),(57985,'083','Unit Test 1',10),(57985,'083','Unit Test 2',12),(57985,'301','Annual Exam',46),(57985,'301','Half Yearly Exam',52),(57985,'301','Unit Test 1',10),(57985,'301','Unit Test 2',12),(57998,'042','Annual Exam',55),(57998,'042','Half Yearly Exam',52),(57998,'042','Unit Test 1',16),(57998,'042','Unit Test 2',10),(57998,'043','Annual Exam',44),(57998,'043','Half Yearly Exam',52),(57998,'043','Unit Test 1',13),(57998,'043','Unit Test 2',16),(57998,'044','Annual Exam',36),(57998,'044','Half Yearly Exam',36),(57998,'044','Unit Test 1',14),(57998,'044','Unit Test 2',12),(57998,'083','Annual Exam',44),(57998,'083','Half Yearly Exam',52),(57998,'083','Unit Test 1',15),(57998,'083','Unit Test 2',14),(57998,'301','Annual Exam',44),(57998,'301','Half Yearly Exam',35),(57998,'301','Unit Test 1',16),(57998,'301','Unit Test 2',16),(58012,'054','Annual Exam',44),(58012,'054','Half Yearly Exam',43),(58012,'054','Unit Test 1',15),(58012,'054','Unit Test 2',16),(58012,'065','Annual Exam',49),(58012,'065','Half Yearly Exam',48),(58012,'065','Unit Test 1',16),(58012,'065','Unit Test 2',13),(58012,'301','Annual Exam',43),(58012,'301','Half Yearly Exam',49),(58012,'301','Unit Test 1',11),(58012,'301','Unit Test 2',11),(58012,'303','Annual Exam',37),(58012,'303','Half Yearly Exam',33),(58012,'303','Unit Test 1',17),(58012,'303','Unit Test 2',13),(58012,'812','Annual Exam',34),(58012,'812','Half Yearly Exam',53),(58012,'812','Unit Test 1',10),(58012,'812','Unit Test 2',12),(58082,'048','Annual Exam',62),(58082,'048','Half Yearly Exam',56),(58082,'048','Unit Test 1',17),(58082,'048','Unit Test 2',23),(58082,'054','Annual Exam',58),(58082,'054','Half Yearly Exam',67),(58082,'054','Unit Test 1',19),(58082,'054','Unit Test 2',22),(58082,'065','Annual Exam',72),(58082,'065','Half Yearly Exam',68),(58082,'065','Unit Test 1',21),(58082,'065','Unit Test 2',22),(58082,'301','Annual Exam',58),(58082,'301','Half Yearly Exam',62),(58082,'301','Unit Test 1',22),(58082,'301','Unit Test 2',22),(58082,'812','Annual Exam',68),(58082,'812','Half Yearly Exam',70),(58082,'812','Unit Test 1',19),(58082,'812','Unit Test 2',20),(58187,'030','Annual Exam',72),(58187,'030','Half Yearly Exam',64),(58187,'030','Unit Test 1',19),(58187,'030','Unit Test 2',20),(58187,'054','Annual Exam',65),(58187,'054','Half Yearly Exam',70),(58187,'054','Unit Test 1',19),(58187,'054','Unit Test 2',22),(58187,'055','Annual Exam',59),(58187,'055','Half Yearly Exam',60),(58187,'055','Unit Test 1',21),(58187,'055','Unit Test 2',23),(58187,'301','Annual Exam',67),(58187,'301','Half Yearly Exam',75),(58187,'301','Unit Test 1',21),(58187,'301','Unit Test 2',23),(58187,'812','Annual Exam',60),(58187,'812','Half Yearly Exam',58),(58187,'812','Unit Test 1',21),(58187,'812','Unit Test 2',19),(58207,'030','Annual Exam',44),(58207,'030','Half Yearly Exam',55),(58207,'030','Unit Test 1',13),(58207,'030','Unit Test 2',11),(58207,'054','Annual Exam',46),(58207,'054','Half Yearly Exam',32),(58207,'054','Unit Test 1',14),(58207,'054','Unit Test 2',12),(58207,'055','Annual Exam',42),(58207,'055','Half Yearly Exam',34),(58207,'055','Unit Test 1',16),(58207,'055','Unit Test 2',10),(58207,'116','Annual Exam',46),(58207,'116','Half Yearly Exam',52),(58207,'116','Unit Test 1',10),(58207,'116','Unit Test 2',11),(58207,'301','Annual Exam',32),(58207,'301','Half Yearly Exam',32),(58207,'301','Unit Test 1',17),(58207,'301','Unit Test 2',10),(58413,'048','Annual Exam',35),(58413,'048','Half Yearly Exam',55),(58413,'048','Unit Test 1',17),(58413,'048','Unit Test 2',11),(58413,'054','Annual Exam',55),(58413,'054','Half Yearly Exam',41),(58413,'054','Unit Test 1',17),(58413,'054','Unit Test 2',17),(58413,'065','Annual Exam',48),(58413,'065','Half Yearly Exam',42),(58413,'065','Unit Test 1',13),(58413,'065','Unit Test 2',16),(58413,'301','Annual Exam',48),(58413,'301','Half Yearly Exam',45),(58413,'301','Unit Test 1',10),(58413,'301','Unit Test 2',11),(58413,'812','Annual Exam',43),(58413,'812','Half Yearly Exam',51),(58413,'812','Unit Test 1',14),(58413,'812','Unit Test 2',16),(58435,'042','Annual Exam',55),(58435,'042','Half Yearly Exam',51),(58435,'042','Unit Test 1',10),(58435,'042','Unit Test 2',14),(58435,'043','Annual Exam',38),(58435,'043','Half Yearly Exam',36),(58435,'043','Unit Test 1',14),(58435,'043','Unit Test 2',14),(58435,'044','Annual Exam',37),(58435,'044','Half Yearly Exam',36),(58435,'044','Unit Test 1',13),(58435,'044','Unit Test 2',10),(58435,'048','Annual Exam',41),(58435,'048','Half Yearly Exam',54),(58435,'048','Unit Test 1',13),(58435,'048','Unit Test 2',14),(58435,'301','Annual Exam',40),(58435,'301','Half Yearly Exam',39),(58435,'301','Unit Test 1',14),(58435,'301','Unit Test 2',14),(58489,'041','Annual Exam',50),(58489,'041','Half Yearly Exam',34),(58489,'041','Unit Test 1',12),(58489,'041','Unit Test 2',16),(58489,'042','Annual Exam',44),(58489,'042','Half Yearly Exam',48),(58489,'042','Unit Test 1',10),(58489,'042','Unit Test 2',17),(58489,'043','Annual Exam',35),(58489,'043','Half Yearly Exam',52),(58489,'043','Unit Test 1',17),(58489,'043','Unit Test 2',15),(58489,'116','Annual Exam',53),(58489,'116','Half Yearly Exam',52),(58489,'116','Unit Test 1',13),(58489,'116','Unit Test 2',13),(58489,'301','Annual Exam',49),(58489,'301','Half Yearly Exam',42),(58489,'301','Unit Test 1',15),(58489,'301','Unit Test 2',11),(58491,'030','Annual Exam',56),(58491,'030','Half Yearly Exam',69),(58491,'030','Unit Test 1',21),(58491,'030','Unit Test 2',23),(58491,'054','Annual Exam',72),(58491,'054','Half Yearly Exam',64),(58491,'054','Unit Test 1',23),(58491,'054','Unit Test 2',19),(58491,'055','Annual Exam',75),(58491,'055','Half Yearly Exam',66),(58491,'055','Unit Test 1',23),(58491,'055','Unit Test 2',20),(58491,'065','Annual Exam',60),(58491,'065','Half Yearly Exam',63),(58491,'065','Unit Test 1',17),(58491,'065','Unit Test 2',22),(58491,'301','Annual Exam',66),(58491,'301','Half Yearly Exam',56),(58491,'301','Unit Test 1',21),(58491,'301','Unit Test 2',18),(58706,'030','Annual Exam',36),(58706,'030','Half Yearly Exam',53),(58706,'030','Unit Test 1',11),(58706,'030','Unit Test 2',10),(58706,'054','Annual Exam',46),(58706,'054','Half Yearly Exam',33),(58706,'054','Unit Test 1',17),(58706,'054','Unit Test 2',14),(58706,'055','Annual Exam',49),(58706,'055','Half Yearly Exam',47),(58706,'055','Unit Test 1',13),(58706,'055','Unit Test 2',10),(58706,'301','Annual Exam',35),(58706,'301','Half Yearly Exam',40),(58706,'301','Unit Test 1',16),(58706,'301','Unit Test 2',11),(58706,'303','Annual Exam',52),(58706,'303','Half Yearly Exam',34),(58706,'303','Unit Test 1',15),(58706,'303','Unit Test 2',13),(58770,'041','Annual Exam',37),(58770,'041','Half Yearly Exam',35),(58770,'041','Unit Test 1',17),(58770,'041','Unit Test 2',17),(58770,'042','Annual Exam',34),(58770,'042','Half Yearly Exam',39),(58770,'042','Unit Test 1',14),(58770,'042','Unit Test 2',13),(58770,'043','Annual Exam',51),(58770,'043','Half Yearly Exam',32),(58770,'043','Unit Test 1',15),(58770,'043','Unit Test 2',13),(58770,'044','Annual Exam',44),(58770,'044','Half Yearly Exam',44),(58770,'044','Unit Test 1',17),(58770,'044','Unit Test 2',15),(58770,'301','Annual Exam',45),(58770,'301','Half Yearly Exam',46),(58770,'301','Unit Test 1',11),(58770,'301','Unit Test 2',13),(58907,'041','Annual Exam',35),(58907,'041','Half Yearly Exam',41),(58907,'041','Unit Test 1',14),(58907,'041','Unit Test 2',15),(58907,'042','Annual Exam',40),(58907,'042','Half Yearly Exam',33),(58907,'042','Unit Test 1',15),(58907,'042','Unit Test 2',16),(58907,'043','Annual Exam',43),(58907,'043','Half Yearly Exam',36),(58907,'043','Unit Test 1',10),(58907,'043','Unit Test 2',17),(58907,'301','Annual Exam',40),(58907,'301','Half Yearly Exam',40),(58907,'301','Unit Test 1',14),(58907,'301','Unit Test 2',15),(58907,'303','Annual Exam',45),(58907,'303','Half Yearly Exam',52),(58907,'303','Unit Test 1',15),(58907,'303','Unit Test 2',10),(58931,'048','Annual Exam',11),(58931,'048','Half Yearly Exam',20),(58931,'048','Unit Test 1',2),(58931,'048','Unit Test 2',8),(58931,'054','Annual Exam',27),(58931,'054','Half Yearly Exam',29),(58931,'054','Unit Test 1',8),(58931,'054','Unit Test 2',4),(58931,'065','Annual Exam',26),(58931,'065','Half Yearly Exam',28),(58931,'065','Unit Test 1',9),(58931,'065','Unit Test 2',7),(58931,'301','Annual Exam',25),(58931,'301','Half Yearly Exam',28),(58931,'301','Unit Test 1',6),(58931,'301','Unit Test 2',4),(58931,'812','Annual Exam',8),(58931,'812','Half Yearly Exam',28),(58931,'812','Unit Test 1',3),(58931,'812','Unit Test 2',3),(58935,'030','Annual Exam',54),(58935,'030','Half Yearly Exam',46),(58935,'030','Unit Test 1',15),(58935,'030','Unit Test 2',13),(58935,'054','Annual Exam',52),(58935,'054','Half Yearly Exam',50),(58935,'054','Unit Test 1',15),(58935,'054','Unit Test 2',17),(58935,'055','Annual Exam',38),(58935,'055','Half Yearly Exam',37),(58935,'055','Unit Test 1',12),(58935,'055','Unit Test 2',15),(58935,'065','Annual Exam',45),(58935,'065','Half Yearly Exam',40),(58935,'065','Unit Test 1',13),(58935,'065','Unit Test 2',12),(58935,'301','Annual Exam',44),(58935,'301','Half Yearly Exam',37),(58935,'301','Unit Test 1',13),(58935,'301','Unit Test 2',12),(58957,'042','Annual Exam',72),(58957,'042','Half Yearly Exam',57),(58957,'042','Unit Test 1',21),(58957,'042','Unit Test 2',18),(58957,'043','Annual Exam',69),(58957,'043','Half Yearly Exam',71),(58957,'043','Unit Test 1',17),(58957,'043','Unit Test 2',19),(58957,'044','Annual Exam',63),(58957,'044','Half Yearly Exam',75),(58957,'044','Unit Test 1',21),(58957,'044','Unit Test 2',21),(58957,'048','Annual Exam',72),(58957,'048','Half Yearly Exam',58),(58957,'048','Unit Test 1',17),(58957,'048','Unit Test 2',18),(58957,'301','Annual Exam',66),(58957,'301','Half Yearly Exam',71),(58957,'301','Unit Test 1',21),(58957,'301','Unit Test 2',22),(59030,'042','Annual Exam',44),(59030,'042','Half Yearly Exam',52),(59030,'042','Unit Test 1',13),(59030,'042','Unit Test 2',15),(59030,'043','Annual Exam',43),(59030,'043','Half Yearly Exam',33),(59030,'043','Unit Test 1',10),(59030,'043','Unit Test 2',14),(59030,'044','Annual Exam',35),(59030,'044','Half Yearly Exam',48),(59030,'044','Unit Test 1',13),(59030,'044','Unit Test 2',15),(59030,'301','Annual Exam',42),(59030,'301','Half Yearly Exam',42),(59030,'301','Unit Test 1',15),(59030,'301','Unit Test 2',10),(59030,'303','Annual Exam',32),(59030,'303','Half Yearly Exam',39),(59030,'303','Unit Test 1',17),(59030,'303','Unit Test 2',16),(59042,'054','Annual Exam',35),(59042,'054','Half Yearly Exam',46),(59042,'054','Unit Test 1',17),(59042,'054','Unit Test 2',15),(59042,'065','Annual Exam',42),(59042,'065','Half Yearly Exam',34),(59042,'065','Unit Test 1',12),(59042,'065','Unit Test 2',11),(59042,'301','Annual Exam',35),(59042,'301','Half Yearly Exam',48),(59042,'301','Unit Test 1',17),(59042,'301','Unit Test 2',10),(59042,'303','Annual Exam',32),(59042,'303','Half Yearly Exam',48),(59042,'303','Unit Test 1',13),(59042,'303','Unit Test 2',13),(59042,'812','Annual Exam',41),(59042,'812','Half Yearly Exam',45),(59042,'812','Unit Test 1',12),(59042,'812','Unit Test 2',15),(59054,'041','Annual Exam',50),(59054,'041','Half Yearly Exam',35),(59054,'041','Unit Test 1',11),(59054,'041','Unit Test 2',13),(59054,'042','Annual Exam',53),(59054,'042','Half Yearly Exam',50),(59054,'042','Unit Test 1',13),(59054,'042','Unit Test 2',10),(59054,'043','Annual Exam',52),(59054,'043','Half Yearly Exam',51),(59054,'043','Unit Test 1',15),(59054,'043','Unit Test 2',11),(59054,'044','Annual Exam',50),(59054,'044','Half Yearly Exam',48),(59054,'044','Unit Test 1',14),(59054,'044','Unit Test 2',16),(59054,'301','Annual Exam',40),(59054,'301','Half Yearly Exam',39),(59054,'301','Unit Test 1',16),(59054,'301','Unit Test 2',11),(59115,'042','Annual Exam',54),(59115,'042','Half Yearly Exam',52),(59115,'042','Unit Test 1',12),(59115,'042','Unit Test 2',13),(59115,'043','Annual Exam',43),(59115,'043','Half Yearly Exam',40),(59115,'043','Unit Test 1',17),(59115,'043','Unit Test 2',17),(59115,'044','Annual Exam',42),(59115,'044','Half Yearly Exam',53),(59115,'044','Unit Test 1',14),(59115,'044','Unit Test 2',10),(59115,'116','Annual Exam',39),(59115,'116','Half Yearly Exam',38),(59115,'116','Unit Test 1',12),(59115,'116','Unit Test 2',16),(59115,'301','Annual Exam',39),(59115,'301','Half Yearly Exam',44),(59115,'301','Unit Test 1',11),(59115,'301','Unit Test 2',12),(59164,'048','Annual Exam',32),(59164,'048','Half Yearly Exam',51),(59164,'048','Unit Test 1',15),(59164,'048','Unit Test 2',15),(59164,'054','Annual Exam',44),(59164,'054','Half Yearly Exam',44),(59164,'054','Unit Test 1',14),(59164,'054','Unit Test 2',11),(59164,'065','Annual Exam',40),(59164,'065','Half Yearly Exam',36),(59164,'065','Unit Test 1',10),(59164,'065','Unit Test 2',12),(59164,'301','Annual Exam',32),(59164,'301','Half Yearly Exam',42),(59164,'301','Unit Test 1',16),(59164,'301','Unit Test 2',12),(59164,'812','Annual Exam',52),(59164,'812','Half Yearly Exam',44),(59164,'812','Unit Test 1',15),(59164,'812','Unit Test 2',16),(59207,'030','Annual Exam',52),(59207,'030','Half Yearly Exam',43),(59207,'030','Unit Test 1',16),(59207,'030','Unit Test 2',15),(59207,'054','Annual Exam',45),(59207,'054','Half Yearly Exam',33),(59207,'054','Unit Test 1',15),(59207,'054','Unit Test 2',16),(59207,'055','Annual Exam',50),(59207,'055','Half Yearly Exam',52),(59207,'055','Unit Test 1',12),(59207,'055','Unit Test 2',16),(59207,'116','Annual Exam',52),(59207,'116','Half Yearly Exam',52),(59207,'116','Unit Test 1',12),(59207,'116','Unit Test 2',14),(59207,'301','Annual Exam',48),(59207,'301','Half Yearly Exam',51),(59207,'301','Unit Test 1',12),(59207,'301','Unit Test 2',12),(59310,'042','Annual Exam',58),(59310,'042','Half Yearly Exam',72),(59310,'042','Unit Test 1',20),(59310,'042','Unit Test 2',20),(59310,'043','Annual Exam',66),(59310,'043','Half Yearly Exam',68),(59310,'043','Unit Test 1',17),(59310,'043','Unit Test 2',20),(59310,'044','Annual Exam',71),(59310,'044','Half Yearly Exam',56),(59310,'044','Unit Test 1',18),(59310,'044','Unit Test 2',23),(59310,'301','Annual Exam',62),(59310,'301','Half Yearly Exam',64),(59310,'301','Unit Test 1',21),(59310,'301','Unit Test 2',21),(59310,'303','Annual Exam',64),(59310,'303','Half Yearly Exam',61),(59310,'303','Unit Test 1',18),(59310,'303','Unit Test 2',18),(59394,'042','Annual Exam',53),(59394,'042','Half Yearly Exam',55),(59394,'042','Unit Test 1',15),(59394,'042','Unit Test 2',16),(59394,'043','Annual Exam',52),(59394,'043','Half Yearly Exam',50),(59394,'043','Unit Test 1',13),(59394,'043','Unit Test 2',13),(59394,'044','Annual Exam',42),(59394,'044','Half Yearly Exam',47),(59394,'044','Unit Test 1',14),(59394,'044','Unit Test 2',15),(59394,'301','Annual Exam',36),(59394,'301','Half Yearly Exam',49),(59394,'301','Unit Test 1',11),(59394,'301','Unit Test 2',16),(59394,'303','Annual Exam',41),(59394,'303','Half Yearly Exam',32),(59394,'303','Unit Test 1',10),(59394,'303','Unit Test 2',17),(59428,'030','Annual Exam',55),(59428,'030','Half Yearly Exam',46),(59428,'030','Unit Test 1',16),(59428,'030','Unit Test 2',11),(59428,'054','Annual Exam',44),(59428,'054','Half Yearly Exam',44),(59428,'054','Unit Test 1',10),(59428,'054','Unit Test 2',15),(59428,'055','Annual Exam',36),(59428,'055','Half Yearly Exam',47),(59428,'055','Unit Test 1',17),(59428,'055','Unit Test 2',10),(59428,'116','Annual Exam',46),(59428,'116','Half Yearly Exam',47),(59428,'116','Unit Test 1',10),(59428,'116','Unit Test 2',14),(59428,'301','Annual Exam',48),(59428,'301','Half Yearly Exam',46),(59428,'301','Unit Test 1',14),(59428,'301','Unit Test 2',11),(59489,'054','Annual Exam',43),(59489,'054','Half Yearly Exam',44),(59489,'054','Unit Test 1',16),(59489,'054','Unit Test 2',16),(59489,'065','Annual Exam',40),(59489,'065','Half Yearly Exam',35),(59489,'065','Unit Test 1',16),(59489,'065','Unit Test 2',16),(59489,'116','Annual Exam',44),(59489,'116','Half Yearly Exam',38),(59489,'116','Unit Test 1',17),(59489,'116','Unit Test 2',16),(59489,'301','Annual Exam',48),(59489,'301','Half Yearly Exam',44),(59489,'301','Unit Test 1',16),(59489,'301','Unit Test 2',15),(59489,'812','Annual Exam',40),(59489,'812','Half Yearly Exam',50),(59489,'812','Unit Test 1',16),(59489,'812','Unit Test 2',15),(59512,'048','Annual Exam',73),(59512,'048','Half Yearly Exam',64),(59512,'048','Unit Test 1',20),(59512,'048','Unit Test 2',22),(59512,'054','Annual Exam',66),(59512,'054','Half Yearly Exam',70),(59512,'054','Unit Test 1',21),(59512,'054','Unit Test 2',21),(59512,'065','Annual Exam',60),(59512,'065','Half Yearly Exam',60),(59512,'065','Unit Test 1',22),(59512,'065','Unit Test 2',22),(59512,'301','Annual Exam',67),(59512,'301','Half Yearly Exam',57),(59512,'301','Unit Test 1',21),(59512,'301','Unit Test 2',18),(59512,'812','Annual Exam',60),(59512,'812','Half Yearly Exam',64),(59512,'812','Unit Test 1',22),(59512,'812','Unit Test 2',18),(59532,'054','Annual Exam',44),(59532,'054','Half Yearly Exam',42),(59532,'054','Unit Test 1',14),(59532,'054','Unit Test 2',14),(59532,'065','Annual Exam',47),(59532,'065','Half Yearly Exam',53),(59532,'065','Unit Test 1',10),(59532,'065','Unit Test 2',10),(59532,'301','Annual Exam',34),(59532,'301','Half Yearly Exam',40),(59532,'301','Unit Test 1',14),(59532,'301','Unit Test 2',17),(59532,'303','Annual Exam',40),(59532,'303','Half Yearly Exam',52),(59532,'303','Unit Test 1',12),(59532,'303','Unit Test 2',13),(59532,'812','Annual Exam',50),(59532,'812','Half Yearly Exam',52),(59532,'812','Unit Test 1',16),(59532,'812','Unit Test 2',13),(59621,'054','Annual Exam',32),(59621,'054','Half Yearly Exam',55),(59621,'054','Unit Test 1',10),(59621,'054','Unit Test 2',11),(59621,'065','Annual Exam',38),(59621,'065','Half Yearly Exam',44),(59621,'065','Unit Test 1',11),(59621,'065','Unit Test 2',16),(59621,'116','Annual Exam',35),(59621,'116','Half Yearly Exam',43),(59621,'116','Unit Test 1',14),(59621,'116','Unit Test 2',12),(59621,'301','Annual Exam',38),(59621,'301','Half Yearly Exam',54),(59621,'301','Unit Test 1',10),(59621,'301','Unit Test 2',11),(59621,'812','Annual Exam',49),(59621,'812','Half Yearly Exam',36),(59621,'812','Unit Test 1',17),(59621,'812','Unit Test 2',12),(59672,'030','Annual Exam',56),(59672,'030','Half Yearly Exam',71),(59672,'030','Unit Test 1',18),(59672,'030','Unit Test 2',21),(59672,'048','Annual Exam',71),(59672,'048','Half Yearly Exam',69),(59672,'048','Unit Test 1',19),(59672,'048','Unit Test 2',21),(59672,'054','Annual Exam',66),(59672,'054','Half Yearly Exam',72),(59672,'054','Unit Test 1',23),(59672,'054','Unit Test 2',23),(59672,'055','Annual Exam',69),(59672,'055','Half Yearly Exam',70),(59672,'055','Unit Test 1',22),(59672,'055','Unit Test 2',21),(59672,'301','Annual Exam',60),(59672,'301','Half Yearly Exam',65),(59672,'301','Unit Test 1',23),(59672,'301','Unit Test 2',19),(59680,'042','Annual Exam',54),(59680,'042','Half Yearly Exam',48),(59680,'042','Unit Test 1',15),(59680,'042','Unit Test 2',11),(59680,'043','Annual Exam',53),(59680,'043','Half Yearly Exam',44),(59680,'043','Unit Test 1',13),(59680,'043','Unit Test 2',11),(59680,'044','Annual Exam',32),(59680,'044','Half Yearly Exam',47),(59680,'044','Unit Test 1',12),(59680,'044','Unit Test 2',12),(59680,'083','Annual Exam',36),(59680,'083','Half Yearly Exam',53),(59680,'083','Unit Test 1',14),(59680,'083','Unit Test 2',13),(59680,'301','Annual Exam',50),(59680,'301','Half Yearly Exam',42),(59680,'301','Unit Test 1',14),(59680,'301','Unit Test 2',12),(59693,'042','Annual Exam',38),(59693,'042','Half Yearly Exam',50),(59693,'042','Unit Test 1',17),(59693,'042','Unit Test 2',12),(59693,'043','Annual Exam',53),(59693,'043','Half Yearly Exam',52),(59693,'043','Unit Test 1',16),(59693,'043','Unit Test 2',15),(59693,'044','Annual Exam',44),(59693,'044','Half Yearly Exam',40),(59693,'044','Unit Test 1',16),(59693,'044','Unit Test 2',16),(59693,'116','Annual Exam',44),(59693,'116','Half Yearly Exam',39),(59693,'116','Unit Test 1',16),(59693,'116','Unit Test 2',16),(59693,'301','Annual Exam',48),(59693,'301','Half Yearly Exam',37),(59693,'301','Unit Test 1',10),(59693,'301','Unit Test 2',12),(59699,'054','Annual Exam',48),(59699,'054','Half Yearly Exam',48),(59699,'054','Unit Test 1',12),(59699,'054','Unit Test 2',10),(59699,'065','Annual Exam',51),(59699,'065','Half Yearly Exam',33),(59699,'065','Unit Test 1',16),(59699,'065','Unit Test 2',11),(59699,'116','Annual Exam',51),(59699,'116','Half Yearly Exam',50),(59699,'116','Unit Test 1',11),(59699,'116','Unit Test 2',12),(59699,'301','Annual Exam',46),(59699,'301','Half Yearly Exam',44),(59699,'301','Unit Test 1',14),(59699,'301','Unit Test 2',17),(59699,'812','Annual Exam',38),(59699,'812','Half Yearly Exam',40),(59699,'812','Unit Test 1',15),(59699,'812','Unit Test 2',12),(59711,'041','Annual Exam',37),(59711,'041','Half Yearly Exam',33),(59711,'041','Unit Test 1',11),(59711,'041','Unit Test 2',10),(59711,'042','Annual Exam',40),(59711,'042','Half Yearly Exam',38),(59711,'042','Unit Test 1',13),(59711,'042','Unit Test 2',13),(59711,'043','Annual Exam',43),(59711,'043','Half Yearly Exam',39),(59711,'043','Unit Test 1',12),(59711,'043','Unit Test 2',16),(59711,'044','Annual Exam',42),(59711,'044','Half Yearly Exam',34),(59711,'044','Unit Test 1',16),(59711,'044','Unit Test 2',12),(59711,'301','Annual Exam',37),(59711,'301','Half Yearly Exam',36),(59711,'301','Unit Test 1',11),(59711,'301','Unit Test 2',13),(59771,'054','Annual Exam',36),(59771,'054','Half Yearly Exam',36),(59771,'054','Unit Test 1',17),(59771,'054','Unit Test 2',13),(59771,'065','Annual Exam',49),(59771,'065','Half Yearly Exam',49),(59771,'065','Unit Test 1',16),(59771,'065','Unit Test 2',11),(59771,'116','Annual Exam',35),(59771,'116','Half Yearly Exam',50),(59771,'116','Unit Test 1',11),(59771,'116','Unit Test 2',16),(59771,'301','Annual Exam',51),(59771,'301','Half Yearly Exam',49),(59771,'301','Unit Test 1',12),(59771,'301','Unit Test 2',12),(59771,'812','Annual Exam',38),(59771,'812','Half Yearly Exam',49),(59771,'812','Unit Test 1',10),(59771,'812','Unit Test 2',15),(59798,'030','Annual Exam',45),(59798,'030','Half Yearly Exam',55),(59798,'030','Unit Test 1',15),(59798,'030','Unit Test 2',14),(59798,'054','Annual Exam',52),(59798,'054','Half Yearly Exam',55),(59798,'054','Unit Test 1',14),(59798,'054','Unit Test 2',11),(59798,'055','Annual Exam',50),(59798,'055','Half Yearly Exam',52),(59798,'055','Unit Test 1',15),(59798,'055','Unit Test 2',15),(59798,'301','Annual Exam',47),(59798,'301','Half Yearly Exam',52),(59798,'301','Unit Test 1',11),(59798,'301','Unit Test 2',15),(59798,'812','Annual Exam',49),(59798,'812','Half Yearly Exam',32),(59798,'812','Unit Test 1',13),(59798,'812','Unit Test 2',17),(59858,'048','Annual Exam',51),(59858,'048','Half Yearly Exam',33),(59858,'048','Unit Test 1',12),(59858,'048','Unit Test 2',10),(59858,'054','Annual Exam',32),(59858,'054','Half Yearly Exam',41),(59858,'054','Unit Test 1',16),(59858,'054','Unit Test 2',15),(59858,'065','Annual Exam',32),(59858,'065','Half Yearly Exam',46),(59858,'065','Unit Test 1',11),(59858,'065','Unit Test 2',14),(59858,'301','Annual Exam',52),(59858,'301','Half Yearly Exam',32),(59858,'301','Unit Test 1',16),(59858,'301','Unit Test 2',11),(59858,'812','Annual Exam',37),(59858,'812','Half Yearly Exam',38),(59858,'812','Unit Test 1',15),(59858,'812','Unit Test 2',15),(59937,'042','Annual Exam',60),(59937,'042','Half Yearly Exam',58),(59937,'042','Unit Test 1',23),(59937,'042','Unit Test 2',19),(59937,'043','Annual Exam',67),(59937,'043','Half Yearly Exam',59),(59937,'043','Unit Test 1',17),(59937,'043','Unit Test 2',20),(59937,'044','Annual Exam',61),(59937,'044','Half Yearly Exam',56),(59937,'044','Unit Test 1',17),(59937,'044','Unit Test 2',18),(59937,'083','Annual Exam',64),(59937,'083','Half Yearly Exam',56),(59937,'083','Unit Test 1',18),(59937,'083','Unit Test 2',23),(59937,'301','Annual Exam',74),(59937,'301','Half Yearly Exam',71),(59937,'301','Unit Test 1',22),(59937,'301','Unit Test 2',20);
/*!40000 ALTER TABLE `marks` ENABLE KEYS */;
UNLOCK TABLES;

--
-- Table structure for table `marksarchive`
--

DROP TABLE IF EXISTS `marksarchive`;
/*!40101 SET @saved_cs_client     = @@character_set_client */;
/*!50503 SET character_set_client = utf8mb4 */;
CREATE TABLE `marksarchive` (
  `GRNo` int DEFAULT NULL,
  `SubID` char(3) DEFAULT NULL,
  `Exam` varchar(30) DEFAULT NULL,
  `Marks` int DEFAULT NULL,
  `AcadYear` varchar(10) NOT NULL
) ENGINE=InnoDB DEFAULT CHARSET=utf8mb4 COLLATE=utf8mb4_0900_ai_ci;
/*!40101 SET character_set_client = @saved_cs_client */;

--
-- Dumping data for table `marksarchive`
--

LOCK TABLES `marksarchive` WRITE;
/*!40000 ALTER TABLE `marksarchive` DISABLE KEYS */;
/*!40000 ALTER TABLE `marksarchive` ENABLE KEYS */;
UNLOCK TABLES;

--
-- Table structure for table `students`
--

DROP TABLE IF EXISTS `students`;
/*!40101 SET @saved_cs_client     = @@character_set_client */;
/*!50503 SET character_set_client = utf8mb4 */;
CREATE TABLE `students` (
  `GRNo` int NOT NULL,
  `Name` varchar(30) DEFAULT NULL,
  `Father` varchar(30) DEFAULT NULL,
  `Mother` varchar(30) DEFAULT NULL,
  `DOB` date DEFAULT NULL,
  `Class` varchar(15) DEFAULT NULL,
  `Roll` int DEFAULT NULL,
  PRIMARY KEY (`GRNo`),
  KEY `Class` (`Class`),
  CONSTRAINT `students_ibfk_1` FOREIGN KEY (`Class`) REFERENCES `class` (`Class`) ON DELETE SET NULL
) ENGINE=InnoDB DEFAULT CHARSET=utf8mb4 COLLATE=utf8mb4_0900_ai_ci;
/*!40101 SET character_set_client = @saved_cs_client */;

--
-- Dumping data for table `students`
--

LOCK TABLES `students` WRITE;
/*!40000 ALTER TABLE `students` DISABLE KEYS */;
INSERT INTO `students` VALUES (45081,'Asif Fadil','Fadil Rizwan','Zahara Ghazala','2006-08-23','12B03',11),(45099,'Asad Shuaib','Shuaib Ikram','Amara Nimra','2007-09-08','12B01',8),(45118,'Anwar Majeed','Majeed Saad','Talia Tamara','2006-07-10','12B07',12),(45210,'Fahim Noman','Noman Tauqeer','Laila Tahira','2007-09-08','12B02',4),(45225,'Aaqib Riyad','Riyad Rayyan','Zara Esma','2006-02-09','12B04',12),(45239,'Ismail Abdul Rahman','Abdul Rahman Tanveer','Fatima Dilshad','2007-03-27','12B03',39),(45305,'Ayaan Yusuf','Yusuf Khizar','Khatoon Mehwish','2007-04-07','12B03',18),(45318,'Rafi Yusuf','Yusuf Shafiq','Rahma Rabea','2006-12-16','12B02',31),(45333,'Fadil Sohail','Sohail Yasir','Mariam Hadiya','2006-11-20','12B07',5),(45377,'Salah Tariq','Tariq Rauf','Anam Anam','2007-07-12','12B01',20),(45378,'Yahya Qasim','Qasim Raza','Sabah Rimsha','2006-11-24','12B06',39),(45394,'Ikram Tahsin','Tahsin Raza','Munazza Rabea','2006-04-02','12B06',19),(45432,'Fahim Nauman','Nauman Shakir','Zehra Parveen','2007-11-20','12B03',37),(45444,'Shahid Yasir','Yasir Mazhar','Sadia Sobia','2006-04-27','12B01',39),(45535,'Asghar Shahid','Shahid Ihsan','Meherun Kainat','2007-03-28','12B07',13),(45554,'Nasir Bashar','Bashar Hashim','Nida Sameeha','2007-06-07','12B01',11),(45559,'Kamran Danish','Danish Jabir','Rida Meher','2006-12-06','12B07',46),(45560,'Alam Raed','Raed Shaikh','Zakiyah Iqra','2007-09-16','12B02',12),(45579,'Ehtesham Hussain','Hussain Jameel','Sobia Farah','2006-07-23','12B06',23),(45603,'Bilal Yamin','Yamin Tauqeer','Sarah Shadia','2007-02-15','12B03',28),(45623,'Siddiq Sohail','Sohail Rafi','Shama Kulthum','2006-02-01','12B03',14),(45648,'Aadil Murtaza','Murtaza Suhail','Roohina Zainab','2006-12-05','12B07',18),(45734,'Zaheer Wahid','Wahid Naseem','Yasmin Nadia','2007-01-26','12B07',31),(45763,'Sami Ilyas','Ilyas Tanveer','Amara Zainah','2006-03-23','12B02',8),(45810,'Saad Dawood','Dawood Asif','Misbah Kulthum','2006-05-25','12B07',43),(45858,'Raed Qamar','Qamar Mushtaq','Misbah Mariam','2007-09-23','12B05',2),(45925,'Farhatullah Naseem','Naseem Basim','Gulnaz Nashita','2006-04-09','12B06',35),(45966,'Ubaid Athar','Athar Zaheer','Iqbal Tala','2005-12-24','12B06',7),(45974,'Ehtesham Tanveer','Tanveer Luay','Sanober Qamar','2005-12-09','12B01',26),(46045,'Nayef Sohail','Sohail Faizan','Rihana Jaida','2007-08-07','12B03',9),(46082,'Aariz Sufyan','Sufyan Basim','Aziza Nuha','2007-05-06','12B06',12),(46277,'Fahim Naeem','Naeem Saad','Meher Gulnaz','2007-10-27','12B02',1),(46322,'Moin Imtiaz','Imtiaz Suhail','Ranya Ranya','2006-08-12','12B03',21),(46643,'Waseem Basim','Basim Shamim','Aasifa Ahlam','2006-04-19','12B04',39),(46681,'Aariz Shamsi','Shamsi Najm','Sobia Rubina','2007-05-19','12B07',21),(46682,'Qamar Basim','Basim Rayyan','Zainab Nadia','2006-12-26','12B04',14),(46700,'Yahya Shamim','Shamim Arsalan','Fareeha Rabea','2007-03-24','12B03',40),(46721,'Sajid Latif','Latif Firoz','Zaira Qudsia','2005-12-24','12B05',44),(46778,'Zubair Shaaban','Shaaban Athar','Esma Jannah','2007-07-26','12B06',3),(46789,'Mehdi Anees','Anees Anwar','Sabah Ayisha','2007-08-28','12B04',33),(46923,'Saqib Fahim','Fahim Taha','Nafisa Maya','2006-01-15','12B03',35),(46939,'Bashir Musa','Musa Maaz','Shagufta Aasifa','2006-05-02','12B05',48),(46943,'Azam Farooq','Farooq Majid','Farah Shabana','2006-09-25','12B02',38),(46991,'Asif Shafiq','Shafiq Naeem','Ghazala Uzma','2006-09-08','12B04',42),(47069,'Azhar Danyal','Danyal Abdullah','Zakia Nabila','2006-01-25','12B04',21),(47158,'Naim Taha','Taha Latif','Azka Nimra','2006-01-27','12B01',24),(47220,'Abdul Rahman Siraj','Siraj Yamin','Nasreen Maliha','2007-06-22','12B05',21),(47246,'Anwar Murtaza','Murtaza Iskander','Farrah Lubna','2007-10-18','12B05',3),(47252,'Mehdi Fahim','Fahim Saad','Zakia Nusaybah','2005-12-02','12B07',48),(47330,'Faisal Ali','Ali Aziz','Eimaan Anam','2007-08-17','12B07',6),(47405,'Rameez Saleem','Saleem Bilal','Shaista Qamar','2006-09-23','12B04',29),(47420,'Qasim Sameer','Sameer Tariq','Shaista Shadia','2006-01-07','12B01',22),(47424,'Jamal Khizar','Khizar Arsalan','Amara Nazish','2007-11-20','12B03',22),(47451,'Qais Tariq','Tariq Marwan','Iqra Nihal','2006-02-21','12B05',25),(47472,'Nadeem Majid','Majid Nauman','Aaliyah Ayat','2007-01-04','12B07',33),(47480,'Junaid Ismail','Ismail Majeed','Shama Shama','2006-12-18','12B07',27),(47565,'Shabbir Ashraf','Ashraf Shakir','Gulnaz Naima','2006-09-08','12B01',10),(47629,'Sameer Riyad','Riyad Harun','Mehwish Azka','2006-12-14','12B01',30),(47641,'Qadeer Tabish','Tabish Maaz','Abeer Mahnoor','2007-04-11','12B02',36),(47643,'Taha Aslam','Aslam Shaikh','Zahara Faryal','2006-10-24','12B01',14),(47667,'Samir Tabish','Tabish Qasim','Ghazal Eman','2006-07-09','12B02',21),(47686,'Mazin Baqar','Baqar Habib','Aisha Ghazala','2007-09-13','12B03',24),(47706,'Nawaz Ehtesham','Ehtesham Abdullah','Amira Anam','2006-04-12','12B06',20),(47725,'Mujtaba Suhail','Suhail Siddiq','Rida Nashwa','2006-09-01','12B05',43),(47756,'Nawaz Sohail','Sohail Hakeem','Qamar Jamila','2006-01-05','12B05',23),(47759,'Faizan Farooq','Farooq Rasheed','Aleena Omaima','2006-09-06','12B02',18),(47783,'Salman Majid','Majid Taha','Aaliyah Ayat','2006-08-23','12B05',17),(47793,'Umar Hadi','Hadi Zubair','Sarina Zohra','2006-02-04','12B04',23),(47810,'Zaki Hammad','Hammad Mujtaba','Samira Fareeha','2007-02-20','12B07',25),(47928,'Ayman Numan','Numan Maaz','Nuha Anisa','2007-09-01','12B01',36),(47986,'Amir Saleh','Saleh Taha','Areeba Hania','2007-02-10','12B01',32),(48035,'Faizan Khalid','Khalid Hameed','Asma Haleema','2007-11-26','12B04',8),(48169,'Sami Waleed','Waleed Anees','Laila Nida','2007-07-18','12B03',42),(48193,'Suleiman Sadiq','Sadiq Tahsin','Bushra Neha','2007-05-10','12B06',29),(48213,'Mahmoud Hussain','Hussain Dawood','Iqbal Hadiya','2007-07-13','12B04',22),(48332,'Kamran Qadeer','Qadeer Shuaib','Ahlam Eimaan','2006-04-07','12B02',11),(48347,'Faizan Raza','Raza Farooq','Fareeha Meherun','2007-01-19','12B05',22),(48382,'Tamim Usman','Usman Zaid','Sumaya Inaya','2006-06-18','12B02',20),(48408,'Rameez Arif','Arif Usman','Hadiya Hidaya','2006-05-16','12B04',19),(48569,'Rashid Sufyan','Sufyan Naseem','Farzana Mehr','2006-11-21','12B07',17),(48578,'Imran Farooq','Farooq Shuaib','Neha Zarifa','2007-07-06','12B03',12),(48592,'Zaid Shuaib','Shuaib Irfan','Ghazal Yumna','2007-03-19','12B07',10),(48660,'Faiz Jawad','Jawad Tanveer','Parveen Sumaya','2006-05-03','12B01',1),(48729,'Tariq Sami','Sami Ihsan','Hala Lujain','2006-08-15','12B07',22),(48766,'Yamin Waleed','Waleed Zaheer','Mariam Ghazal','2007-09-03','12B02',24),(48814,'Jawad Shamsi','Shamsi Ayaan','Ahlam Safa','2005-11-28','12B07',30),(48815,'Waris Anwar','Anwar Murtaza','Khatoon Nafisa','2005-12-27','12B07',34),(48827,'Javed Danish','Danish Ubaid','Fareeha Fareeha','2006-11-05','12B02',9),(48854,'Wajid Ehtesham','Ehtesham Sohail','Maya Zahra','2005-12-08','12B02',48),(48859,'Fahim Imran','Imran Sameer','Sobia Zain','2007-01-26','12B02',43),(48964,'Ubaid Shamim','Shamim Jabir','Haneen Farah','2006-07-05','12B01',37),(48965,'Naeem Imtiaz','Imtiaz Sufyan','Nabila Sarah','2006-12-03','12B01',25),(49004,'Shamsi Hadi','Hadi Wahid','Dana Ayisha','2006-05-16','12B06',25),(49010,'Aziz Azeem','Azeem Dawood','Misbah Farida','2007-08-28','12B01',34),(49045,'Nauman Farhan','Farhan Kamran','Kainat Naima','2007-08-02','12B04',34),(49058,'Majid Yahya','Yahya Rayyan','Nabiha Shazia','2007-01-29','12B01',28),(49088,'Saad Riyad','Riyad Rauf','Ayisha Dana','2007-09-07','12B07',32),(49093,'Latif Shuaib','Shuaib Rizwan','Rihana Fahmida','2007-09-06','12B05',11),(49137,'Saleem Zaid','Zaid Ali','Dana Zahra','2006-10-05','12B01',6),(49157,'Sohail Adil','Adil Najm','Durra Haneen','2007-07-28','12B01',35),(49171,'Sohail Badr','Badr Salman','Kulthum Farida','2007-03-05','12B06',1),(49226,'Qadeer Adnan','Adnan Anwar','Nashita Rowaida','2006-08-01','12B05',31),(49240,'Kais Danish','Danish Zeeshan','Haya Abida','2006-02-06','12B05',36),(49311,'Ilyas Maaz','Maaz Sami','Fareeha Iqbal','2007-10-02','12B04',6),(49323,'Habib Farhan','Farhan Aadil','Zehraa Aasifa','2006-06-09','12B02',29),(49359,'Naveed Yunus','Yunus Sohail','Fiza Sobia','2007-07-16','12B06',13),(49372,'Zameer Sohail','Sohail Hashir','Hira Zuleikha','2007-10-31','12B04',11),(49402,'Yahya Suleiman','Suleiman Badr','Jamila Sanober','2007-11-15','12B04',30),(49417,'Rameez Ubaid','Ubaid Baqar','Zakia Wafa','2006-03-17','12B07',4),(49456,'Hassan Shuaib','Shuaib Nawaz','Naima Kulthum','2006-11-05','12B07',47),(49482,'Ahmad Farooq','Farooq Ibrahim','Farzana Zara','2006-03-30','12B05',13),(49486,'Ahmad Tasnim','Tasnim Saad','Sadia Alina','2006-03-01','12B04',35),(49536,'Hashir Mujtaba','Mujtaba Tariq','Omaima Zehraa','2006-08-18','12B05',9),(49553,'Majeed Younus','Younus Abdul Rahman','Najat Ayat','2007-10-11','12B04',36),(49681,'Muhammad Zain','Zain Sami','Sobia Ruba','2007-06-07','12B05',29),(49708,'Shaikh Irfan','Irfan Shahid','Nayab Nadine','2007-09-23','12B06',46),(49710,'Tasnim Javed','Javed Raheem','Rasha Aisha','2007-05-23','12B02',16),(49821,'Hakeem Sohail','Sohail Yamin','Saniya Rimsha','2007-01-17','12B06',28),(50014,'Salman Tamim','Tamim Zeeshan','Shadia Tala','2007-06-04','12B07',3),(50102,'Shaikh Nayef','Nayef Anwar','Tamara Zakia','2007-02-26','12B06',2),(50113,'Jamal Hussain','Hussain Tariq','Nuha Nayab','2006-06-10','12B01',33),(50157,'Subhan Danyal','Danyal Zubair','Ayesha Nada','2005-12-05','12B07',38),(50203,'Ahmad Harun','Harun Abdul Rahman','Hadiya Zara','2007-09-30','12B05',10),(50247,'Samiullah Mujtaba','Mujtaba Mazin','Anam Rowaida','2006-09-19','12B05',6),(50287,'Sameer Saad','Saad Shakir','Benish Qudsia','2007-04-24','12B03',36),(50306,'Qadeer Adil','Adil Salman','Rida Iqra','2007-04-08','12B03',33),(50467,'Aadil Shahid','Shahid Mahdi','Mehwish Shazia','2007-05-08','12B03',3),(50488,'Rizwan Yusuf','Yusuf Hameed','Rahma Lamya','2006-03-05','12B02',19),(50519,'Asghar Zameer','Zameer Jamal','Sabeen Jaida','2006-08-18','12B04',25),(50537,'Sohail Badr','Badr Ihsan','Sameeha Meher','2006-09-08','12B03',5),(50545,'Aziz Marwan','Marwan Sarfraz','Qudsia Haya','2006-01-04','12B02',45),(50642,'Abdul Rahman Siddiq','Siddiq Siraj','Saima Nashwa','2006-10-17','12B04',32),(50730,'Qais Shahbaz','Shahbaz Nawaz','Sanober Qudsia','2007-08-19','12B01',27),(50780,'Rasheed Mehdi','Mehdi Shafiq','Aaminah Naseem','2007-11-01','12B04',3),(50804,'Salah Shamim','Shamim Fahim','Wahida Warda','2006-05-17','12B04',26),(50916,'Nadeem Yusuf','Yusuf Shakir','Wafa Alina','2006-04-08','12B06',36),(50920,'Yamin Jawad','Jawad Nasir','Ghazal Nayab','2006-07-12','12B04',31),(50946,'Shaheen Tabish','Tabish Badr','Nayab Ranya','2007-01-08','12B05',32),(51017,'Usman Waris','Waris Sohail','Aisha Muntaha','2007-10-21','12B07',11),(51037,'Shaheen Hashir','Hashir Saleem','Anam Naseem','2006-04-20','12B07',1),(51063,'Raed Farhan','Farhan Azeez','Zakiyah Ruqayya','2007-04-05','12B06',8),(51085,'Nayef Muhammad','Muhammad Ihsan','Haleema Sabah','2006-09-29','12B05',38),(51103,'Waris Sarfraz','Sarfraz Shahbaz','Iqbal Anam','2007-08-10','12B07',23),(51134,'Subhan Musa','Musa Ayaan','Irsa Nadia','2007-09-24','12B06',40),(51178,'Najm Zubair','Zubair Rafi','Iqra Marwa','2007-02-24','12B05',33),(51206,'Kais Saad','Saad Sohail','Rimsha Tala','2006-04-02','12B06',9),(51244,'Waris Majeed','Majeed Burhan','Nabiha Fahmida','2007-02-17','12B07',37),(51502,'Qamar Muaz','Muaz Imran','Shadia Rabia','2007-02-04','12B01',4),(51591,'Anwar Arsalan','Arsalan Hashim','Mahnoor Fatima','2006-02-02','12B07',15),(51644,'Jawed Shahbaz','Shahbaz Saad','Mariam Nafisa','2006-05-03','12B07',41),(51650,'Zameer Qamar','Qamar Rasheed','Hala Marwa','2007-10-07','12B06',18),(51658,'Anwar Saleem','Saleem Mujahid','Marwa Farzana','2006-01-01','12B02',34),(51664,'Shaheer Tariq','Tariq Abdul Rahman','Inaya Daliyah','2007-03-15','12B01',5),(51745,'Hassan Bashir','Bashir Tahsin','Sameeha Nazish','2007-06-26','12B04',2),(51779,'Kamran Jameel','Jameel Yusuf','Maya Wafa','2007-05-12','12B03',27),(51847,'Majeed Ibrahim','Ibrahim Ehtesham','Anam Nasreen','2006-06-04','12B01',12),(51911,'Tasleem Musa','Musa Mustafa','Habiba Faryal','2007-02-21','12B01',42),(51961,'Younus Mujahid','Mujahid Khalid','Gulzar Anisa','2006-06-29','12B04',16),(52013,'Khizar Mahmoud','Mahmoud Raed','Anisa Samira','2007-07-23','12B06',27),(52044,'Zain Mehdi','Mehdi Kamran','Haleema Tasneem','2007-05-03','12B03',6),(52099,'Irfan Mujahid','Mujahid Wajid','Zehraa Kashifa','2007-08-03','12B06',44),(52105,'Yusuf Arif','Arif Ismail','Jaida Lamis','2007-01-01','12B02',13),(52123,'Ayman Bashir','Bashir Rayyan','Kulthum Nadia','2007-02-28','12B05',4),(52140,'Khalid Sufyan','Sufyan Ibrahim','Nasreen Maryam','2006-06-08','12B05',40),(52174,'Firoz Hammad','Hammad Mustafa','Muntaha Lubna','2007-07-12','12B02',6),(52290,'Danyal Tamim','Tamim Ehtesham','Wahida Esma','2006-01-25','12B06',17),(52345,'Aslam Najm','Najm Aadil','Saniya Zahara','2006-11-13','12B06',34),(52383,'Ehtesham Usman','Usman Mujeeb','Lujain Meher','2007-10-03','12B04',13),(52444,'Bilal Mehdi','Mehdi Waris','Fatima Afreen','2007-01-07','12B07',19),(52503,'Hussain Nadeem','Nadeem Shaban','Farrah Kashifa','2006-05-23','12B03',16),(52539,'Ihsan Shuaib','Shuaib Sami','Lujain Ghazal','2006-01-14','12B05',1),(52563,'Ihsan Naseem','Naseem Ibrahim','Safa Haneen','2006-12-08','12B04',24),(52569,'Umar Mahmoud','Mahmoud Nayef','Iqra Malak','2006-03-26','12B05',8),(52584,'Danyal Shaheen','Shaheen Yasir','Anam Sabah','2007-11-13','12B02',47),(52632,'Hammad Athar','Athar Aaqib','Fiza Haneen','2006-12-25','12B06',26),(52687,'Shaaban Umar','Umar Hadi','Nadia Hala','2007-10-14','12B07',26),(52790,'Sufyan Yasir','Yasir Mehdi','Nimra Hira','2006-11-03','12B06',10),(52799,'Siddiq Ashraf','Ashraf Hashim','Aisha Zarina','2007-02-09','12B05',26),(52815,'Anwar Mahmoud','Mahmoud Subhan','Nida Irsa','2006-10-03','12B07',14),(52832,'Shahbaz Raza','Raza Raed','Zarifa Uzma','2005-12-27','12B04',15),(52895,'Taha Tamim','Tamim Tabish','Aasifa Haya','2006-05-02','12B05',30),(52904,'Irfan Ammar','Ammar Hameed','Nafisa Nadine','2006-09-22','12B01',23),(52925,'Tasnim Zeeshan','Zeeshan Ihsan','Aaliyah Hira','2006-10-20','12B01',19),(52931,'Yahya Firoz','Firoz Mustafa','Asma Faryal','2006-07-29','12B05',39),(52945,'Hameed Sami','Sami Najib','Fahmida Tala','2006-04-10','12B04',7),(52953,'Rasheed Alam','Alam Saif','Mahira Mehr','2007-05-12','12B07',28),(52963,'Junaid Baqar','Baqar Qamar','Maha Sadia','2007-10-31','12B04',27),(53008,'Mahdi Raed','Raed Salman','Tahira Meherun','2006-03-03','12B05',28),(53086,'Waleed Qais','Qais Sohail','Rihana Shadia','2006-11-26','12B05',12),(53089,'Shakir Najib','Najib Suhail','Warda Sobia','2007-03-07','12B04',37),(53120,'Ahmed Qais','Qais Sohail','Zaina Aisha','2006-10-08','12B01',2),(53262,'Raed Saleh','Saleh Bilal','Nasreen Nabila','2006-09-17','12B01',21),(53375,'Saleem Wajid','Wajid Naim','Jaida Dilshad','2007-07-26','12B03',8),(53399,'Umar Suhail','Suhail Najib','Sara Mahnoor','2007-01-06','12B02',7),(53512,'Abdul Rahman Basim','Basim Raza','Nida Zahra','2007-09-24','12B03',10),(53528,'Danish Rashid','Rashid Saleh','Zain Rubina','2005-12-17','12B02',15),(53606,'Ayaan Zaid','Zaid Naseem','Tamara Lina','2007-04-06','12B05',45),(53612,'Tauqeer Raza','Raza Latif','Hala Kainat','2006-12-30','12B06',41),(53669,'Ibrahim Ammar','Ammar Shaaban','Warda Samar','2007-05-22','12B03',41),(53682,'Kamran Mehdi','Mehdi Adam','Mahira Heer','2007-06-30','12B03',34),(53707,'Zaheer Mujahid','Mujahid Ayman','Alia Anam','2006-10-14','12B03',32),(53725,'Samiullah Riyad','Riyad Zaki','Iqra Azka','2006-11-28','12B02',32),(53804,'Zaheer Naim','Naim Nawaz','Raheela Warda','2007-05-12','12B04',43),(53865,'Zameer Shakir','Shakir Sameer','Alia Lubna','2006-04-29','12B03',30),(53896,'Rauf Nayef','Nayef Tanveer','Aisha Aaminah','2007-02-13','12B07',29),(53999,'Khalid Fahad','Fahad Ihsan','Munira Alia','2006-07-14','12B03',20),(54004,'Aadil Basim','Basim Shabbir','Sadaf Zehraa','2006-03-07','12B07',44),(54010,'Yusuf Marwan','Marwan Mujtaba','Kashifa Heer','2006-05-14','12B06',42),(54188,'Asif Younus','Younus Ali','Reem Saima','2006-07-02','12B06',6),(54220,'Hameed Naeem','Naeem Zaheer','Saniya Maryam','2006-03-25','12B05',42),(54347,'Azeem Ayman','Ayman Naasiruddin','Muntaha Rabia','2006-11-28','12B02',26),(54374,'Mushtaq Shamim','Shamim Athar','Iqra Najat','2006-08-14','12B07',40),(54501,'Mustafa Khizar','Khizar Moin','Kulthum Ruba','2007-05-13','12B02',46),(54611,'Fahad Tasnim','Tasnim Shaheer','Jaida Meherun','2006-05-06','12B04',10),(54669,'Fahad Dawood','Dawood Shahbaz','Sahar Sadaf','2006-05-13','12B07',24),(54687,'Bilal Jameel','Jameel Sameer','Jannah Maryam','2006-01-03','12B04',18),(54737,'Adam Wahid','Wahid Suleiman','Muntaha Luna','2006-04-02','12B01',31),(54809,'Naseem Zafar','Zafar Ayman','Wahida Iqra','2007-03-08','12B02',5),(54841,'Noman Danish','Danish Danish','Saniya Ruba','2005-12-25','12B01',16),(54880,'Farhan Baqar','Baqar Shamsi','Zia Zaira','2006-01-01','12B03',23),(54895,'Saad Danish','Danish Sarfraz','Maryam Shama','2006-03-07','12B03',17),(54940,'Azeem Umar','Umar Yusuf','Aziza Jawahir','2006-03-25','12B01',18),(55057,'Arsalan Nadeem','Nadeem Shabbir','Uzma Safa','2007-11-21','12B04',41),(55090,'Sufyan Yunus','Yunus Sohail','Sabeen Uzma','2006-07-24','12B02',39),(55098,'Qais Hakeem','Hakeem Yahya','Aaminah Laila','2007-08-11','12B02',42),(55155,'Burhan Waseem','Waseem Burhan','Razan Ghazala','2006-05-27','12B06',15),(55191,'Fahim Aariz','Aariz Naseem','Sumaya Afreen','2006-10-11','12B01',7),(55341,'Alam Ubaid','Ubaid Azhar','Tasneem Farida','2006-11-14','12B02',27),(55397,'Shaheen Aadil','Aadil Anas','Hawa Mehwish','2007-01-29','12B06',45),(55407,'Salman Hadi','Hadi Baqar','Azka Iqra','2006-09-24','12B02',23),(55471,'Sami Yunus','Yunus Junaid','Aziza Zia','2006-03-24','12B05',18),(55533,'Ahmed Qamar','Qamar Ghulam','Aisha Suhaila','2006-07-15','12B06',33),(55624,'Harun Latif','Latif Yunus','Nuha Shama','2006-03-19','12B01',40),(55636,'Aadil Shahid','Shahid Naim','Suhaila Lubna','2007-01-07','12B05',24),(55652,'Saad Arif','Arif Numan','Qudsia Zainab','2007-03-08','12B01',43),(55693,'Abdullah Usman','Usman Shaheer','Afreen Zainah','2007-07-08','12B05',14),(55844,'Athar Raza','Raza Waris','Gulnaz Jamila','2005-12-11','12B07',36),(55983,'Shafiq Danyal','Danyal Mehdi','Gulzar Nour','2006-04-15','12B01',3),(55984,'Zaheer Qais','Qais Wajid','Rida Zarina','2006-07-01','12B03',25),(55999,'Anees Burhan','Burhan Nawaz','Fareeha Rasha','2006-07-10','12B06',16),(56064,'Mahmoud Firoz','Firoz Burhan','Iqra Nazish','2006-06-16','12B06',47),(56069,'Shaheen Shaheen','Shaheen Basim','Bushra Tamara','2006-12-16','12B04',9),(56128,'Dawood Shafiq','Shafiq Shaheer','Neha Farida','2007-07-12','12B05',19),(56148,'Alam Qadeer','Qadeer Kamran','Zinat Rowaida','2007-11-09','12B07',45),(56243,'Fahad Mujeeb','Mujeeb Zafar','Zaira Zarifa','2007-01-04','12B01',44),(56246,'Tauqeer Waseem','Waseem Noman','Ranya Hafsa','2006-01-13','12B07',35),(56264,'Waleed Ehtesham','Ehtesham Faizan','Abeer Kulthum','2006-03-19','12B03',31),(56280,'Shamsi Adam','Adam Hanif','Afreen Nabila','2007-10-14','12B02',25),(56296,'Tanveer Zameer','Zameer Sameer','Aisha Nabiha','2006-11-15','12B05',7),(56297,'Shamsi Qamar','Qamar Tasleem','Lamis Nida','2006-10-14','12B02',44),(56334,'Ayman Asif','Asif Subhan','Zakia Sanober','2007-10-14','12B02',17),(56338,'Ihsan Tauqeer','Tauqeer Raza','Zoya Ayisha','2006-10-03','12B05',37),(56347,'Ahmad Mushtaq','Mushtaq Imran','Tasneem Maha','2007-10-31','12B01',15),(56354,'Nawaz Aadil','Aadil Ubaid','Haya Sadia','2007-07-25','12B07',9),(56414,'Taha Mehdi','Mehdi Subhan','Maryam Sadaf','2007-07-02','12B06',22),(56508,'Sadiq Azeez','Azeez Danyal','Lamis Hadiya','2007-10-27','12B03',19),(56541,'Jameel Majid','Majid Yahya','Jehan Iqra','2007-05-18','12B04',4),(56544,'Mujeeb Farooq','Farooq Sami','Zain Nargis','2007-01-17','12B05',20),(56622,'Mujtaba Numan','Numan Bashir','Aaliyah Gulzar','2007-04-26','12B06',32),(56672,'Wajid Sami','Sami Tariq','Sara Mehwish','2007-02-14','12B07',39),(56736,'Shaheen Umar','Umar Suleiman','Ayat Nida','2006-03-29','12B02',41),(56892,'Abdullah Irfan','Irfan Hashim','Rasha Khatoon','2006-10-25','12B06',37),(57143,'Nauman Wajid','Wajid Zaki','Najat Rabia','2007-07-16','12B02',28),(57219,'Shaheer Mustafa','Mustafa Aariz','Lubna Qamar','2007-03-08','12B03',38),(57285,'Nayef Sami','Sami Hammad','Raheela Haneen','2006-08-02','12B03',4),(57380,'Fahim Firoz','Firoz Yusuf','Khatoon Dana','2007-03-12','12B04',28),(57452,'Naasiruddin Raheem','Raheem Ibrahim','Lamya Eimaan','2006-05-10','12B03',26),(57481,'Hanif Saad','Saad Faiz','Zahara Zaira','2006-01-02','12B05',41),(57487,'Junaid Kamran','Kamran Dawood','Jaida Meherun','2007-09-19','12B02',22),(57515,'Idrees Adil','Adil Farooq','Noor Jaida','2007-08-23','12B06',43),(57538,'Yunus Jameel','Jameel Muaz','Samira Basma','2007-05-11','12B05',15),(57549,'Hameed Zeeshan','Zeeshan Murtaza','Iqbal Zainab','2006-02-10','12B06',38),(57586,'Yasir Hadi','Hadi Ahmad','Fatima Sumaya','2007-02-23','12B03',7),(57671,'Salah Murtaza','Murtaza Zaheer','Zarina Alia','2007-07-26','12B06',14),(57679,'Aziz Asif','Asif Anwar','Alia Irsa','2006-05-10','12B06',4),(57680,'Baqar Aadil','Aadil Abdul Rahman','Nazish Elaf','2006-07-26','12B01',9),(57696,'Hameed Yahya','Yahya Hadi','Rayya Sara','2006-12-11','12B04',20),(57726,'Umar Saleh','Saleh Adnan','Nusaybah Zohra','2006-02-21','12B04',1),(57753,'Alam Asif','Asif Sajjad','Marwa Nada','2007-10-17','12B07',20),(57789,'Adeel Asif','Asif Jameel','Shabana Naseem','2006-03-09','12B06',30),(57810,'Jameel Nauman','Nauman Tamim','Qudsia Nasreen','2006-11-25','12B06',21),(57817,'Baqar Ikram','Ikram Tahsin','Jawahir Aasifa','2006-05-14','12B02',40),(57924,'Jameel Shahnawaz','Shahnawaz Sufyan','Sanober Aaliyah','2007-04-25','12B03',13),(57985,'Sami Firoz','Firoz Asghar','Hala Tala','2007-04-30','12B05',34),(57998,'Ismail Shamim','Shamim Naasiruddin','Qamar Salma','2005-11-28','12B07',42),(58012,'Umar Latif','Latif Asad','Farrah Zaira','2007-10-28','12B02',3),(58082,'Mehdi Tanveer','Tanveer Numan','Afreen Juhi','2006-09-20','12B02',2),(58187,'Tanveer Muaz','Muaz Naseem','Mariam Aisha','2007-07-22','12B04',38),(58207,'Zameer Hassan','Hassan Fahim','Rahima Zara','2005-12-07','12B04',40),(58413,'Suleiman Younus','Younus Ahmad','Tasneem Rahma','2006-07-11','12B02',33),(58435,'Naasiruddin Majeed','Majeed Qadeer','Heer Ruqayya','2006-05-13','12B06',24),(58489,'Mazin Farhan','Farhan Azam','Haleema Farah','2006-01-07','12B05',16),(58491,'Alam Hakeem','Hakeem Waleed','Haneen Jamila','2006-07-15','12B04',5),(58706,'Tauqeer Zaki','Zaki Fahim','Yasmin Rahima','2006-02-04','12B03',15),(58770,'Moinuddin Shamsi','Shamsi Qais','Nashita Zohra','2006-05-05','12B05',46),(58907,'Bashir Shamim','Shamim Moinuddin','Salma Ayesha','2006-05-08','12B06',5),(58931,'Salah Sohail','Sohail Shahnawaz','Zinat Tala','2006-10-01','12B01',38),(58935,'Sohail Yunus','Yunus Shaaban','Zain Mashaal','2006-04-21','12B03',29),(58957,'Kais Habib','Habib Junaid','Nuha Tasneem','2007-08-24','12B06',11),(59030,'Bashar Adam','Adam Arif','Rayya Areeba','2006-06-17','12B05',27),(59042,'Numan Raza','Raza Burhan','Parveen Omaima','2007-04-21','12B02',35),(59054,'Qamar Azeem','Azeem Shamsi','Misbah Nihal','2007-08-18','12B06',31),(59115,'Qamar Sarfraz','Sarfraz Saleem','Kashifa Asra','2006-02-10','12B05',47),(59164,'Tasleem Siddiq','Siddiq Qasim','Basma Heer','2007-05-25','12B01',13),(59207,'Azeez Ubaid','Ubaid Qais','Gulnaz Anisa','2007-03-09','12B04',44),(59310,'Shahnawaz Rameez','Rameez Naeem','Isra Reem','2007-03-05','12B05',35),(59394,'Rasheed Ayman','Ayman Nawaz','Bushra Safa','2007-05-28','12B05',5),(59428,'Tamim Mustafa','Mustafa Waleed','Dilshad Haya','2007-03-10','12B03',1),(59489,'Ibrahim Saleh','Saleh Raza','Samira Dilshad','2006-03-15','12B02',10),(59512,'Noman Luay','Luay Hameed','Farzana Maliha','2006-12-02','12B01',17),(59532,'Ahmed Shabbir','Shabbir Shahnawaz','Heer Farah','2006-03-31','12B01',41),(59621,'Nawaz Moinuddin','Moinuddin Bashar','Nadia Neha','2006-10-09','12B02',30),(59672,'Abbas Suleiman','Suleiman Majeed','Hidaya Amara','2006-03-01','12B03',2),(59680,'Najm Shaheer','Shaheer Anwar','Farrah Saima','2007-03-27','12B07',2),(59693,'Adnan Fadil','Fadil Numan','Ayisha Jaida','2006-10-21','12B07',7),(59699,'Rasheed Tariq','Tariq Waqas','Shama Nashwa','2006-08-28','12B02',37),(59711,'Idrees Zaheer','Zaheer Jawed','Sumaya Tala','2006-10-17','12B07',8),(59771,'Nasir Luay','Luay Danish','Fareeha Kashifa','2006-04-05','12B02',14),(59798,'Fadil Rameez','Rameez Rashid','Zarifa Tayyaba','2007-08-09','12B04',17),(59858,'Tariq Saqib','Saqib Samir','Gulzar Sara','2007-08-17','12B01',29),(59937,'Ayaan Badr','Badr Sami','Benazir Laila','2006-10-19','12B07',16);
/*!40000 ALTER TABLE `students` ENABLE KEYS */;
UNLOCK TABLES;

--
-- Table structure for table `studentsarchive`
--

DROP TABLE IF EXISTS `studentsarchive`;
/*!40101 SET @saved_cs_client     = @@character_set_client */;
/*!50503 SET character_set_client = utf8mb4 */;
CREATE TABLE `studentsarchive` (
  `GRNo` int NOT NULL,
  `Name` varchar(30) DEFAULT NULL,
  `Father` varchar(30) DEFAULT NULL,
  `Mother` varchar(30) DEFAULT NULL,
  `DOB` date DEFAULT NULL,
  `Class` varchar(15) DEFAULT NULL,
  `Roll` int DEFAULT NULL,
  `AcadYear` varchar(10) NOT NULL
) ENGINE=InnoDB DEFAULT CHARSET=utf8mb4 COLLATE=utf8mb4_0900_ai_ci;
/*!40101 SET character_set_client = @saved_cs_client */;

--
-- Dumping data for table `studentsarchive`
--

LOCK TABLES `studentsarchive` WRITE;
/*!40000 ALTER TABLE `studentsarchive` DISABLE KEYS */;
INSERT INTO `studentsarchive` VALUES (45051,'Rauf Zaid','Zaid Azeem','Bushra Ahlam','2007-06-07','12B07',39,'2024-2025'),(45315,'Rayyan Tasleem','Tasleem Basim','Lamya Tala','2007-11-08','12B02',13,'2024-2025'),(45320,'Junaid Sarfraz','Sarfraz Rameez','Naima Samira','2006-01-15','12B05',2,'2024-2025'),(45383,'Samir Azhar','Azhar Mahdi','Rayya Samira','2007-09-28','12B05',19,'2024-2025'),(45392,'Azeez Sohail','Sohail Shuaib','Rimsha Jawahir','2007-11-22','12B03',21,'2024-2025'),(45508,'Ilyas Sameer','Sameer Yusuf','Irsa Tayyaba','2007-08-13','12B05',29,'2024-2025'),(45533,'Ali Hashim','Hashim Kamran','Zoya Zarina','2006-01-14','12B03',13,'2024-2025'),(45598,'Azeez Khalid','Khalid Zaid','Sadia Aasiya','2006-10-29','12B05',27,'2024-2025'),(45652,'Imtiaz Raza','Raza Tahsin','Sumaya Saniya','2007-08-30','12B07',29,'2024-2025'),(45679,'Faizan Alam','Alam Salah','Maryam Zaira','2006-08-12','12B07',17,'2024-2025'),(45699,'Mazin Nasir','Nasir Qais','Suhaila Nafisa','2006-12-12','12B03',18,'2024-2025'),(45741,'Shamim Habib','Habib Luay','Farah Jihan','2006-08-27','12B01',37,'2024-2025'),(45791,'Umar Jameel','Jameel Zaid','Hafsa Najat','2006-07-14','12B04',44,'2024-2025'),(45803,'Ahmed Faiz','Faiz Ali','Aasiya Aaliyah','2006-09-06','12B06',17,'2024-2025'),(45808,'Jamal Zafar','Zafar Hanif','Mariam Benazir','2007-11-10','12B03',19,'2024-2025'),(45881,'Abdullah Mazhar','Mazhar Majid','Ruqayya Jihan','2007-11-12','12B05',28,'2024-2025'),(45933,'Fadil Saleem','Saleem Zaheer','Sadaf Farzana','2006-10-29','12B07',9,'2024-2025'),(45967,'Khalid Yusuf','Yusuf Ilyas','Eimaan Rania','2006-04-09','12B07',11,'2024-2025'),(45993,'Mujeeb Shaheer','Shaheer Burhan','Aaliyah Hala','2007-05-03','12B01',45,'2024-2025'),(46014,'Waseem Nasir','Nasir Khalid','Saima Haya','2006-12-08','12B06',13,'2024-2025'),(46031,'Shuaib Waris','Waris Tariq','Zara Nida','2007-01-15','12B03',5,'2024-2025'),(46061,'Shuaib Nayef','Nayef Shaaban','Durra Naseem','2007-10-07','12B01',11,'2024-2025'),(46065,'Ubaid Umar','Umar Waseem','Sumaira Munira','2006-11-16','12B01',29,'2024-2025'),(46122,'Saad Mushtaq','Mushtaq Firoz','Gulnaz Sanober','2007-07-05','12B02',16,'2024-2025'),(46178,'Najm Yusuf','Yusuf Imran','Zuleikha Sobia','2006-07-15','12B02',38,'2024-2025'),(46185,'Qais Anwar','Anwar Zain','Aasiya Ranya','2007-11-08','12B06',2,'2024-2025'),(46214,'Raza Sajjad','Sajjad Qamar','Gulnaz Aasiya','2007-02-08','12B05',32,'2024-2025'),(46261,'Faizan Shakir','Shakir Yamin','Mariam Mashaal','2006-04-21','12B04',3,'2024-2025'),(46271,'Adil Majid','Majid Qais','Lujain Raheela','2006-08-24','12B04',9,'2024-2025'),(46335,'Khalid Moinuddin','Moinuddin Qamar','Shadia Shabana','2006-08-13','12B04',6,'2024-2025'),(46338,'Hanif Adnan','Adnan Nabil','Daliyah Marwa','2007-01-05','12B01',17,'2024-2025'),(46358,'Ammar Waleed','Waleed Nawaz','Raheela Nimra','2006-11-26','12B07',37,'2024-2025'),(46408,'Mujeeb Zameer','Zameer Saad','Benazir Mahnoor','2007-01-14','12B05',13,'2024-2025'),(46426,'Aaqib Farooq','Farooq Sajjad','Heer Sarah','2007-11-05','12B02',12,'2024-2025'),(46590,'Wahid Latif','Latif Sohail','Ayesha Ayesha','2006-03-09','12B04',45,'2024-2025'),(46633,'Hameed Adnan','Adnan Kareem','Shagufta Tasneem','2007-06-01','12B07',33,'2024-2025'),(46677,'Sohail Sarfraz','Sarfraz Baqar','Sanober Nashwa','2007-08-11','12B07',20,'2024-2025'),(46789,'Alam Saad','Saad Wahid','Neha Anisa','2006-03-30','12B02',19,'2024-2025'),(46805,'Alam Hammad','Hammad Ahmad','Zoya Ahlam','2006-07-02','12B06',4,'2024-2025'),(46893,'Faiz Adam','Adam Imran','Safa Roohina','2006-07-30','12B01',15,'2024-2025'),(46930,'Baqar Moin','Moin Azeez','Iqra Nabiha','2006-01-20','12B04',26,'2024-2025'),(46996,'Nauman Riyad','Riyad Bilal','Najat Zohra','2005-11-30','12B04',21,'2024-2025'),(47041,'Danyal Taha','Taha Sufyan','Kainat Kainat','2006-10-16','12B04',24,'2024-2025'),(47110,'Shamim Basim','Basim Sajid','Saniya Aisha','2007-09-25','12B01',1,'2024-2025'),(47114,'Najib Aslam','Aslam Sohail','Gulzar Zia','2007-03-28','12B05',35,'2024-2025'),(47117,'Numan Usman','Usman Azhar','Naima Lamis','2007-04-25','12B06',7,'2024-2025'),(47134,'Jameel Shakir','Shakir Marwan','Juhi Azka','2006-06-05','12B02',8,'2024-2025'),(47168,'Raheem Ibrahim','Ibrahim Zubair','Zahra Anam','2006-01-03','12B07',46,'2024-2025'),(47221,'Azeem Rizwan','Rizwan Tauqeer','Lujain Humaira','2006-12-16','12B02',6,'2024-2025'),(47227,'Hashir Zain','Zain Saad','Alina Fatema','2007-09-12','12B06',36,'2024-2025'),(47239,'Fahad Moin','Moin Hashir','Hira Ghazala','2006-09-27','12B03',27,'2024-2025'),(47240,'Saqib Raed','Raed Iskander','Mahira Asma','2007-01-14','12B06',45,'2024-2025'),(47295,'Nawaz Abdul Rahman','Abdul Rahman Zaheer','Sara Maha','2007-02-24','12B04',34,'2024-2025'),(47305,'Ahmad Mahmoud','Mahmoud Samiullah','Hira Saadia','2007-10-16','12B05',25,'2024-2025'),(47404,'Hassan Baqar','Baqar Zain','Ruba Sobia','2006-02-01','12B04',4,'2024-2025'),(47470,'Salman Aslam','Aslam Saad','Nazli Saadia','2007-09-27','12B02',15,'2024-2025'),(47499,'Hussain Abdullah','Abdullah Azeez','Hala Maha','2006-03-13','12B02',11,'2024-2025'),(47515,'Asif Qasim','Qasim Shafiq','Yasmin Maliha','2006-04-24','12B07',6,'2024-2025'),(47534,'Kamran Mushtaq','Mushtaq Hakeem','Nida Durra','2007-07-09','12B02',2,'2024-2025'),(47548,'Tamim Junaid','Junaid Ayman','Neha Hafsa','2007-02-08','12B01',21,'2024-2025'),(47552,'Azam Umar','Umar Wahid','Lamis Fiza','2007-05-07','12B07',40,'2024-2025'),(47570,'Mustafa Zubair','Zubair Rameez','Maliha Zainah','2006-07-22','12B02',28,'2024-2025'),(47610,'Kamran Waris','Waris Shahnawaz','Naseem Nashwa','2007-04-10','12B01',46,'2024-2025'),(47637,'Junaid Sameer','Sameer Arsalan','Ayat Benazir','2007-03-26','12B01',39,'2024-2025'),(47708,'Hashim Shaban','Shaban Tanveer','Asma Neha','2007-10-08','12B06',47,'2024-2025'),(47738,'Yusuf Ehtesham','Ehtesham Sohail','Kainat Shagufta','2006-08-29','12B06',14,'2024-2025'),(47808,'Shabbir Ilyas','Ilyas Raed','Tanveer Maya','2006-03-07','12B01',42,'2024-2025'),(47942,'Aadil Ayaan','Ayaan Naseem','Elaf Rayya','2006-08-28','12B04',37,'2024-2025'),(47949,'Hashim Danish','Danish Anwar','Alina Asma','2007-01-09','12B01',22,'2024-2025'),(47967,'Moin Wajid','Wajid Adam','Ghazala Maha','2007-09-27','12B06',16,'2024-2025'),(48004,'Danish Najib','Najib Saad','Ruba Jawahir','2006-05-30','12B06',1,'2024-2025'),(48037,'Zain Naseer','Naseer Anwar','Elaf Gulnaz','2007-08-06','12B02',47,'2024-2025'),(48110,'Naseer Younus','Younus Hakeem','Nour Nihal','2007-04-29','12B04',43,'2024-2025'),(48162,'Azeem Zain','Zain Azeem','Shama Gulnaz','2007-08-04','12B05',4,'2024-2025'),(48269,'Shamsi Junaid','Junaid Mujeeb','Jamila Samira','2007-06-17','12B07',18,'2024-2025'),(48293,'Mujahid Habib','Habib Wajid','Hanan Rasha','2006-05-22','12B02',46,'2024-2025'),(48329,'Adil Qais','Qais Yunus','Abeer Farah','2006-12-30','12B04',7,'2024-2025'),(48338,'Imtiaz Ihsan','Ihsan Mahmoud','Zuleikha Sadaf','2006-09-20','12B02',39,'2024-2025'),(48366,'Zaid Saad','Saad Nayef','Ruba Habiba','2007-01-09','12B06',27,'2024-2025'),(48393,'Mujahid Umar','Umar Salman','Shama Jaida','2006-08-12','12B05',36,'2024-2025'),(48411,'Mahdi Mujahid','Mujahid Tabish','Benish Amira','2007-06-24','12B03',14,'2024-2025'),(48426,'Numan Shafiq','Shafiq Wahid','Shagufta Benazir','2006-06-13','12B03',28,'2024-2025'),(48469,'Waqas Noman','Noman Ammar','Tanveer Saniya','2007-08-26','12B06',3,'2024-2025'),(48560,'Musa Shahnawaz','Shahnawaz Mahdi','Sadia Razan','2007-03-25','12B06',8,'2024-2025'),(48634,'Hakeem Ahmed','Ahmed Tasnim','Hira Mahnoor','2007-08-22','12B06',23,'2024-2025'),(48689,'Shuaib Latif','Latif Samir','Malak Amara','2007-02-04','12B01',35,'2024-2025'),(48890,'Sohail Baqar','Baqar Ibrahim','Nabila Uzma','2007-09-24','12B03',2,'2024-2025'),(48893,'Asghar Muaz','Muaz Taha','Saima Ranya','2007-01-17','12B05',40,'2024-2025'),(48928,'Naeem Hanif','Hanif Zeeshan','Zarina Rimsha','2007-11-19','12B01',43,'2024-2025'),(49041,'Hassan Subhan','Subhan Shaheer','Hira Zaira','2005-12-02','12B04',32,'2024-2025'),(49082,'Nasir Siraj','Siraj Qais','Afreen Roohina','2006-10-10','12B04',36,'2024-2025'),(49100,'Muhammad Ikram','Ikram Mujtaba','Rihana Najat','2007-10-17','12B03',11,'2024-2025'),(49219,'Junaid Javed','Javed Ammar','Naima Nayab','2007-11-26','12B03',10,'2024-2025'),(49222,'Muhammad Abdullah','Abdullah Mujtaba','Zainab Benazir','2006-01-11','12B06',18,'2024-2025'),(49338,'Mazhar Muhammad','Muhammad Taha','Najat Zuleikha','2007-11-21','12B03',32,'2024-2025'),(49418,'Amir Naeem','Naeem Anees','Malak Aisha','2006-08-06','12B03',8,'2024-2025'),(49487,'Aadil Mahmoud','Mahmoud Nabil','Tamara Rayya','2006-01-04','12B02',10,'2024-2025'),(49583,'Aslam Fadil','Fadil Samiullah','Kulthum Nihal','2006-04-23','12B06',30,'2024-2025'),(49765,'Muaz Tasleem','Tasleem Asghar','Hania Sarah','2007-07-08','12B05',16,'2024-2025'),(49917,'Ihsan Hadi','Hadi Mehdi','Sahar Zara','2006-05-17','12B01',25,'2024-2025'),(49935,'Ismail Sameer','Sameer Moinuddin','Tamara Shagufta','2007-09-17','12B03',24,'2024-2025'),(50016,'Tamim Sadiq','Sadiq Shaaban','Daliyah Nadine','2007-11-23','12B01',41,'2024-2025'),(50056,'Naasiruddin Shamim','Shamim Sarfraz','Ayesha Iqbal','2007-02-22','12B01',9,'2024-2025'),(50104,'Dawood Luay','Luay Ehtesham','Sarah Tanveer','2005-12-26','12B03',41,'2024-2025'),(50146,'Ahmad Siddiq','Siddiq Anas','Iqbal Khatoon','2006-09-21','12B06',19,'2024-2025'),(50289,'Azam Tahsin','Tahsin Sarfraz','Shagufta Sabeen','2007-06-25','12B04',22,'2024-2025'),(50309,'Samiullah Aaqib','Aaqib Riyad','Eimaan Zarifa','2007-01-05','12B07',44,'2024-2025'),(50327,'Shahid Yasir','Yasir Hadi','Shabana Hanan','2006-11-11','12B07',24,'2024-2025'),(50391,'Sufyan Suhail','Suhail Sarfraz','Lamya Nasreen','2007-03-10','12B01',30,'2024-2025'),(50401,'Nabil Baqar','Baqar Nauman','Rabea Shaista','2007-01-25','12B03',23,'2024-2025'),(50412,'Tasleem Baqar','Baqar Samiullah','Zinat Basma','2005-11-27','12B02',32,'2024-2025'),(50472,'Mazin Firoz','Firoz Naeem','Anisa Zahara','2006-11-01','12B02',21,'2024-2025'),(50563,'Ahmad Azeez','Azeez Hadi','Rabia Benish','2006-12-09','12B07',1,'2024-2025'),(50618,'Irfan Aadil','Aadil Mujtaba','Salma Sadia','2006-11-16','12B06',9,'2024-2025'),(50638,'Adeel Tanveer','Tanveer Abdul Rahman','Yumna Sameeha','2007-11-02','12B02',14,'2024-2025'),(50727,'Salah Hashim','Hashim Zafar','Isra Zuleikha','2006-01-26','12B01',3,'2024-2025'),(50753,'Anas Javed','Javed Naseem','Fiza Reem','2006-05-09','12B02',33,'2024-2025'),(50807,'Usman Abbas','Abbas Basim','Faryal Parveen','2007-05-25','12B03',26,'2024-2025'),(50843,'Danyal Naseem','Naseem Mujeeb','Nimra Rasha','2007-06-15','12B05',1,'2024-2025'),(50860,'Alam Ahmed','Ahmed Azhar','Tamara Nimra','2006-12-18','12B06',35,'2024-2025'),(50917,'Ayaan Riyad','Riyad Shahid','Bushra Daliyah','2006-10-23','12B06',24,'2024-2025'),(51020,'Mujeeb Sadiq','Sadiq Yusuf','Samira Tamara','2006-02-16','12B02',42,'2024-2025'),(51104,'Ahmed Zaki','Zaki Adam','Rubina Mashaal','2007-07-02','12B03',34,'2024-2025'),(51123,'Abdullah Hussain','Hussain Mehdi','Anisa Saadia','2007-03-19','12B07',8,'2024-2025'),(51141,'Moin Danyal','Danyal Shaikh','Razan Sarina','2006-08-09','12B04',17,'2024-2025'),(51181,'Faizan Tasnim','Tasnim Numan','Ghazala Lubna','2005-12-13','12B04',11,'2024-2025'),(51209,'Khizar Shaheen','Shaheen Hanif','Fatema Rabia','2006-03-17','12B06',29,'2024-2025'),(51245,'Ikram Rafi','Rafi Jabir','Nida Nura','2006-01-18','12B01',26,'2024-2025'),(51249,'Mazhar Usman','Usman Abdul Rahman','Aziza Ayat','2006-02-14','12B01',10,'2024-2025'),(51285,'Zameer Hashim','Hashim Junaid','Khadija Ahlam','2006-07-21','12B03',6,'2024-2025'),(51294,'Moin Adeel','Adeel Mahmoud','Farida Lubna','2006-03-11','12B06',38,'2024-2025'),(51318,'Rashid Tasnim','Tasnim Zubair','Zainah Fiza','2007-08-06','12B05',8,'2024-2025'),(51362,'Bashar Shuaib','Shuaib Azeez','Fatema Nazli','2006-05-30','12B06',39,'2024-2025'),(51370,'Sami Zafar','Zafar Asghar','Zeba Sabah','2006-11-21','12B07',22,'2024-2025'),(51391,'Hameed Raed','Raed Sadiq','Basma Tala','2006-09-30','12B07',30,'2024-2025'),(51437,'Ayaan Muhammad','Muhammad Shaban','Saniya Hidaya','2006-05-09','12B05',26,'2024-2025'),(51442,'Aziz Rizwan','Rizwan Nayef','Rabia Lubna','2007-03-24','12B03',15,'2024-2025'),(51470,'Yahya Sohail','Sohail Luay','Fawzia Nada','2006-09-18','12B04',27,'2024-2025'),(51550,'Qamar Ikram','Ikram Shaban','Zahra Zain','2006-02-01','12B07',21,'2024-2025'),(51629,'Nayef Tasnim','Tasnim Usman','Munazza Iqra','2007-01-27','12B02',34,'2024-2025'),(51665,'Noman Fahad','Fahad Waris','Jannah Nada','2006-08-16','12B02',45,'2024-2025'),(51666,'Raza Javed','Javed Raza','Isra Yumna','2007-05-11','12B02',18,'2024-2025'),(51679,'Ubaid Azeem','Azeem Aadil','Rabia Jihan','2007-10-23','12B02',44,'2024-2025'),(51695,'Numan Hussain','Hussain Nawaz','Iqbal Razan','2007-09-26','12B06',15,'2024-2025'),(51717,'Taha Hussain','Hussain Majeed','Hira Isra','2007-04-11','12B02',27,'2024-2025'),(51748,'Tariq Hassan','Hassan Azhar','Sumaira Rowaida','2007-10-23','12B05',23,'2024-2025'),(51791,'Faiz Aadil','Aadil Latif','Reem Haya','2007-07-09','12B07',45,'2024-2025'),(51798,'Dawood Tabish','Tabish Salah','Aaminah Mahira','2007-01-09','12B07',41,'2024-2025'),(51868,'Anees Yamin','Yamin Yahya','Zuleikha Nuha','2005-12-23','12B04',42,'2024-2025'),(51887,'Idrees Abdul Rahman','Abdul Rahman Ilyas','Zuleikha Inaya','2006-12-11','12B06',46,'2024-2025'),(51901,'Umar Fadil','Fadil Zaki','Noor Heer','2006-10-26','12B07',32,'2024-2025'),(51961,'Bashar Luay','Luay Shaban','Aasiya Nour','2007-09-03','12B05',3,'2024-2025'),(52060,'Mahdi Taha','Taha Ahmed','Lubna Aaliyah','2007-08-05','12B04',30,'2024-2025'),(52066,'Subhan Ismail','Ismail Mustafa','Nuha Jaida','2006-08-13','12B02',40,'2024-2025'),(52092,'Raed Nasir','Nasir Shuaib','Zia Tayyaba','2007-06-24','12B05',39,'2024-2025'),(52103,'Sadiq Rashid','Rashid Imtiaz','Anisa Farah','2006-05-24','12B02',30,'2024-2025'),(52113,'Tabish Jabir','Jabir Mehdi','Basma Maliha','2006-11-20','12B03',22,'2024-2025'),(52140,'Nadeem Badr','Badr Jamal','Tamara Tamara','2007-03-20','12B07',16,'2024-2025'),(52159,'Ismail Yasir','Yasir Kamran','Shazia Shama','2006-10-27','12B04',33,'2024-2025'),(52171,'Mazhar Shamim','Shamim Adeel','Samar Sobia','2006-12-18','12B04',47,'2024-2025'),(52210,'Abdullah Riyad','Riyad Kais','Hafsa Sabah','2006-07-02','12B01',34,'2024-2025'),(52334,'Asad Younus','Younus Kais','Mahira Khatoon','2006-12-07','12B07',38,'2024-2025'),(52337,'Musa Nauman','Nauman Dawood','Tayyaba Rabia','2007-10-31','12B01',40,'2024-2025'),(52376,'Arif Saleh','Saleh Anwar','Maha Maha','2007-02-26','12B06',20,'2024-2025'),(52429,'Dawood Shahbaz','Shahbaz Raza','Kainat Warda','2006-11-07','12B06',28,'2024-2025'),(52478,'Zameer Adil','Adil Shuaib','Jawahir Meher','2007-03-14','12B04',23,'2024-2025'),(52483,'Aadil Shahbaz','Shahbaz Waris','Humaira Rubina','2006-04-07','12B01',13,'2024-2025'),(52540,'Sajjad Mujtaba','Mujtaba Muhammad','Zara Rihana','2006-03-25','12B05',31,'2024-2025'),(52575,'Ayaan Iskander','Iskander Nasir','Rayya Khadija','2007-07-25','12B05',37,'2024-2025'),(52613,'Saad Najib','Najib Shahid','Amira Eman','2007-03-14','12B04',1,'2024-2025'),(52725,'Waris Yunus','Yunus Numan','Zaina Samira','2007-04-28','12B07',36,'2024-2025'),(52734,'Wahid Umar','Umar Ayaan','Sadaf Maya','2006-02-23','12B02',17,'2024-2025'),(52766,'Ihsan Ahmed','Ahmed Imtiaz','Nura Roohina','2007-05-05','12B01',8,'2024-2025'),(52791,'Kamran Azeez','Azeez Khizar','Qamar Sadia','2007-03-01','12B07',15,'2024-2025'),(52891,'Idrees Musa','Musa Adnan','Irsa Nashita','2006-04-16','12B02',43,'2024-2025'),(52976,'Farhatullah Javed','Javed Sameer','Rasha Raheela','2006-06-24','12B03',36,'2024-2025'),(52985,'Shahid Rayyan','Rayyan Saad','Ruqayya Iqbal','2006-06-20','12B01',5,'2024-2025'),(53043,'Shahbaz Ashraf','Ashraf Dawood','Naima Asra','2005-12-31','12B03',37,'2024-2025'),(53100,'Abbas Farhatullah','Farhatullah Faizan','Rubina Farida','2006-02-27','12B05',7,'2024-2025'),(53181,'Sameer Adnan','Adnan Hakeem','Rahma Farzana','2006-02-07','12B04',20,'2024-2025'),(53257,'Yamin Adil','Adil Shahbaz','Zeba Ayat','2007-05-31','12B05',41,'2024-2025'),(53353,'Zubair Luay','Luay Mujahid','Aaliyah Zakia','2007-11-25','12B06',11,'2024-2025'),(53375,'Marwan Rashid','Rashid Kamran','Aaminah Safa','2006-09-09','12B04',29,'2024-2025'),(53441,'Alam Yamin','Yamin Rameez','Ayat Neha','2007-01-18','12B06',41,'2024-2025'),(53463,'Tauqeer Arif','Arif Mazhar','Sahar Meher','2006-11-22','12B06',6,'2024-2025'),(53479,'Zaki Taha','Taha Bashar','Raheela Qamar','2006-08-10','12B06',32,'2024-2025'),(53530,'Umar Moinuddin','Moinuddin Imran','Durra Anam','2006-06-22','12B07',27,'2024-2025'),(53535,'Fahad Naveed','Naveed Dawood','Jaida Faryal','2006-07-16','12B05',5,'2024-2025'),(53548,'Ihsan Najm','Najm Nabil','Naseem Hawa','2007-03-12','12B01',33,'2024-2025'),(53672,'Aslam Shafiq','Shafiq Shamsi','Razan Hafsa','2006-12-09','12B03',42,'2024-2025'),(53688,'Basim Zaid','Zaid Hassan','Esma Zainah','2005-12-28','12B05',21,'2024-2025'),(53703,'Adnan Anwar','Anwar Shafiq','Mehr Nadine','2007-04-24','12B03',33,'2024-2025'),(53720,'Farhatullah Kamran','Kamran Umar','Aisha Rimsha','2007-06-24','12B01',32,'2024-2025'),(53721,'Aadil Sufyan','Sufyan Ghulam','Amira Samira','2006-11-07','12B01',12,'2024-2025'),(53745,'Shaban Mahdi','Mahdi Faiz','Jehan Saadia','2007-01-24','12B02',5,'2024-2025'),(53948,'Yamin Tariq','Tariq Nauman','Tayyaba Nayab','2006-02-21','12B07',42,'2024-2025'),(53957,'Kamran Mazhar','Mazhar Aslam','Nada Sahar','2006-11-24','12B02',26,'2024-2025'),(54014,'Ammar Zaki','Zaki Majid','Sadaf Zehra','2006-01-18','12B05',18,'2024-2025'),(54055,'Saad Imtiaz','Imtiaz Tanveer','Nida Faryal','2006-11-06','12B03',38,'2024-2025'),(54091,'Sameer Jameel','Jameel Ayaan','Abeer Jamila','2006-12-21','12B02',35,'2024-2025'),(54140,'Abdullah Shaheer','Shaheer Mushtaq','Jehan Ayesha','2006-06-04','12B04',41,'2024-2025'),(54151,'Ali Amir','Amir Mazin','Shabana Rania','2005-12-23','12B07',35,'2024-2025'),(54175,'Latif Shafiq','Shafiq Habib','Ruqayya Zaina','2006-08-04','12B02',37,'2024-2025'),(54205,'Shamsi Khizar','Khizar Bashar','Abeer Jamila','2007-07-14','12B05',11,'2024-2025'),(54241,'Tanveer Abdul Rahman','Abdul Rahman Zain','Isra Sobia','2006-02-09','12B04',10,'2024-2025'),(54247,'Bashir Shaheen','Shaheen Ali','Reem Sabah','2007-10-10','12B06',44,'2024-2025'),(54260,'Tanveer Adnan','Adnan Ayaan','Ghazala Durra','2007-07-03','12B03',7,'2024-2025'),(54410,'Saif Sadiq','Sadiq Azeez','Irsa Yasmin','2006-03-04','12B06',37,'2024-2025'),(54437,'Faiz Azhar','Azhar Qamar','Farida Aisha','2007-01-13','12B01',24,'2024-2025'),(54493,'Moin Tahsin','Tahsin Azhar','Rahima Reem','2007-04-06','12B07',10,'2024-2025'),(54517,'Ikram Majeed','Majeed Adnan','Zinat Marwa','2007-01-06','12B07',31,'2024-2025'),(54518,'Waleed Bilal','Bilal Hakeem','Jannah Zeba','2007-06-10','12B05',22,'2024-2025'),(54557,'Danish Taha','Taha Sohail','Iqbal Aaminah','2006-10-18','12B07',14,'2024-2025'),(54610,'Aaqib Luay','Luay Hussain','Warda Najat','2006-10-26','12B02',24,'2024-2025'),(54625,'Sohail Rasheed','Rasheed Qadeer','Amira Hawa','2007-06-01','12B03',4,'2024-2025'),(54662,'Saleh Saif','Saif Waqas','Zinat Asma','2005-12-03','12B06',31,'2024-2025'),(54743,'Sarfraz Shahnawaz','Shahnawaz Habib','Tala Nazish','2007-05-30','12B04',28,'2024-2025'),(54949,'Asghar Mustafa','Mustafa Kamran','Reem Zaira','2006-11-18','12B01',7,'2024-2025'),(54957,'Tamim Raza','Raza Adam','Jaida Rabia','2007-08-25','12B02',4,'2024-2025'),(54969,'Ihsan Firoz','Firoz Hussain','Heer Zara','2007-02-20','12B02',41,'2024-2025'),(55092,'Younus Bashir','Bashir Ayaan','Zehraa Amara','2006-07-27','12B07',23,'2024-2025'),(55102,'Salah Wahid','Wahid Sarfraz','Zaira Sahar','2006-08-22','12B04',25,'2024-2025'),(55240,'Waqas Fadil','Fadil Anees','Zehra Razan','2007-07-15','12B03',1,'2024-2025'),(55345,'Mushtaq Mahdi','Mahdi Wajid','Haneen Nura','2007-11-26','12B06',33,'2024-2025'),(55366,'Asif Ayaan','Ayaan Mushtaq','Meherun Khatoon','2006-01-03','12B01',28,'2024-2025'),(55469,'Basim Imtiaz','Imtiaz Tahsin','Jaida Daliyah','2006-01-22','12B03',31,'2024-2025'),(55488,'Nauman Hanif','Hanif Hammad','Nihal Rubina','2007-08-06','12B03',25,'2024-2025'),(55540,'Nabil Irfan','Irfan Ibrahim','Zehra Lamya','2007-10-12','12B01',31,'2024-2025'),(55550,'Ashraf Salah','Salah Noman','Kainat Samira','2006-01-08','12B03',16,'2024-2025'),(55555,'Faisal Sarfraz','Sarfraz Samiullah','Omaima Rimsha','2006-12-16','12B06',43,'2024-2025'),(55575,'Kais Nauman','Nauman Murtaza','Khatoon Zohra','2006-11-29','12B05',14,'2024-2025'),(55591,'Naasiruddin Muaz','Muaz Shuaib','Farzana Zia','2007-10-12','12B06',10,'2024-2025'),(55675,'Wajid Nayef','Nayef Danish','Zehra Durra','2005-12-16','12B06',48,'2024-2025'),(55743,'Baqar Moinuddin','Moinuddin Qais','Anisa Hidaya','2006-05-26','12B02',1,'2024-2025'),(55777,'Sohail Faisal','Faisal Badr','Wahida Nazli','2007-09-14','12B03',35,'2024-2025'),(55784,'Adil Hussain','Hussain Fahad','Rida Esma','2007-09-04','12B03',12,'2024-2025'),(55866,'Aslam Salman','Salman Dawood','Zia Nazli','2006-10-04','12B02',23,'2024-2025'),(55926,'Umar Usman','Usman Rauf','Rimsha Dana','2007-06-09','12B04',40,'2024-2025'),(55978,'Abdullah Samiullah','Samiullah Shaheer','Nasreen Rabea','2005-12-12','12B05',17,'2024-2025'),(55984,'Asif Tariq','Tariq Naim','Eimaan Zarifa','2006-07-15','12B03',9,'2024-2025'),(55997,'Basim Aadil','Aadil Adnan','Nabiha Laila','2006-02-02','12B01',6,'2024-2025'),(56049,'Adnan Siraj','Siraj Farooq','Qamar Zoya','2006-12-20','12B01',23,'2024-2025'),(56121,'Asif Qais','Qais Hameed','Zeba Iqbal','2007-09-23','12B01',18,'2024-2025'),(56160,'Wahid Kais','Kais Naseem','Nida Rubina','2007-07-01','12B04',19,'2024-2025'),(56269,'Salah Zeeshan','Zeeshan Raza','Mashaal Munazza','2007-06-19','12B02',29,'2024-2025'),(56409,'Suhail Riyad','Riyad Hakeem','Jehan Farrah','2007-01-30','12B04',18,'2024-2025'),(56436,'Shamim Arsalan','Arsalan Danish','Zia Iqbal','2006-05-15','12B06',40,'2024-2025'),(56470,'Rizwan Yahya','Yahya Kareem','Abeer Najat','2006-12-12','12B06',22,'2024-2025'),(56525,'Mushtaq Naeem','Naeem Tanveer','Aasiya Ayat','2006-05-20','12B07',47,'2024-2025'),(56532,'Ahmad Shafiq','Shafiq Adeel','Farah Nadia','2006-01-10','12B07',19,'2024-2025'),(56552,'Yasir Rameez','Rameez Samir','Tamara Nusaybah','2006-07-23','12B07',13,'2024-2025'),(56656,'Hadi Waris','Waris Moin','Saniya Malak','2007-01-09','12B04',2,'2024-2025'),(56676,'Luay Samiullah','Samiullah Amir','Habiba Alia','2007-05-25','12B01',16,'2024-2025'),(56678,'Baqar Sajjad','Sajjad Khalid','Nadia Laila','2007-04-27','12B03',39,'2024-2025'),(56681,'Faiz Moinuddin','Moinuddin Javed','Abida Samira','2006-01-30','12B07',43,'2024-2025'),(56777,'Ahmad Abbas','Abbas Zain','Rayya Basma','2006-12-10','12B04',15,'2024-2025'),(56780,'Tasnim Saad','Saad Naasiruddin','Nihal Kainat','2006-08-19','12B07',3,'2024-2025'),(56781,'Rashid Luay','Luay Danish','Rowaida Yasmin','2006-10-15','12B02',20,'2024-2025'),(56867,'Shaheen Asghar','Asghar Arsalan','Safa Gulzar','2006-04-28','12B03',30,'2024-2025'),(56976,'Ismail Adam','Adam Saad','Rahma Aasifa','2006-01-06','12B07',5,'2024-2025'),(56983,'Kamran Mahdi','Mahdi Irfan','Hidaya Nabiha','2006-12-31','12B04',5,'2024-2025'),(56996,'Ayaan Ali','Ali Umar','Shadia Maha','2006-09-15','12B01',44,'2024-2025'),(57061,'Farhan Suhail','Suhail Tauqeer','Meherun Zehraa','2006-06-19','12B06',25,'2024-2025'),(57063,'Raza Anwar','Anwar Qasim','Zuleikha Nafisa','2006-02-08','12B05',12,'2024-2025'),(57240,'Nadeem Hanif','Hanif Yunus','Mahira Warda','2007-03-08','12B02',25,'2024-2025'),(57248,'Ali Aadil','Aadil Qamar','Rania Zain','2007-10-19','12B04',14,'2024-2025'),(57481,'Azam Baqar','Baqar Saqib','Zainah Bushra','2006-12-31','12B01',36,'2024-2025'),(57504,'Luay Ibrahim','Ibrahim Shaaban','Aaminah Hala','2006-01-11','12B05',24,'2024-2025'),(57505,'Hammad Yamin','Yamin Zaki','Aasiya Tanveer','2007-01-28','12B03',20,'2024-2025'),(57567,'Tamim Saad','Saad Ghulam','Saadia Sabah','2007-02-09','12B04',13,'2024-2025'),(57685,'Sajjad Ihsan','Ihsan Mujeeb','Nazish Aasifa','2007-09-24','12B01',19,'2024-2025'),(57720,'Azeem Ghulam','Ghulam Bashir','Mehr Nusaybah','2007-04-08','12B01',14,'2024-2025'),(57725,'Naasiruddin Hussain','Hussain Mushtaq','Nazli Sadaf','2006-10-18','12B04',8,'2024-2025'),(57736,'Wajid Yusuf','Yusuf Qais','Azka Samar','2007-02-28','12B07',12,'2024-2025'),(57797,'Umar Waleed','Waleed Rashid','Hania Ghazala','2007-08-14','12B03',40,'2024-2025'),(57816,'Mahdi Shaikh','Shaikh Kamran','Rabia Maya','2006-12-03','12B06',34,'2024-2025'),(57844,'Naseer Aadil','Aadil Farooq','Nadine Warda','2007-07-16','12B05',30,'2024-2025'),(57956,'Waseem Anas','Anas Shakir','Zinat Maya','2007-07-03','12B02',31,'2024-2025'),(58007,'Riyad Waqas','Waqas Nadeem','Humaira Zinat','2006-03-05','12B04',46,'2024-2025'),(58037,'Ilyas Kareem','Kareem Mahdi','Humaira Jaida','2007-04-05','12B05',6,'2024-2025'),(58045,'Mujeeb Ehtesham','Ehtesham Hassan','Rayya Shadia','2007-02-02','12B04',38,'2024-2025'),(58066,'Tasnim Athar','Athar Adeel','Laila Zainah','2006-10-24','12B01',27,'2024-2025'),(58096,'Amir Ammar','Ammar Ehtesham','Abida Benish','2006-04-07','12B03',29,'2024-2025'),(58131,'Zubair Mujeeb','Mujeeb Salah','Anisa Alina','2007-06-08','12B02',3,'2024-2025'),(58169,'Moinuddin Latif','Latif Jawad','Mahira Haleema','2005-12-02','12B07',7,'2024-2025'),(58267,'Burhan Rauf','Rauf Noman','Khatoon Esma','2006-04-08','12B02',22,'2024-2025'),(58351,'Burhan Musa','Musa Alam','Qamar Mehr','2007-08-12','12B04',35,'2024-2025'),(58385,'Anas Irfan','Irfan Junaid','Sahar Mashaal','2007-05-03','12B05',20,'2024-2025'),(58408,'Zaid Najib','Najib Arif','Omaima Fawzia','2006-01-05','12B05',34,'2024-2025'),(58457,'Najm Danyal','Danyal Latif','Elaf Muntaha','2006-12-21','12B07',26,'2024-2025'),(58484,'Arsalan Qadeer','Qadeer Moinuddin','Fatima Basma','2006-11-03','12B05',38,'2024-2025'),(58492,'Rayyan Hashim','Hashim Suhail','Nida Reem','2007-03-24','12B04',31,'2024-2025'),(58611,'Aariz Muaz','Muaz Naveed','Amira Tamara','2006-05-10','12B01',38,'2024-2025'),(58714,'Najib Yamin','Yamin Zafar','Aasiya Haya','2006-10-15','12B02',9,'2024-2025'),(58777,'Waqas Asad','Asad Hadi','Nashita Farrah','2007-07-17','12B05',15,'2024-2025'),(58976,'Naasiruddin Aadil','Aadil Najm','Shagufta Nada','2006-12-31','12B01',4,'2024-2025'),(58995,'Amir Shuaib','Shuaib Naseem','Saadia Tamara','2006-01-19','12B04',39,'2024-2025'),(59070,'Rizwan Yahya','Yahya Siddiq','Meherun Durra','2006-07-24','12B07',4,'2024-2025'),(59079,'Hameed Nawaz','Nawaz Harun','Rihana Gulnaz','2007-04-16','12B01',2,'2024-2025'),(59172,'Umar Zubair','Zubair Shabbir','Khansa Zakiyah','2005-12-24','12B02',7,'2024-2025'),(59200,'Qais Numan','Numan Qais','Rimsha Elaf','2006-05-12','12B04',16,'2024-2025'),(59300,'Jabir Naveed','Naveed Mehdi','Azka Rabia','2007-05-28','12B04',12,'2024-2025'),(59324,'Mujeeb Asif','Asif Nauman','Zakiyah Lamis','2006-05-25','12B05',33,'2024-2025'),(59330,'Ahmed Tariq','Tariq Badr','Farrah Lamya','2007-03-22','12B05',10,'2024-2025'),(59385,'Farhatullah Rizwan','Rizwan Badr','Eman Zain','2006-01-18','12B06',42,'2024-2025'),(59401,'Yamin Arsalan','Arsalan Waleed','Lubna Shazia','2006-10-02','12B03',17,'2024-2025'),(59611,'Naseem Najib','Najib Najib','Ruqayya Zaina','2005-12-21','12B06',26,'2024-2025'),(59616,'Naeem Fahim','Fahim Muaz','Sara Sameeha','2006-05-10','12B03',3,'2024-2025'),(59618,'Nasir Samir','Samir Ubaid','Fawzia Aziza','2006-03-30','12B05',9,'2024-2025'),(59634,'Hussain Anas','Anas Faisal','Sameeha Hidaya','2007-02-25','12B01',20,'2024-2025'),(59664,'Musa Tariq','Tariq Abdul Rahman','Wafa Mehr','2006-12-19','12B07',25,'2024-2025'),(59673,'Qadeer Salman','Salman Shuaib','Zarina Luna','2006-02-20','12B06',5,'2024-2025'),(59677,'Ihsan Asghar','Asghar Bashar','Neha Fatema','2007-04-15','12B06',12,'2024-2025'),(59694,'Anwar Bashar','Bashar Imtiaz','Naseem Warda','2007-04-18','12B06',21,'2024-2025'),(59835,'Zubair Zaki','Zaki Aaqib','Samira Mariam','2006-10-29','12B02',36,'2024-2025'),(59866,'Athar Qamar','Qamar Saleh','Rayya Jehan','2006-08-03','12B07',28,'2024-2025'),(59943,'Noman Mahdi','Mahdi Iskander','Heer Durra','2006-11-16','12B07',34,'2024-2025'),(59964,'Raed Rizwan','Rizwan Arif','Afreen Zainah','2006-04-13','12B07',2,'2024-2025'),(45022,'Kamran Wajid','Wajid Imtiaz','Sabeen Fiza','2007-08-08','12B01',6,'2025-2026'),(45074,'Saad Bashir','Bashir Muaz','Najat Farrah','2006-11-04','12B04',34,'2025-2026'),(45106,'Younus Waqas','Waqas Mahdi','Rabia Hadiya','2005-12-05','12B01',18,'2025-2026'),(45138,'Naseem Sajjad','Sajjad Hussain','Zainah Hala','2006-02-02','12B04',41,'2025-2026'),(45258,'Naeem Asghar','Asghar Murtaza','Salma Gulzar','2006-05-22','12B01',2,'2025-2026'),(45347,'Junaid Zeeshan','Zeeshan Shahbaz','Heer Lujain','2006-05-12','12B03',13,'2025-2026'),(45372,'Naim Shahid','Shahid Murtaza','Sumaya Luna','2006-07-07','12B06',35,'2025-2026'),(45435,'Tariq Naeem','Naeem Saqib','Benish Nihal','2006-05-25','12B01',28,'2025-2026'),(45441,'Jabir Zaid','Zaid Samir','Lamis Sahar','2006-04-04','12B02',2,'2025-2026'),(45442,'Latif Abbas','Abbas Arif','Saima Rihana','2006-05-05','12B05',9,'2025-2026'),(45456,'Adeel Sohail','Sohail Shamsi','Dana Naseem','2006-05-24','12B03',3,'2025-2026'),(45526,'Nawaz Imran','Imran Shuaib','Eman Ranya','2006-07-21','12B06',24,'2025-2026'),(45587,'Asif Danyal','Danyal Hameed','Hala Hira','2006-07-04','12B02',42,'2025-2026'),(45590,'Yasir Mazin','Mazin Usman','Salma Ghazal','2007-08-16','12B07',46,'2025-2026'),(45613,'Numan Mujtaba','Mujtaba Nauman','Sobia Rania','2007-05-17','12B07',3,'2025-2026'),(45654,'Majeed Adam','Adam Murtaza','Rahima Nabila','2006-10-16','12B04',35,'2025-2026'),(45670,'Suhail Yasir','Yasir Sohail','Mahnoor Sahar','2007-08-27','12B03',1,'2025-2026'),(45824,'Habib Ismail','Ismail Abdullah','Naima Haleema','2006-10-27','12B06',29,'2025-2026'),(45945,'Kamran Nayef','Nayef Rafi','Nadine Dilshad','2006-07-31','12B07',29,'2025-2026'),(46015,'Nadeem Hashir','Hashir Yunus','Lamya Sara','2006-03-22','12B07',2,'2025-2026'),(46044,'Khalid Shaheen','Shaheen Nawaz','Kulthum Farzana','2006-10-22','12B03',29,'2025-2026'),(46114,'Ubaid Asad','Asad Hanif','Zakiyah Aasiya','2006-06-22','12B05',28,'2025-2026'),(46117,'Ehtesham Rauf','Rauf Aadil','Tanveer Azka','2005-12-01','12B07',27,'2025-2026'),(46124,'Adnan Tabish','Tabish Bashir','Jannah Razan','2007-08-19','12B01',25,'2025-2026'),(46197,'Sufyan Junaid','Junaid Shaheer','Zahara Rida','2006-04-16','12B04',5,'2025-2026'),(46232,'Sohail Mushtaq','Mushtaq Farhatullah','Razan Hira','2006-08-23','12B04',31,'2025-2026'),(46242,'Qamar Muaz','Muaz Raed','Nabiha Zeba','2007-10-15','12B07',47,'2025-2026'),(46245,'Nabil Mujahid','Mujahid Abdul Rahman','Sanober Munira','2006-02-24','12B03',25,'2025-2026'),(46296,'Farooq Musa','Musa Asghar','Nadine Raheela','2006-10-24','12B04',40,'2025-2026'),(46306,'Waqas Aadil','Aadil Raheem','Razan Zehraa','2006-08-10','12B03',23,'2025-2026'),(46313,'Sadiq Majid','Majid Salah','Shama Zahara','2006-11-16','12B04',38,'2025-2026'),(46339,'Samir Waleed','Waleed Harun','Mahnoor Luna','2006-06-03','12B06',37,'2025-2026'),(46366,'Hadi Asad','Asad Ehtesham','Nazish Yumna','2006-10-16','12B06',26,'2025-2026'),(46381,'Tanveer Idrees','Idrees Dawood','Meher Zakia','2007-10-23','12B06',40,'2025-2026'),(46470,'Fahad Ehtesham','Ehtesham Sarfraz','Warda Bushra','2007-09-15','12B03',21,'2025-2026'),(46484,'Alam Waris','Waris Firoz','Laila Haya','2007-09-02','12B05',6,'2025-2026'),(46502,'Saif Ihsan','Ihsan Badr','Aleena Fatima','2006-05-14','12B07',31,'2025-2026'),(46614,'Ammar Tabish','Tabish Wahid','Raheela Zainab','2007-10-25','12B01',10,'2025-2026'),(46670,'Hameed Waleed','Waleed Bashar','Luna Fatima','2006-07-19','12B07',8,'2025-2026'),(46679,'Ismail Aariz','Aariz Azhar','Aaliyah Munira','2006-09-05','12B01',17,'2025-2026'),(46698,'Anas Aslam','Aslam Hadi','Yumna Afreen','2006-01-19','12B07',26,'2025-2026'),(46858,'Aslam Ikram','Ikram Taha','Zohra Naseem','2007-05-04','12B03',2,'2025-2026'),(46930,'Sohail Yahya','Yahya Anwar','Hafsa Zakiyah','2006-05-13','12B03',19,'2025-2026'),(46935,'Hussain Kamran','Kamran Dawood','Bushra Iqbal','2007-09-02','12B03',24,'2025-2026'),(46951,'Muaz Shamim','Shamim Jawed','Iqra Anisa','2006-07-17','12B04',32,'2025-2026'),(47001,'Saleh Ayman','Ayman Waleed','Samar Sadaf','2006-03-06','12B03',20,'2025-2026'),(47073,'Shaheen Rameez','Rameez Yahya','Ruqayya Gulzar','2006-08-12','12B02',8,'2025-2026'),(47091,'Latif Tasnim','Tasnim Samiullah','Eman Zakiyah','2006-07-28','12B05',41,'2025-2026'),(47139,'Shaban Dawood','Dawood Nabil','Rabea Sara','2007-03-05','12B02',22,'2025-2026'),(47191,'Yahya Ahmad','Ahmad Jawad','Rabia Kainat','2006-02-20','12B06',14,'2025-2026'),(47338,'Shamsi Saad','Saad Luay','Muntaha Nayab','2007-09-15','12B02',37,'2025-2026'),(47340,'Anas Nawaz','Nawaz Rauf','Haneen Heer','2006-01-25','12B07',45,'2025-2026'),(47367,'Basim Iskander','Iskander Zain','Rahma Ayisha','2006-05-16','12B04',10,'2025-2026'),(47398,'Ismail Irfan','Irfan Sufyan','Rahma Aasiya','2006-12-18','12B01',41,'2025-2026'),(47400,'Shaheer Fahim','Fahim Hussain','Sabeen Afreen','2006-11-15','12B05',17,'2025-2026'),(47464,'Habib Ikram','Ikram Shamsi','Naima Zohra','2007-03-02','12B05',23,'2025-2026'),(47477,'Mushtaq Shahnawaz','Shahnawaz Faiz','Talia Zaira','2006-09-13','12B03',43,'2025-2026'),(47484,'Hameed Farooq','Farooq Anees','Basma Tasneem','2007-11-19','12B07',39,'2025-2026'),(47731,'Kamran Anas','Anas Shamim','Areeba Maya','2007-08-30','12B06',9,'2025-2026'),(47787,'Sarfraz Kamran','Kamran Shaheen','Zara Zakiyah','2006-10-14','12B02',29,'2025-2026'),(47790,'Raza Salman','Salman Danish','Sara Ayisha','2007-11-21','12B01',13,'2025-2026'),(47797,'Shahbaz Shaaban','Shaaban Zafar','Safa Hania','2006-04-07','12B01',36,'2025-2026'),(47820,'Jabir Abdul Rahman','Abdul Rahman Imtiaz','Shazia Juhi','2006-10-24','12B02',28,'2025-2026'),(47839,'Naseem Shakir','Shakir Rashid','Zuleikha Meherun','2006-11-21','12B05',19,'2025-2026'),(47891,'Numan Anwar','Anwar Adil','Rida Zohra','2007-04-18','12B03',7,'2025-2026'),(47893,'Adeel Mujeeb','Mujeeb Yahya','Heer Neha','2007-05-12','12B02',12,'2025-2026'),(47896,'Tariq Nasir','Nasir Anas','Saima Mehr','2007-10-06','12B07',30,'2025-2026'),(48004,'Salman Waqas','Waqas Shuaib','Qudsia Fatema','2006-02-11','12B05',26,'2025-2026'),(48021,'Tasleem Nabil','Nabil Siddiq','Muntaha Juhi','2006-11-24','12B02',35,'2025-2026'),(48054,'Faiz Adeel','Adeel Shaban','Munira Samira','2006-05-30','12B02',23,'2025-2026'),(48139,'Bashir Dawood','Dawood Zeeshan','Sadia Sameeha','2007-11-19','12B05',12,'2025-2026'),(48155,'Suhail Najm','Najm Ubaid','Lina Rida','2006-01-17','12B04',19,'2025-2026'),(48205,'Nadeem Shaheer','Shaheer Sameer','Zainab Marwa','2006-11-24','12B06',18,'2025-2026'),(48233,'Ibrahim Numan','Numan Anas','Nargis Sameeha','2006-05-26','12B04',28,'2025-2026'),(48277,'Luay Wajid','Wajid Suhail','Luna Abeer','2007-05-29','12B03',26,'2025-2026'),(48284,'Mazin Zeeshan','Zeeshan Zafar','Nusaybah Zakia','2006-12-21','12B02',33,'2025-2026'),(48349,'Zaki Raed','Raed Yamin','Zinat Lujain','2007-10-24','12B07',36,'2025-2026'),(48471,'Azeem Maaz','Maaz Wahid','Tayyaba Iqra','2006-11-13','12B05',25,'2025-2026'),(48503,'Mujtaba Sajjad','Sajjad Tahsin','Zinat Jaida','2006-06-20','12B05',32,'2025-2026'),(48571,'Saad Tauqeer','Tauqeer Aslam','Suhaila Afreen','2006-01-04','12B02',15,'2025-2026'),(48713,'Saad Luay','Luay Usman','Shabana Haleema','2007-07-23','12B03',8,'2025-2026'),(48884,'Hassan Aslam','Aslam Zeeshan','Shaista Rabea','2007-03-16','12B03',37,'2025-2026'),(48894,'Najm Nadeem','Nadeem Suhail','Nour Mehwish','2007-02-07','12B04',17,'2025-2026'),(48941,'Qamar Majid','Majid Rasheed','Nazli Zainah','2007-02-03','12B05',1,'2025-2026'),(48971,'Najib Danyal','Danyal Tasnim','Azka Isra','2005-11-30','12B04',37,'2025-2026'),(49155,'Habib Mujeeb','Mujeeb Farhan','Rasha Jihan','2006-11-08','12B05',37,'2025-2026'),(49318,'Wahid Burhan','Burhan Badr','Sanober Hidaya','2007-09-16','12B04',11,'2025-2026'),(49438,'Waris Ahmed','Ahmed Anees','Zarina Maryam','2006-05-19','12B04',15,'2025-2026'),(49516,'Yasir Tasnim','Tasnim Shuaib','Yasmin Shama','2006-07-31','12B03',4,'2025-2026'),(49531,'Salah Usman','Usman Naeem','Lujain Rida','2006-08-23','12B06',31,'2025-2026'),(49685,'Shamim Abdullah','Abdullah Saad','Tayyaba Abida','2007-10-23','12B02',1,'2025-2026'),(49716,'Shuaib Najm','Najm Farooq','Jannah Jaida','2007-05-29','12B02',39,'2025-2026'),(49760,'Najib Muaz','Muaz Ubaid','Abeer Talia','2007-07-23','12B03',6,'2025-2026'),(49773,'Sami Majeed','Majeed Khizar','Tayyaba Maha','2006-03-28','12B04',47,'2025-2026'),(49847,'Latif Mushtaq','Mushtaq Nawaz','Rida Maya','2006-03-06','12B03',11,'2025-2026'),(49893,'Zaid Saad','Saad Rashid','Mariam Azka','2007-08-03','12B03',41,'2025-2026'),(49895,'Irfan Naseer','Naseer Saleem','Nimra Sabeen','2007-11-19','12B05',15,'2025-2026'),(49911,'Waris Younus','Younus Waqas','Sobia Zainah','2007-01-19','12B05',21,'2025-2026'),(49938,'Jawad Ayaan','Ayaan Sohail','Gulzar Alia','2007-02-19','12B06',43,'2025-2026'),(49958,'Abdullah Iskander','Iskander Imtiaz','Muntaha Aasiya','2006-11-01','12B03',28,'2025-2026'),(49985,'Abdul Rahman Faiz','Faiz Numan','Jihan Nura','2007-06-01','12B04',14,'2025-2026'),(49993,'Nayef Fadil','Fadil Tariq','Farrah Zainab','2006-12-31','12B03',40,'2025-2026'),(50051,'Naasiruddin Faizan','Faizan Mujahid','Saadia Hadiya','2007-01-09','12B05',7,'2025-2026'),(50217,'Saleh Jamal','Jamal Rayyan','Nadine Sarah','2007-03-08','12B02',7,'2025-2026'),(50232,'Marwan Umar','Umar Numan','Tayyaba Uzma','2006-01-27','12B05',14,'2025-2026'),(50290,'Naasiruddin Mujeeb','Mujeeb Alam','Shagufta Luna','2006-09-21','12B02',11,'2025-2026'),(50331,'Zain Shaban','Shaban Nasir','Rubina Zakiyah','2006-07-24','12B03',49,'2025-2026'),(50393,'Hakeem Samiullah','Samiullah Shahnawaz','Nabila Munira','2007-10-05','12B03',16,'2025-2026'),(50418,'Rafi Javed','Javed Tahsin','Razan Yasmin','2006-07-12','12B01',1,'2025-2026'),(50425,'Nabil Ikram','Ikram Salman','Zoya Inaya','2007-11-07','12B05',35,'2025-2026'),(50441,'Ghulam Badr','Badr Athar','Jaida Sadaf','2005-12-20','12B01',39,'2025-2026'),(50466,'Shuaib Adam','Adam Rameez','Shadia Naseem','2006-10-29','12B02',9,'2025-2026'),(50478,'Alam Marwan','Marwan Shaban','Mehr Haya','2006-07-27','12B04',42,'2025-2026'),(50593,'Iskander Usman','Usman Rafi','Haneen Roohina','2006-12-08','12B04',46,'2025-2026'),(50596,'Zaheer Subhan','Subhan Siddiq','Malak Farrah','2007-08-26','12B06',7,'2025-2026'),(50638,'Rameez Shaaban','Shaaban Salah','Nadia Ghazala','2006-10-25','12B06',8,'2025-2026'),(50639,'Anees Bashar','Bashar Sameer','Muntaha Nafisa','2006-04-18','12B01',16,'2025-2026'),(50650,'Mujtaba Ayaan','Ayaan Tahsin','Sumaira Iqbal','2007-10-10','12B07',43,'2025-2026'),(50756,'Kamran Shamim','Shamim Najm','Aasiya Nafisa','2006-05-16','12B06',41,'2025-2026'),(50769,'Zeeshan Naseer','Naseer Zaki','Hala Sabeen','2006-04-24','12B07',19,'2025-2026'),(50802,'Wahid Shaaban','Shaaban Zaid','Ayat Jehan','2006-10-11','12B07',17,'2025-2026'),(50810,'Khizar Harun','Harun Umar','Sabeen Salma','2007-08-23','12B06',39,'2025-2026'),(50826,'Hassan Majeed','Majeed Harun','Lamya Rabia','2007-10-06','12B04',30,'2025-2026'),(50848,'Hanif Hussain','Hussain Adil','Farah Alia','2007-01-28','12B01',8,'2025-2026'),(50870,'Bilal Naasiruddin','Naasiruddin Mehdi','Sanober Tasneem','2007-02-23','12B03',48,'2025-2026'),(50917,'Sufyan Hassan','Hassan Zameer','Nayab Aleena','2007-03-25','12B04',8,'2025-2026'),(50947,'Jawed Tabish','Tabish Arsalan','Zain Tayyaba','2007-01-13','12B07',24,'2025-2026'),(50964,'Nasir Danyal','Danyal Khizar','Ayesha Fatima','2006-08-28','12B03',46,'2025-2026'),(50985,'Farooq Samir','Samir Rayyan','Ruqayya Daliyah','2006-07-10','12B04',44,'2025-2026'),(51025,'Tamim Rizwan','Rizwan Subhan','Hafsa Asma','2005-12-14','12B04',27,'2025-2026'),(51133,'Zaheer Aadil','Aadil Tahsin','Khansa Zainab','2006-05-29','12B05',38,'2025-2026'),(51195,'Hameed Rameez','Rameez Subhan','Hafsa Irsa','2006-01-05','12B07',1,'2025-2026'),(51211,'Firoz Salah','Salah Adil','Isra Aasifa','2007-05-18','12B07',4,'2025-2026'),(51311,'Hammad Fadil','Fadil Yusuf','Nashita Jannah','2007-09-05','12B07',12,'2025-2026'),(51333,'Zain Murtaza','Murtaza Saqib','Mahira Iqra','2007-09-25','12B01',20,'2025-2026'),(51365,'Adnan Mushtaq','Mushtaq Ehtesham','Hidaya Safa','2006-07-23','12B01',30,'2025-2026'),(51519,'Kamran Yunus','Yunus Majid','Tayyaba Sameeha','2007-08-14','12B04',36,'2025-2026'),(51543,'Ayman Waleed','Waleed Sami','Omaima Neha','2007-02-19','12B04',2,'2025-2026'),(51570,'Younus Yasir','Yasir Mazhar','Uzma Irsa','2007-04-19','12B06',42,'2025-2026'),(51800,'Ubaid Qamar','Qamar Sufyan','Maliha Zaina','2007-04-28','12B03',14,'2025-2026'),(51828,'Tasleem Junaid','Junaid Saqib','Jaida Juhi','2005-12-02','12B05',45,'2025-2026'),(51978,'Qasim Shabbir','Shabbir Iskander','Ruba Abida','2006-12-03','12B05',8,'2025-2026'),(52028,'Zaki Fahim','Fahim Mujtaba','Qudsia Mahira','2007-08-24','12B01',21,'2025-2026'),(52033,'Tanveer Ammar','Ammar Sami','Shaista Nour','2006-05-16','12B07',41,'2025-2026'),(52106,'Majid Khalid','Khalid Sarfraz','Fajr Fajr','2006-02-10','12B01',9,'2025-2026'),(52133,'Amir Ilyas','Ilyas Bashir','Fahmida Haleema','2007-07-26','12B01',33,'2025-2026'),(52213,'Umar Aslam','Aslam Faiz','Fajr Ayisha','2006-12-23','12B02',21,'2025-2026'),(52254,'Tahsin Siraj','Siraj Tariq','Sobia Rasha','2006-07-23','12B04',6,'2025-2026'),(52310,'Anwar Tamim','Tamim Kais','Jawahir Meher','2006-08-18','12B07',35,'2025-2026'),(52378,'Usman Ilyas','Ilyas Khizar','Aziza Nour','2005-12-19','12B03',12,'2025-2026'),(52416,'Siraj Ahmed','Ahmed Azhar','Benish Jaida','2007-05-04','12B02',3,'2025-2026'),(52453,'Hakeem Ali','Ali Salah','Farida Rimsha','2007-02-15','12B02',38,'2025-2026'),(52578,'Saleem Asif','Asif Ikram','Hala Zakiyah','2006-05-08','12B06',13,'2025-2026'),(52584,'Wajid Sadiq','Sadiq Badr','Safa Aleena','2007-08-07','12B07',25,'2025-2026'),(52710,'Mahdi Saqib','Saqib Tabish','Aasiya Durra','2006-10-07','12B06',16,'2025-2026'),(52717,'Umar Sameer','Sameer Najib','Rabia Shama','2007-09-19','12B05',39,'2025-2026'),(52725,'Saad Adil','Adil Naeem','Abeer Nasreen','2006-07-23','12B07',13,'2025-2026'),(52751,'Asghar Subhan','Subhan Anees','Nafisa Nusaybah','2007-08-23','12B05',34,'2025-2026'),(52792,'Javed Saleh','Saleh Suhail','Haneen Rabia','2007-10-16','12B05',24,'2025-2026'),(52873,'Jabir Marwan','Marwan Waseem','Sobia Benish','2006-04-22','12B04',21,'2025-2026'),(52986,'Hussain Faiz','Faiz Qamar','Qamar Wafa','2006-08-05','12B02',17,'2025-2026'),(53034,'Sohail Rashid','Rashid Rasheed','Sobia Nashita','2006-06-05','12B01',19,'2025-2026'),(53091,'Shahnawaz Nayef','Nayef Zaheer','Ayisha Samira','2006-08-12','12B02',24,'2025-2026'),(53093,'Amir Rashid','Rashid Hussain','Hawa Fahmida','2007-08-18','12B07',18,'2025-2026'),(53186,'Naseer Firoz','Firoz Luay','Hanan Raheela','2007-02-24','12B02',25,'2025-2026'),(53261,'Aadil Imran','Imran Muhammad','Nabiha Ghazala','2006-12-18','12B02',34,'2025-2026'),(53347,'Noman Danyal','Danyal Qais','Mehwish Aleena','2006-06-25','12B05',31,'2025-2026'),(53350,'Suleiman Fadil','Fadil Mustafa','Warda Afreen','2006-04-26','12B05',4,'2025-2026'),(53377,'Nayef Rizwan','Rizwan Murtaza','Zia Sadaf','2006-02-04','12B01',29,'2025-2026'),(53396,'Zafar Tahsin','Tahsin Waqas','Inaya Nashita','2007-10-26','12B04',43,'2025-2026'),(53445,'Rameez Jabir','Jabir Azam','Sabeen Gulnaz','2006-05-23','12B05',40,'2025-2026'),(53502,'Khalid Ehtesham','Ehtesham Farhan','Ruba Haleema','2007-09-10','12B03',47,'2025-2026'),(53512,'Raza Shahnawaz','Shahnawaz Qadeer','Zakiyah Sumaira','2007-09-16','12B07',14,'2025-2026'),(53569,'Fadil Kareem','Kareem Mujeeb','Rubina Maya','2007-08-17','12B07',7,'2025-2026'),(53638,'Raza Naim','Naim Ayaan','Abida Aisha','2007-06-18','12B05',43,'2025-2026'),(53753,'Anees Shuaib','Shuaib Ali','Ghazal Heer','2006-07-29','12B07',37,'2025-2026'),(53774,'Luay Imtiaz','Imtiaz Mujahid','Sameeha Wafa','2007-01-15','12B04',3,'2025-2026'),(53798,'Ihsan Anas','Anas Farooq','Azka Safa','2006-11-24','12B04',4,'2025-2026'),(53822,'Hanif Shabbir','Shabbir Saif','Farah Rimsha','2006-11-15','12B06',25,'2025-2026'),(53836,'Farhan Ayman','Ayman Ayman','Laila Jawahir','2007-07-29','12B07',44,'2025-2026'),(53842,'Wahid Ali','Ali Ayaan','Fawzia Nihal','2006-11-11','12B02',32,'2025-2026'),(53914,'Ismail Marwan','Marwan Muaz','Omaima Lamis','2006-09-19','12B01',15,'2025-2026'),(53934,'Sarfraz Ahmad','Ahmad Mazhar','Maha Talia','2007-05-13','12B07',21,'2025-2026'),(54006,'Anees Idrees','Idrees Tauqeer','Razan Jihan','2006-11-23','12B06',23,'2025-2026'),(54131,'Shuaib Rizwan','Rizwan Naseem','Benish Heer','2006-06-20','12B03',30,'2025-2026'),(54156,'Ali Rauf','Rauf Raza','Hira Nida','2006-06-04','12B04',33,'2025-2026'),(54324,'Athar Mahdi','Mahdi Waseem','Sabeen Mehr','2005-12-01','12B01',40,'2025-2026'),(54349,'Tasnim Javed','Javed Azhar','Habiba Zaina','2006-06-12','12B03',34,'2025-2026'),(54353,'Danyal Nabil','Nabil Azhar','Rimsha Suhaila','2007-10-02','12B06',21,'2025-2026'),(54426,'Ayman Shuaib','Shuaib Tabish','Ahlam Nimra','2007-01-13','12B06',11,'2025-2026'),(54456,'Zeeshan Qais','Qais Alam','Kulthum Fatima','2006-09-17','12B04',7,'2025-2026'),(54470,'Waseem Alam','Alam Bashir','Rania Zoya','2006-10-01','12B05',11,'2025-2026'),(54601,'Zaheer Idrees','Idrees Habib','Zia Saniya','2007-05-17','12B02',18,'2025-2026'),(54681,'Sajjad Umar','Umar Mazin','Shagufta Meherun','2005-12-12','12B05',13,'2025-2026'),(54682,'Rameez Ammar','Ammar Najib','Munira Sumaira','2007-02-15','12B05',46,'2025-2026'),(54758,'Rauf Zameer','Zameer Fahad','Rahima Ahlam','2006-08-17','12B07',28,'2025-2026'),(54851,'Rashid Ihsan','Ihsan Sohail','Rimsha Gulzar','2006-01-07','12B05',42,'2025-2026'),(54854,'Naseem Qamar','Qamar Wahid','Nour Maryam','2005-12-29','12B07',11,'2025-2026'),(54980,'Tasleem Mahdi','Mahdi Hashir','Rayya Salma','2006-11-12','12B06',17,'2025-2026'),(55062,'Faizan Jameel','Jameel Qasim','Ayesha Fawzia','2006-01-16','12B03',5,'2025-2026'),(55071,'Mazin Zaid','Zaid Faiz','Hira Fiza','2006-10-05','12B06',3,'2025-2026'),(55081,'Aariz Javed','Javed Raheem','Zehra Fahmida','2006-10-29','12B05',22,'2025-2026'),(55157,'Ikram Sameer','Sameer Sami','Sanober Tayyaba','2005-12-08','12B05',29,'2025-2026'),(55190,'Adeel Hameed','Hameed Hassan','Tahira Gulnaz','2006-07-22','12B04',16,'2025-2026'),(55286,'Ahmad Qasim','Qasim Dawood','Nour Zohra','2006-07-01','12B06',10,'2025-2026'),(55325,'Nabil Tabish','Tabish Rafi','Aisha Fatema','2006-10-30','12B07',15,'2025-2026'),(55332,'Naseem Sajid','Sajid Numan','Mashaal Farida','2005-12-13','12B02',27,'2025-2026'),(55340,'Ikram Anas','Anas Saad','Nasreen Meher','2006-04-15','12B03',33,'2025-2026'),(55368,'Ikram Baqar','Baqar Jamal','Bushra Zia','2007-09-18','12B04',25,'2025-2026'),(55383,'Tasnim Muhammad','Muhammad Naeem','Afreen Hala','2006-05-19','12B03',18,'2025-2026'),(55458,'Mahdi Marwan','Marwan Anas','Haneen Rihana','2007-04-14','12B05',3,'2025-2026'),(55491,'Shamsi Taha','Taha Faizan','Sahar Saima','2006-01-05','12B01',38,'2025-2026'),(55594,'Idrees Farhan','Farhan Hanif','Reem Rabia','2007-09-28','12B03',45,'2025-2026'),(55677,'Farhatullah Taha','Taha Tasnim','Jamila Haya','2007-03-28','12B06',12,'2025-2026'),(55717,'Yunus Badr','Badr Hameed','Hania Zoya','2006-04-11','12B07',33,'2025-2026'),(55753,'Nawaz Tauqeer','Tauqeer Taha','Nashwa Neha','2006-11-12','12B06',34,'2025-2026'),(55754,'Maaz Ali','Ali Mazhar','Zia Farzana','2006-01-31','12B03',17,'2025-2026'),(55792,'Saleem Mujtaba','Mujtaba Mustafa','Nabiha Tala','2006-12-31','12B01',42,'2025-2026'),(55822,'Subhan Numan','Numan Mujtaba','Ghazal Benish','2007-09-04','12B04',12,'2025-2026'),(55836,'Javed Hakeem','Hakeem Adil','Rihana Nura','2006-03-17','12B01',26,'2025-2026'),(55837,'Rasheed Danyal','Danyal Rashid','Maliha Zaira','2007-02-25','12B07',42,'2025-2026'),(55846,'Adnan Habib','Habib Maaz','Parveen Rabia','2006-04-07','12B02',20,'2025-2026'),(55850,'Kais Wahid','Wahid Yamin','Shazia Shaista','2006-11-08','12B03',32,'2025-2026'),(55899,'Samiullah Naeem','Naeem Firoz','Kulthum Roohina','2007-04-07','12B02',26,'2025-2026'),(55943,'Luay Shuaib','Shuaib Azam','Habiba Jihan','2007-02-09','12B04',26,'2025-2026'),(55949,'Mazhar Mustafa','Mustafa Shaaban','Habiba Hadiya','2005-12-06','12B04',39,'2025-2026'),(55990,'Adam Asif','Asif Aaqib','Ruqayya Rida','2006-11-03','12B02',4,'2025-2026'),(56020,'Abdullah Naeem','Naeem Kareem','Lujain Sanober','2006-09-26','12B01',11,'2025-2026'),(56033,'Samir Imran','Imran Muaz','Kainat Asma','2007-08-27','12B02',13,'2025-2026'),(56055,'Tasnim Alam','Alam Nayef','Esma Neha','2006-10-12','12B07',38,'2025-2026'),(56077,'Saleem Sadiq','Sadiq Fadil','Zehraa Naima','2006-06-01','12B01',31,'2025-2026'),(56095,'Ahmed Samiullah','Samiullah Khalid','Maha Ayesha','2007-09-24','12B05',2,'2025-2026'),(56169,'Zameer Shaheen','Shaheen Rauf','Jawahir Mahira','2007-08-06','12B06',36,'2025-2026'),(56238,'Zafar Sohail','Sohail Siraj','Reem Aasifa','2006-10-04','12B07',5,'2025-2026'),(56257,'Rafi Mazhar','Mazhar Ubaid','Farzana Saadia','2007-05-28','12B04',22,'2025-2026'),(56278,'Azam Saad','Saad Shamsi','Hafsa Rabia','2006-07-26','12B07',40,'2025-2026'),(56285,'Tauqeer Adil','Adil Shaikh','Jawahir Zinat','2007-10-16','12B04',24,'2025-2026'),(56411,'Luay Zafar','Zafar Anwar','Areeba Afreen','2007-04-30','12B02',6,'2025-2026'),(56412,'Qais Ashraf','Ashraf Qadeer','Jannah Wafa','2006-12-14','12B02',16,'2025-2026'),(56501,'Waseem Naeem','Naeem Amir','Abida Raheela','2006-07-10','12B01',35,'2025-2026'),(56566,'Marwan Hussain','Hussain Majeed','Nabiha Zehra','2005-12-31','12B06',38,'2025-2026'),(56569,'Zeeshan Faizan','Faizan Samir','Maha Lubna','2007-07-14','12B05',16,'2025-2026'),(56572,'Imtiaz Moin','Moin Sarfraz','Zaina Hadiya','2007-03-05','12B03',44,'2025-2026'),(56609,'Saleem Hammad','Hammad Tabish','Meher Rayya','2005-11-29','12B06',2,'2025-2026'),(56626,'Rayyan Dawood','Dawood Hadi','Heer Nashwa','2006-02-14','12B01',12,'2025-2026'),(56645,'Zaki Imran','Imran Zaheer','Zehra Razan','2007-04-02','12B01',5,'2025-2026'),(56670,'Waseem Umar','Umar Firoz','Ayesha Shazia','2007-08-06','12B01',24,'2025-2026'),(56703,'Junaid Basim','Basim Shuaib','Zara Aaminah','2007-04-26','12B06',27,'2025-2026'),(56730,'Adil Tanveer','Tanveer Salah','Mehr Suhaila','2006-11-21','12B05',30,'2025-2026'),(56747,'Faiz Aariz','Aariz Iskander','Gulnaz Nabila','2007-02-10','12B02',41,'2025-2026'),(56947,'Adeel Riyad','Riyad Younus','Mehr Abeer','2006-01-28','12B06',4,'2025-2026'),(56968,'Qasim Faiz','Faiz Rauf','Munazza Zahra','2005-12-23','12B05',20,'2025-2026'),(57086,'Aaqib Ghulam','Ghulam Ahmad','Nashwa Rasha','2006-06-25','12B02',10,'2025-2026'),(57090,'Aziz Shaaban','Shaaban Irfan','Hanan Nimra','2006-03-11','12B02',36,'2025-2026'),(57180,'Tabish Jawed','Jawed Zafar','Aleena Zara','2006-11-24','12B07',16,'2025-2026'),(57232,'Fahim Suhail','Suhail Sarfraz','Zohra Elaf','2007-10-06','12B01',23,'2025-2026'),(57273,'Azeez Ashraf','Ashraf Hashim','Nusaybah Neha','2007-05-23','12B07',20,'2025-2026'),(57284,'Taha Bilal','Bilal Marwan','Wafa Zara','2007-08-28','12B02',43,'2025-2026'),(57292,'Ismail Hashim','Hashim Sohail','Fawzia Najat','2006-02-25','12B01',4,'2025-2026'),(57321,'Azeez Rafi','Rafi Anas','Afreen Aaminah','2006-06-11','12B03',35,'2025-2026'),(57328,'Latif Aadil','Aadil Yusuf','Juhi Shabana','2007-04-07','12B02',14,'2025-2026'),(57390,'Ikram Khalid','Khalid Bashar','Benish Zaina','2005-12-04','12B06',22,'2025-2026'),(57472,'Imran Adam','Adam Dawood','Amira Maya','2006-01-28','12B01',32,'2025-2026'),(57503,'Rafi Hashir','Hashir Saleem','Zeba Rabia','2007-10-09','12B06',6,'2025-2026'),(57559,'Rashid Hassan','Hassan Shaheen','Sobia Khadija','2006-12-14','12B01',14,'2025-2026'),(57608,'Naasiruddin Shaikh','Shaikh Jameel','Ayisha Jawahir','2007-06-09','12B03',39,'2025-2026'),(57646,'Ilyas Tanveer','Tanveer Adnan','Haneen Nour','2006-10-28','12B07',23,'2025-2026'),(57668,'Zain Aaqib','Aaqib Azeem','Tamara Asma','2007-10-13','12B01',27,'2025-2026'),(57690,'Zameer Hassan','Hassan Raheem','Nasreen Rabia','2006-01-04','12B03',10,'2025-2026'),(57755,'Nauman Mahdi','Mahdi Hadi','Anam Rabia','2007-08-11','12B04',9,'2025-2026'),(57767,'Samir Saleh','Saleh Najib','Shaista Kainat','2006-06-16','12B01',34,'2025-2026'),(57812,'Tariq Saqib','Saqib Raza','Maya Kainat','2006-05-24','12B01',7,'2025-2026'),(57941,'Jameel Ilyas','Ilyas Badr','Fatima Humaira','2006-02-17','12B04',18,'2025-2026'),(57949,'Sarfraz Imtiaz','Imtiaz Rameez','Tayyaba Ranya','2006-03-06','12B06',28,'2025-2026'),(57983,'Amir Adam','Adam Jawed','Farida Zehraa','2007-09-24','12B04',13,'2025-2026'),(58032,'Bashir Mazin','Mazin Burhan','Tasneem Sadaf','2007-07-04','12B03',22,'2025-2026'),(58144,'Bashir Tabish','Tabish Nadeem','Daliyah Mehwish','2007-02-07','12B07',9,'2025-2026'),(58243,'Rasheed Ahmad','Ahmad Rauf','Eimaan Ghazala','2007-04-03','12B05',36,'2025-2026'),(58329,'Rameez Arsalan','Arsalan Naveed','Faryal Fatima','2007-10-06','12B05',27,'2025-2026'),(58392,'Najib Sameer','Sameer Raheem','Iqra Nour','2006-07-19','12B03',42,'2025-2026'),(58400,'Maaz Waseem','Waseem Salman','Maya Sobia','2006-06-17','12B06',32,'2025-2026'),(58407,'Younus Shahbaz','Shahbaz Sufyan','Maryam Rania','2007-06-29','12B02',44,'2025-2026'),(58449,'Ihsan Kamran','Kamran Sadiq','Rabea Munazza','2006-10-11','12B03',38,'2025-2026'),(58464,'Saif Anwar','Anwar Ismail','Eman Shagufta','2006-11-11','12B04',29,'2025-2026'),(58507,'Saad Yahya','Yahya Yasir','Ahlam Zakia','2006-11-18','12B03',9,'2025-2026'),(58539,'Badr Adil','Adil Asghar','Hanan Zarifa','2007-04-29','12B03',36,'2025-2026'),(58548,'Adeel Rafi','Rafi Faizan','Saadia Khatoon','2006-07-21','12B02',31,'2025-2026'),(58593,'Sarfraz Javed','Javed Samiullah','Parveen Ruba','2007-11-22','12B06',5,'2025-2026'),(58627,'Raheem Hussain','Hussain Subhan','Dilshad Salma','2006-02-20','12B04',45,'2025-2026'),(58799,'Naveed Tahsin','Tahsin Mehdi','Rahima Munira','2006-10-20','12B02',30,'2025-2026'),(58896,'Bashar Ibrahim','Ibrahim Wahid','Rubina Lubna','2006-07-21','12B06',33,'2025-2026'),(58949,'Amir Najm','Najm Majeed','Sobia Mashaal','2007-05-25','12B01',3,'2025-2026'),(58985,'Qais Junaid','Junaid Naasiruddin','Zaira Fatema','2007-05-31','12B07',32,'2025-2026'),(58987,'Hashir Suleiman','Suleiman Mahmoud','Nadia Jehan','2006-05-31','12B02',5,'2025-2026'),(59020,'Fahim Aaqib','Aaqib Ayman','Yasmin Zia','2007-11-13','12B07',22,'2025-2026'),(59027,'Habib Shaheen','Shaheen Hashim','Saniya Anam','2006-12-06','12B01',37,'2025-2026'),(59045,'Ghulam Salah','Salah Waqas','Rania Aisha','2007-04-04','12B06',15,'2025-2026'),(59162,'Hammad Kamran','Kamran Naveed','Hidaya Sabah','2006-02-22','12B03',27,'2025-2026'),(59217,'Najib Tasnim','Tasnim Mujahid','Muntaha Hanan','2005-12-16','12B03',15,'2025-2026'),(59318,'Muhammad Farhatullah','Farhatullah Fahim','Kashifa Omaima','2007-07-08','12B06',19,'2025-2026'),(59323,'Saad Naeem','Naeem Rameez','Sara Nihal','2006-01-10','12B05',44,'2025-2026'),(59349,'Salman Yasir','Yasir Qamar','Mehr Zeba','2006-01-11','12B05',5,'2025-2026'),(59363,'Numan Adam','Adam Kais','Lujain Yasmin','2007-05-08','12B05',18,'2025-2026'),(59410,'Ikram Kamran','Kamran Raza','Shagufta Mahira','2006-09-05','12B05',10,'2025-2026'),(59423,'Jamal Kais','Kais Zaid','Farzana Jawahir','2006-10-01','12B02',40,'2025-2026'),(59448,'Sohail Zafar','Zafar Anwar','Sarina Hala','2007-05-29','12B07',10,'2025-2026'),(59509,'Imran Ahmad','Ahmad Riyad','Zehra Iqra','2006-12-25','12B06',1,'2025-2026'),(59522,'Shamsi Naeem','Naeem Mehdi','Neha Rimsha','2006-08-12','12B06',30,'2025-2026'),(59523,'Nawaz Qadeer','Qadeer Shamim','Sameeha Amara','2006-09-18','12B03',31,'2025-2026'),(59632,'Amir Rizwan','Rizwan Rashid','Safa Nadine','2007-08-23','12B04',20,'2025-2026'),(59635,'Numan Asad','Asad Qamar','Munira Luna','2007-11-19','12B04',23,'2025-2026'),(59688,'Nadeem Yunus','Yunus Rafi','Haleema Reem','2006-02-02','12B04',1,'2025-2026'),(59725,'Shuaib Bilal','Bilal Ihsan','Kulthum Meher','2007-08-05','12B05',33,'2025-2026'),(59782,'Faiz Fahad','Fahad Alam','Zainah Zahra','2006-03-18','12B05',47,'2025-2026'),(59804,'Nayef Waseem','Waseem Muhammad','Razan Nihal','2006-03-09','12B02',19,'2025-2026'),(59812,'Khalid Firoz','Firoz Yunus','Lamya Farah','2006-02-09','12B07',34,'2025-2026'),(59839,'Basim Nabil','Nabil Ammar','Nabiha Jehan','2007-03-08','12B01',22,'2025-2026'),(59884,'Latif Umar','Umar Musa','Kashifa Irsa','2007-03-27','12B06',20,'2025-2026'),(59940,'Jabir Jawad','Jawad Asif','Alia Aleena','2007-04-03','12B07',6,'2025-2026');
/*!40000 ALTER TABLE `studentsarchive` ENABLE KEYS */;
UNLOCK TABLES;

--
-- Table structure for table `studentsubjects`
--

DROP TABLE IF EXISTS `studentsubjects`;
/*!40101 SET @saved_cs_client     = @@character_set_client */;
/*!50503 SET character_set_client = utf8mb4 */;
CREATE TABLE `studentsubjects` (
  `GRNo` int NOT NULL,
  `SubID` char(3) NOT NULL,
  PRIMARY KEY (`GRNo`,`SubID`),
  KEY `SubID` (`SubID`),
  CONSTRAINT `studentsubjects_ibfk_1` FOREIGN KEY (`GRNo`) REFERENCES `students` (`GRNo`) ON DELETE CASCADE,
  CONSTRAINT `studentsubjects_ibfk_2` FOREIGN KEY (`SubID`) REFERENCES `subjects` (`SubID`) ON DELETE CASCADE
) ENGINE=InnoDB DEFAULT CHARSET=utf8mb4 COLLATE=utf8mb4_0900_ai_ci;
/*!40101 SET character_set_client = @saved_cs_client */;

--
-- Dumping data for table `studentsubjects`
--

LOCK TABLES `studentsubjects` WRITE;
/*!40000 ALTER TABLE `studentsubjects` DISABLE KEYS */;
INSERT INTO `studentsubjects` VALUES (45081,'030'),(45225,'030'),(45239,'030'),(45305,'030'),(45432,'030'),(45603,'030'),(45623,'030'),(46045,'030'),(46322,'030'),(46643,'030'),(46682,'030'),(46700,'030'),(46789,'030'),(46923,'030'),(46991,'030'),(47069,'030'),(47405,'030'),(47424,'030'),(47686,'030'),(47793,'030'),(48035,'030'),(48169,'030'),(48213,'030'),(48408,'030'),(48578,'030'),(49045,'030'),(49311,'030'),(49372,'030'),(49402,'030'),(49486,'030'),(49553,'030'),(50287,'030'),(50306,'030'),(50467,'030'),(50519,'030'),(50537,'030'),(50642,'030'),(50780,'030'),(50804,'030'),(50920,'030'),(51745,'030'),(51779,'030'),(51961,'030'),(52044,'030'),(52383,'030'),(52503,'030'),(52563,'030'),(52832,'030'),(52945,'030'),(52963,'030'),(53089,'030'),(53375,'030'),(53512,'030'),(53669,'030'),(53682,'030'),(53707,'030'),(53804,'030'),(53865,'030'),(53999,'030'),(54611,'030'),(54687,'030'),(54880,'030'),(54895,'030'),(55057,'030'),(55984,'030'),(56069,'030'),(56264,'030'),(56508,'030'),(56541,'030'),(57219,'030'),(57285,'030'),(57380,'030'),(57452,'030'),(57586,'030'),(57696,'030'),(57726,'030'),(57924,'030'),(58187,'030'),(58207,'030'),(58491,'030'),(58706,'030'),(58935,'030'),(59207,'030'),(59428,'030'),(59672,'030'),(59798,'030'),(45535,'041'),(45559,'041'),(45579,'041'),(45603,'041'),(45734,'041'),(45810,'041'),(45858,'041'),(45966,'041'),(46082,'041'),(46643,'041'),(46681,'041'),(46721,'041'),(46923,'041'),(46939,'041'),(47220,'041'),(47252,'041'),(47405,'041'),(47480,'041'),(47686,'041'),(47725,'041'),(47783,'041'),(48193,'041'),(48213,'041'),(48347,'041'),(48569,'041'),(48814,'041'),(49045,'041'),(49088,'041'),(49240,'041'),(49456,'041'),(49482,'041'),(50014,'041'),(50102,'041'),(50157,'041'),(50287,'041'),(50467,'041'),(50537,'041'),(50916,'041'),(51037,'041'),(51103,'041'),(51134,'041'),(51178,'041'),(51206,'041'),(51244,'041'),(52013,'041'),(52099,'041'),(52123,'041'),(52290,'041'),(52383,'041'),(52444,'041'),(52539,'041'),(52569,'041'),(52790,'041'),(52799,'041'),(52931,'041'),(53086,'041'),(53612,'041'),(53707,'041'),(53896,'041'),(54004,'041'),(54220,'041'),(54374,'041'),(54611,'041'),(55155,'041'),(55397,'041'),(55636,'041'),(55693,'041'),(55844,'041'),(56069,'041'),(56128,'041'),(56338,'041'),(56508,'041'),(56544,'041'),(56672,'041'),(57515,'041'),(57586,'041'),(57671,'041'),(57753,'041'),(58489,'041'),(58770,'041'),(58907,'041'),(59054,'041'),(59711,'041'),(45118,'042'),(45333,'042'),(45378,'042'),(45394,'042'),(45535,'042'),(45559,'042'),(45579,'042'),(45648,'042'),(45734,'042'),(45810,'042'),(45858,'042'),(45925,'042'),(45966,'042'),(46082,'042'),(46681,'042'),(46721,'042'),(46778,'042'),(46939,'042'),(47220,'042'),(47246,'042'),(47252,'042'),(47330,'042'),(47451,'042'),(47472,'042'),(47480,'042'),(47706,'042'),(47725,'042'),(47756,'042'),(47783,'042'),(47810,'042'),(48193,'042'),(48347,'042'),(48569,'042'),(48592,'042'),(48729,'042'),(48814,'042'),(48815,'042'),(49004,'042'),(49088,'042'),(49093,'042'),(49171,'042'),(49226,'042'),(49240,'042'),(49359,'042'),(49417,'042'),(49456,'042'),(49482,'042'),(49536,'042'),(49681,'042'),(49708,'042'),(49821,'042'),(50014,'042'),(50102,'042'),(50157,'042'),(50203,'042'),(50247,'042'),(50916,'042'),(50946,'042'),(51017,'042'),(51037,'042'),(51063,'042'),(51085,'042'),(51103,'042'),(51134,'042'),(51178,'042'),(51206,'042'),(51244,'042'),(51591,'042'),(51644,'042'),(51650,'042'),(52013,'042'),(52099,'042'),(52123,'042'),(52140,'042'),(52290,'042'),(52345,'042'),(52444,'042'),(52539,'042'),(52569,'042'),(52632,'042'),(52687,'042'),(52790,'042'),(52799,'042'),(52815,'042'),(52895,'042'),(52931,'042'),(52953,'042'),(53008,'042'),(53086,'042'),(53606,'042'),(53612,'042'),(53896,'042'),(54004,'042'),(54010,'042'),(54188,'042'),(54220,'042'),(54374,'042'),(54669,'042'),(55155,'042'),(55397,'042'),(55471,'042'),(55533,'042'),(55636,'042'),(55693,'042'),(55844,'042'),(55999,'042'),(56064,'042'),(56128,'042'),(56148,'042'),(56246,'042'),(56296,'042'),(56338,'042'),(56354,'042'),(56414,'042'),(56544,'042'),(56622,'042'),(56672,'042'),(56892,'042'),(57481,'042'),(57515,'042'),(57538,'042'),(57549,'042'),(57671,'042'),(57679,'042'),(57753,'042'),(57789,'042'),(57810,'042'),(57985,'042'),(57998,'042'),(58435,'042'),(58489,'042'),(58770,'042'),(58907,'042'),(58957,'042'),(59030,'042'),(59054,'042'),(59115,'042'),(59310,'042'),(59394,'042'),(59680,'042'),(59693,'042'),(59711,'042'),(59937,'042'),(45118,'043'),(45333,'043'),(45378,'043'),(45394,'043'),(45535,'043'),(45559,'043'),(45579,'043'),(45648,'043'),(45734,'043'),(45810,'043'),(45858,'043'),(45925,'043'),(45966,'043'),(46082,'043'),(46681,'043'),(46721,'043'),(46778,'043'),(46939,'043'),(47220,'043'),(47246,'043'),(47252,'043'),(47330,'043'),(47451,'043'),(47472,'043'),(47480,'043'),(47706,'043'),(47725,'043'),(47756,'043'),(47783,'043'),(47810,'043'),(48193,'043'),(48347,'043'),(48569,'043'),(48592,'043'),(48729,'043'),(48814,'043'),(48815,'043'),(49004,'043'),(49088,'043'),(49093,'043'),(49171,'043'),(49226,'043'),(49240,'043'),(49359,'043'),(49417,'043'),(49456,'043'),(49482,'043'),(49536,'043'),(49681,'043'),(49708,'043'),(49821,'043'),(50014,'043'),(50102,'043'),(50157,'043'),(50203,'043'),(50247,'043'),(50916,'043'),(50946,'043'),(51017,'043'),(51037,'043'),(51063,'043'),(51085,'043'),(51103,'043'),(51134,'043'),(51178,'043'),(51206,'043'),(51244,'043'),(51591,'043'),(51644,'043'),(51650,'043'),(52013,'043'),(52099,'043'),(52123,'043'),(52140,'043'),(52290,'043'),(52345,'043'),(52444,'043'),(52539,'043'),(52569,'043'),(52632,'043'),(52687,'043'),(52790,'043'),(52799,'043'),(52815,'043'),(52895,'043'),(52931,'043'),(52953,'043'),(53008,'043'),(53086,'043'),(53606,'043'),(53612,'043'),(53896,'043'),(54004,'043'),(54010,'043'),(54188,'043'),(54220,'043'),(54374,'043'),(54669,'043'),(55155,'043'),(55397,'043'),(55471,'043'),(55533,'043'),(55636,'043'),(55693,'043'),(55844,'043'),(55999,'043'),(56064,'043'),(56128,'043'),(56148,'043'),(56246,'043'),(56296,'043'),(56338,'043'),(56354,'043'),(56414,'043'),(56544,'043'),(56622,'043'),(56672,'043'),(56892,'043'),(57481,'043'),(57515,'043'),(57538,'043'),(57549,'043'),(57671,'043'),(57679,'043'),(57753,'043'),(57789,'043'),(57810,'043'),(57985,'043'),(57998,'043'),(58435,'043'),(58489,'043'),(58770,'043'),(58907,'043'),(58957,'043'),(59030,'043'),(59054,'043'),(59115,'043'),(59310,'043'),(59394,'043'),(59680,'043'),(59693,'043'),(59711,'043'),(59937,'043'),(45118,'044'),(45333,'044'),(45378,'044'),(45394,'044'),(45535,'044'),(45648,'044'),(45734,'044'),(45858,'044'),(45925,'044'),(45966,'044'),(46778,'044'),(47220,'044'),(47246,'044'),(47252,'044'),(47330,'044'),(47451,'044'),(47472,'044'),(47480,'044'),(47706,'044'),(47756,'044'),(47783,'044'),(47810,'044'),(48193,'044'),(48347,'044'),(48592,'044'),(48729,'044'),(48815,'044'),(49004,'044'),(49093,'044'),(49171,'044'),(49226,'044'),(49359,'044'),(49417,'044'),(49456,'044'),(49482,'044'),(49536,'044'),(49681,'044'),(49708,'044'),(49821,'044'),(50014,'044'),(50102,'044'),(50203,'044'),(50247,'044'),(50946,'044'),(51017,'044'),(51063,'044'),(51085,'044'),(51244,'044'),(51591,'044'),(51644,'044'),(51650,'044'),(52140,'044'),(52345,'044'),(52444,'044'),(52569,'044'),(52632,'044'),(52687,'044'),(52815,'044'),(52895,'044'),(52953,'044'),(53008,'044'),(53606,'044'),(53896,'044'),(54010,'044'),(54188,'044'),(54669,'044'),(55471,'044'),(55533,'044'),(55999,'044'),(56064,'044'),(56148,'044'),(56246,'044'),(56296,'044'),(56338,'044'),(56354,'044'),(56414,'044'),(56622,'044'),(56892,'044'),(57481,'044'),(57538,'044'),(57549,'044'),(57679,'044'),(57789,'044'),(57810,'044'),(57985,'044'),(57998,'044'),(58435,'044'),(58770,'044'),(58957,'044'),(59030,'044'),(59054,'044'),(59115,'044'),(59310,'044'),(59394,'044'),(59680,'044'),(59693,'044'),(59711,'044'),(59937,'044'),(45081,'048'),(45118,'048'),(45333,'048'),(45378,'048'),(45444,'048'),(45554,'048'),(45560,'048'),(45648,'048'),(45763,'048'),(45810,'048'),(46045,'048'),(46681,'048'),(46721,'048'),(47069,'048'),(47158,'048'),(47420,'048'),(47451,'048'),(47629,'048'),(47643,'048'),(47810,'048'),(47928,'048'),(47986,'048'),(48169,'048'),(48578,'048'),(48592,'048'),(48766,'048'),(48859,'048'),(48965,'048'),(49010,'048'),(49088,'048'),(49093,'048'),(49372,'048'),(49536,'048'),(49821,'048'),(50157,'048'),(50488,'048'),(50730,'048'),(50920,'048'),(51017,'048'),(51134,'048'),(52140,'048'),(52174,'048'),(52345,'048'),(52503,'048'),(52563,'048'),(52632,'048'),(52799,'048'),(52815,'048'),(52895,'048'),(52925,'048'),(53089,'048'),(53262,'048'),(53512,'048'),(53528,'048'),(53606,'048'),(53682,'048'),(54188,'048'),(54220,'048'),(54347,'048'),(54501,'048'),(54687,'048'),(55057,'048'),(55090,'048'),(55397,'048'),(55407,'048'),(56128,'048'),(56148,'048'),(56243,'048'),(56264,'048'),(56280,'048'),(56296,'048'),(56354,'048'),(57380,'048'),(57452,'048'),(57671,'048'),(57680,'048'),(57789,'048'),(58082,'048'),(58413,'048'),(58435,'048'),(58931,'048'),(58957,'048'),(59164,'048'),(59512,'048'),(59672,'048'),(59858,'048'),(45081,'054'),(45099,'054'),(45210,'054'),(45225,'054'),(45239,'054'),(45305,'054'),(45318,'054'),(45377,'054'),(45432,'054'),(45444,'054'),(45554,'054'),(45560,'054'),(45603,'054'),(45623,'054'),(45763,'054'),(45974,'054'),(46045,'054'),(46277,'054'),(46322,'054'),(46643,'054'),(46682,'054'),(46700,'054'),(46789,'054'),(46923,'054'),(46943,'054'),(46991,'054'),(47069,'054'),(47158,'054'),(47405,'054'),(47420,'054'),(47424,'054'),(47565,'054'),(47629,'054'),(47641,'054'),(47643,'054'),(47667,'054'),(47686,'054'),(47759,'054'),(47793,'054'),(47928,'054'),(47986,'054'),(48035,'054'),(48169,'054'),(48213,'054'),(48332,'054'),(48382,'054'),(48408,'054'),(48578,'054'),(48660,'054'),(48766,'054'),(48827,'054'),(48854,'054'),(48859,'054'),(48964,'054'),(48965,'054'),(49010,'054'),(49045,'054'),(49058,'054'),(49137,'054'),(49157,'054'),(49311,'054'),(49323,'054'),(49372,'054'),(49402,'054'),(49486,'054'),(49553,'054'),(49710,'054'),(50113,'054'),(50287,'054'),(50306,'054'),(50467,'054'),(50488,'054'),(50519,'054'),(50537,'054'),(50545,'054'),(50642,'054'),(50730,'054'),(50780,'054'),(50804,'054'),(50920,'054'),(51502,'054'),(51658,'054'),(51664,'054'),(51745,'054'),(51779,'054'),(51847,'054'),(51911,'054'),(51961,'054'),(52044,'054'),(52105,'054'),(52174,'054'),(52383,'054'),(52503,'054'),(52563,'054'),(52584,'054'),(52832,'054'),(52904,'054'),(52925,'054'),(52945,'054'),(52963,'054'),(53089,'054'),(53120,'054'),(53262,'054'),(53375,'054'),(53399,'054'),(53512,'054'),(53528,'054'),(53669,'054'),(53682,'054'),(53707,'054'),(53725,'054'),(53804,'054'),(53865,'054'),(53999,'054'),(54347,'054'),(54501,'054'),(54611,'054'),(54687,'054'),(54737,'054'),(54809,'054'),(54841,'054'),(54880,'054'),(54895,'054'),(54940,'054'),(55057,'054'),(55090,'054'),(55098,'054'),(55191,'054'),(55341,'054'),(55407,'054'),(55624,'054'),(55652,'054'),(55983,'054'),(55984,'054'),(56069,'054'),(56243,'054'),(56264,'054'),(56280,'054'),(56297,'054'),(56334,'054'),(56347,'054'),(56508,'054'),(56541,'054'),(56736,'054'),(57143,'054'),(57219,'054'),(57285,'054'),(57380,'054'),(57452,'054'),(57487,'054'),(57586,'054'),(57680,'054'),(57696,'054'),(57726,'054'),(57817,'054'),(57924,'054'),(58012,'054'),(58082,'054'),(58187,'054'),(58207,'054'),(58413,'054'),(58491,'054'),(58706,'054'),(58931,'054'),(58935,'054'),(59042,'054'),(59164,'054'),(59207,'054'),(59428,'054'),(59489,'054'),(59512,'054'),(59532,'054'),(59621,'054'),(59672,'054'),(59699,'054'),(59771,'054'),(59798,'054'),(59858,'054'),(45081,'055'),(45225,'055'),(45239,'055'),(45305,'055'),(45432,'055'),(45603,'055'),(45623,'055'),(46045,'055'),(46322,'055'),(46643,'055'),(46682,'055'),(46700,'055'),(46789,'055'),(46923,'055'),(46991,'055'),(47069,'055'),(47405,'055'),(47424,'055'),(47686,'055'),(47793,'055'),(48035,'055'),(48169,'055'),(48213,'055'),(48408,'055'),(48578,'055'),(49045,'055'),(49311,'055'),(49372,'055'),(49402,'055'),(49486,'055'),(49553,'055'),(50287,'055'),(50306,'055'),(50467,'055'),(50519,'055'),(50537,'055'),(50642,'055'),(50780,'055'),(50804,'055'),(50920,'055'),(51745,'055'),(51779,'055'),(51961,'055'),(52044,'055'),(52383,'055'),(52503,'055'),(52563,'055'),(52832,'055'),(52945,'055'),(52963,'055'),(53089,'055'),(53375,'055'),(53512,'055'),(53669,'055'),(53682,'055'),(53707,'055'),(53804,'055'),(53865,'055'),(53999,'055'),(54611,'055'),(54687,'055'),(54880,'055'),(54895,'055'),(55057,'055'),(55984,'055'),(56069,'055'),(56264,'055'),(56508,'055'),(56541,'055'),(57219,'055'),(57285,'055'),(57380,'055'),(57452,'055'),(57586,'055'),(57696,'055'),(57726,'055'),(57924,'055'),(58187,'055'),(58207,'055'),(58491,'055'),(58706,'055'),(58935,'055'),(59207,'055'),(59428,'055'),(59672,'055'),(59798,'055'),(45099,'065'),(45210,'065'),(45239,'065'),(45318,'065'),(45377,'065'),(45444,'065'),(45554,'065'),(45560,'065'),(45623,'065'),(45763,'065'),(45974,'065'),(46277,'065'),(46943,'065'),(47158,'065'),(47420,'065'),(47565,'065'),(47629,'065'),(47641,'065'),(47643,'065'),(47667,'065'),(47759,'065'),(47928,'065'),(47986,'065'),(48035,'065'),(48332,'065'),(48382,'065'),(48408,'065'),(48660,'065'),(48766,'065'),(48827,'065'),(48854,'065'),(48859,'065'),(48964,'065'),(48965,'065'),(49010,'065'),(49058,'065'),(49137,'065'),(49157,'065'),(49323,'065'),(49486,'065'),(49553,'065'),(49710,'065'),(50113,'065'),(50306,'065'),(50488,'065'),(50545,'065'),(50730,'065'),(51502,'065'),(51658,'065'),(51664,'065'),(51847,'065'),(51911,'065'),(52044,'065'),(52105,'065'),(52174,'065'),(52584,'065'),(52832,'065'),(52904,'065'),(52925,'065'),(52945,'065'),(52963,'065'),(53120,'065'),(53262,'065'),(53399,'065'),(53528,'065'),(53725,'065'),(54347,'065'),(54501,'065'),(54737,'065'),(54809,'065'),(54841,'065'),(54880,'065'),(54895,'065'),(54940,'065'),(55090,'065'),(55098,'065'),(55191,'065'),(55341,'065'),(55407,'065'),(55624,'065'),(55652,'065'),(55983,'065'),(56243,'065'),(56280,'065'),(56297,'065'),(56334,'065'),(56347,'065'),(56736,'065'),(57143,'065'),(57219,'065'),(57487,'065'),(57680,'065'),(57817,'065'),(58012,'065'),(58082,'065'),(58413,'065'),(58491,'065'),(58931,'065'),(58935,'065'),(59042,'065'),(59164,'065'),(59489,'065'),(59512,'065'),(59532,'065'),(59621,'065'),(59699,'065'),(59771,'065'),(59858,'065'),(47472,'083'),(48569,'083'),(49171,'083'),(49240,'083'),(49359,'083'),(50203,'083'),(50916,'083'),(51650,'083'),(53008,'083'),(53612,'083'),(56064,'083'),(56414,'083'),(56622,'083'),(57481,'083'),(57753,'083'),(57985,'083'),(57998,'083'),(59680,'083'),(59937,'083'),(45099,'116'),(45210,'116'),(45432,'116'),(45579,'116'),(45925,'116'),(46682,'116'),(46789,'116'),(47246,'116'),(47424,'116'),(47565,'116'),(47725,'116'),(47756,'116'),(47759,'116'),(47793,'116'),(48382,'116'),(48660,'116'),(48729,'116'),(49226,'116'),(49323,'116'),(49417,'116'),(49708,'116'),(49710,'116'),(50113,'116'),(50247,'116'),(50545,'116'),(50780,'116'),(50804,'116'),(51063,'116'),(51103,'116'),(51644,'116'),(51658,'116'),(51664,'116'),(51745,'116'),(52123,'116'),(52290,'116'),(52539,'116'),(52687,'116'),(52790,'116'),(52904,'116'),(52931,'116'),(53086,'116'),(53120,'116'),(54004,'116'),(54374,'116'),(55098,'116'),(55191,'116'),(55341,'116'),(55471,'116'),(55624,'116'),(55636,'116'),(55652,'116'),(55844,'116'),(55983,'116'),(55984,'116'),(56246,'116'),(56297,'116'),(56347,'116'),(56541,'116'),(56736,'116'),(57143,'116'),(57285,'116'),(57549,'116'),(57817,'116'),(58207,'116'),(58489,'116'),(59115,'116'),(59207,'116'),(59428,'116'),(59489,'116'),(59621,'116'),(59693,'116'),(59699,'116'),(59771,'116'),(45081,'301'),(45099,'301'),(45118,'301'),(45210,'301'),(45225,'301'),(45239,'301'),(45305,'301'),(45318,'301'),(45333,'301'),(45377,'301'),(45378,'301'),(45394,'301'),(45432,'301'),(45444,'301'),(45535,'301'),(45554,'301'),(45559,'301'),(45560,'301'),(45579,'301'),(45603,'301'),(45623,'301'),(45648,'301'),(45734,'301'),(45763,'301'),(45810,'301'),(45858,'301'),(45925,'301'),(45966,'301'),(45974,'301'),(46045,'301'),(46082,'301'),(46277,'301'),(46322,'301'),(46643,'301'),(46681,'301'),(46682,'301'),(46700,'301'),(46721,'301'),(46778,'301'),(46789,'301'),(46923,'301'),(46939,'301'),(46943,'301'),(46991,'301'),(47069,'301'),(47158,'301'),(47220,'301'),(47246,'301'),(47252,'301'),(47330,'301'),(47405,'301'),(47420,'301'),(47424,'301'),(47451,'301'),(47472,'301'),(47480,'301'),(47565,'301'),(47629,'301'),(47641,'301'),(47643,'301'),(47667,'301'),(47686,'301'),(47706,'301'),(47725,'301'),(47756,'301'),(47759,'301'),(47783,'301'),(47793,'301'),(47810,'301'),(47928,'301'),(47986,'301'),(48035,'301'),(48169,'301'),(48193,'301'),(48213,'301'),(48332,'301'),(48347,'301'),(48382,'301'),(48408,'301'),(48569,'301'),(48578,'301'),(48592,'301'),(48660,'301'),(48729,'301'),(48766,'301'),(48814,'301'),(48815,'301'),(48827,'301'),(48854,'301'),(48859,'301'),(48964,'301'),(48965,'301'),(49004,'301'),(49010,'301'),(49045,'301'),(49058,'301'),(49088,'301'),(49093,'301'),(49137,'301'),(49157,'301'),(49171,'301'),(49226,'301'),(49240,'301'),(49311,'301'),(49323,'301'),(49359,'301'),(49372,'301'),(49402,'301'),(49417,'301'),(49456,'301'),(49482,'301'),(49486,'301'),(49536,'301'),(49553,'301'),(49681,'301'),(49708,'301'),(49710,'301'),(49821,'301'),(50014,'301'),(50102,'301'),(50113,'301'),(50157,'301'),(50203,'301'),(50247,'301'),(50287,'301'),(50306,'301'),(50467,'301'),(50488,'301'),(50519,'301'),(50537,'301'),(50545,'301'),(50642,'301'),(50730,'301'),(50780,'301'),(50804,'301'),(50916,'301'),(50920,'301'),(50946,'301'),(51017,'301'),(51037,'301'),(51063,'301'),(51085,'301'),(51103,'301'),(51134,'301'),(51178,'301'),(51206,'301'),(51244,'301'),(51502,'301'),(51591,'301'),(51644,'301'),(51650,'301'),(51658,'301'),(51664,'301'),(51745,'301'),(51779,'301'),(51847,'301'),(51911,'301'),(51961,'301'),(52013,'301'),(52044,'301'),(52099,'301'),(52105,'301'),(52123,'301'),(52140,'301'),(52174,'301'),(52290,'301'),(52345,'301'),(52383,'301'),(52444,'301'),(52503,'301'),(52539,'301'),(52563,'301'),(52569,'301'),(52584,'301'),(52632,'301'),(52687,'301'),(52790,'301'),(52799,'301'),(52815,'301'),(52832,'301'),(52895,'301'),(52904,'301'),(52925,'301'),(52931,'301'),(52945,'301'),(52953,'301'),(52963,'301'),(53008,'301'),(53086,'301'),(53089,'301'),(53120,'301'),(53262,'301'),(53375,'301'),(53399,'301'),(53512,'301'),(53528,'301'),(53606,'301'),(53612,'301'),(53669,'301'),(53682,'301'),(53707,'301'),(53725,'301'),(53804,'301'),(53865,'301'),(53896,'301'),(53999,'301'),(54004,'301'),(54010,'301'),(54188,'301'),(54220,'301'),(54347,'301'),(54374,'301'),(54501,'301'),(54611,'301'),(54669,'301'),(54687,'301'),(54737,'301'),(54809,'301'),(54841,'301'),(54880,'301'),(54895,'301'),(54940,'301'),(55057,'301'),(55090,'301'),(55098,'301'),(55155,'301'),(55191,'301'),(55341,'301'),(55397,'301'),(55407,'301'),(55471,'301'),(55533,'301'),(55624,'301'),(55636,'301'),(55652,'301'),(55693,'301'),(55844,'301'),(55983,'301'),(55984,'301'),(55999,'301'),(56064,'301'),(56069,'301'),(56128,'301'),(56148,'301'),(56243,'301'),(56246,'301'),(56264,'301'),(56280,'301'),(56296,'301'),(56297,'301'),(56334,'301'),(56338,'301'),(56347,'301'),(56354,'301'),(56414,'301'),(56508,'301'),(56541,'301'),(56544,'301'),(56622,'301'),(56672,'301'),(56736,'301'),(56892,'301'),(57143,'301'),(57219,'301'),(57285,'301'),(57380,'301'),(57452,'301'),(57481,'301'),(57487,'301'),(57515,'301'),(57538,'301'),(57549,'301'),(57586,'301'),(57671,'301'),(57679,'301'),(57680,'301'),(57696,'301'),(57726,'301'),(57753,'301'),(57789,'301'),(57810,'301'),(57817,'301'),(57924,'301'),(57985,'301'),(57998,'301'),(58012,'301'),(58082,'301'),(58187,'301'),(58207,'301'),(58413,'301'),(58435,'301'),(58489,'301'),(58491,'301'),(58706,'301'),(58770,'301'),(58907,'301'),(58931,'301'),(58935,'301'),(58957,'301'),(59030,'301'),(59042,'301'),(59054,'301'),(59115,'301'),(59164,'301'),(59207,'301'),(59310,'301'),(59394,'301'),(59428,'301'),(59489,'301'),(59512,'301'),(59532,'301'),(59621,'301'),(59672,'301'),(59680,'301'),(59693,'301'),(59699,'301'),(59711,'301'),(59771,'301'),(59798,'301'),(59858,'301'),(59937,'301'),(45225,'303'),(45318,'303'),(45377,'303'),(45394,'303'),(45559,'303'),(45974,'303'),(46082,'303'),(46277,'303'),(46778,'303'),(46939,'303'),(46943,'303'),(47330,'303'),(47641,'303'),(47667,'303'),(47706,'303'),(48332,'303'),(48814,'303'),(48815,'303'),(48827,'303'),(48854,'303'),(48964,'303'),(49004,'303'),(49058,'303'),(49137,'303'),(49157,'303'),(49311,'303'),(49402,'303'),(49681,'303'),(50642,'303'),(50946,'303'),(51037,'303'),(51085,'303'),(51178,'303'),(51206,'303'),(51502,'303'),(51591,'303'),(51847,'303'),(51911,'303'),(52013,'303'),(52099,'303'),(52105,'303'),(52584,'303'),(52953,'303'),(53375,'303'),(53399,'303'),(53669,'303'),(53725,'303'),(53865,'303'),(54010,'303'),(54669,'303'),(54737,'303'),(54809,'303'),(54841,'303'),(54940,'303'),(55155,'303'),(55533,'303'),(55693,'303'),(55999,'303'),(56334,'303'),(56544,'303'),(56672,'303'),(56892,'303'),(57487,'303'),(57515,'303'),(57538,'303'),(57679,'303'),(57696,'303'),(57726,'303'),(57810,'303'),(58012,'303'),(58706,'303'),(58907,'303'),(59030,'303'),(59042,'303'),(59310,'303'),(59394,'303'),(59532,'303'),(45099,'812'),(45210,'812'),(45305,'812'),(45318,'812'),(45377,'812'),(45444,'812'),(45554,'812'),(45560,'812'),(45763,'812'),(45974,'812'),(46277,'812'),(46322,'812'),(46700,'812'),(46943,'812'),(46991,'812'),(47158,'812'),(47420,'812'),(47565,'812'),(47629,'812'),(47641,'812'),(47643,'812'),(47667,'812'),(47759,'812'),(47928,'812'),(47986,'812'),(48332,'812'),(48382,'812'),(48660,'812'),(48766,'812'),(48827,'812'),(48854,'812'),(48859,'812'),(48964,'812'),(48965,'812'),(49010,'812'),(49058,'812'),(49137,'812'),(49157,'812'),(49323,'812'),(49710,'812'),(50113,'812'),(50488,'812'),(50519,'812'),(50545,'812'),(50730,'812'),(51502,'812'),(51658,'812'),(51664,'812'),(51779,'812'),(51847,'812'),(51911,'812'),(51961,'812'),(52105,'812'),(52174,'812'),(52584,'812'),(52904,'812'),(52925,'812'),(53120,'812'),(53262,'812'),(53399,'812'),(53528,'812'),(53725,'812'),(53804,'812'),(53999,'812'),(54347,'812'),(54501,'812'),(54737,'812'),(54809,'812'),(54841,'812'),(54940,'812'),(55090,'812'),(55098,'812'),(55191,'812'),(55341,'812'),(55407,'812'),(55624,'812'),(55652,'812'),(55983,'812'),(56243,'812'),(56280,'812'),(56297,'812'),(56334,'812'),(56347,'812'),(56736,'812'),(57143,'812'),(57487,'812'),(57680,'812'),(57817,'812'),(57924,'812'),(58012,'812'),(58082,'812'),(58187,'812'),(58413,'812'),(58931,'812'),(59042,'812'),(59164,'812'),(59489,'812'),(59512,'812'),(59532,'812'),(59621,'812'),(59699,'812'),(59771,'812'),(59798,'812'),(59858,'812');
/*!40000 ALTER TABLE `studentsubjects` ENABLE KEYS */;
UNLOCK TABLES;

--
-- Table structure for table `studentsubjectsarchive`
--

DROP TABLE IF EXISTS `studentsubjectsarchive`;
/*!40101 SET @saved_cs_client     = @@character_set_client */;
/*!50503 SET character_set_client = utf8mb4 */;
CREATE TABLE `studentsubjectsarchive` (
  `GRNo` int DEFAULT NULL,
  `SubID` char(3) DEFAULT NULL,
  `AcadYear` varchar(10) NOT NULL
) ENGINE=InnoDB DEFAULT CHARSET=utf8mb4 COLLATE=utf8mb4_0900_ai_ci;
/*!40101 SET character_set_client = @saved_cs_client */;

--
-- Dumping data for table `studentsubjectsarchive`
--

LOCK TABLES `studentsubjectsarchive` WRITE;
/*!40000 ALTER TABLE `studentsubjectsarchive` DISABLE KEYS */;
/*!40000 ALTER TABLE `studentsubjectsarchive` ENABLE KEYS */;
UNLOCK TABLES;

--
-- Table structure for table `subjects`
--

DROP TABLE IF EXISTS `subjects`;
/*!40101 SET @saved_cs_client     = @@character_set_client */;
/*!50503 SET character_set_client = utf8mb4 */;
CREATE TABLE `subjects` (
  `SubID` char(3) NOT NULL,
  `SubName` varchar(30) NOT NULL,
  PRIMARY KEY (`SubID`)
) ENGINE=InnoDB DEFAULT CHARSET=utf8mb4 COLLATE=utf8mb4_0900_ai_ci;
/*!40101 SET character_set_client = @saved_cs_client */;

--
-- Dumping data for table `subjects`
--

LOCK TABLES `subjects` WRITE;
/*!40000 ALTER TABLE `subjects` DISABLE KEYS */;
INSERT INTO `subjects` VALUES ('030','Economics'),('041','Mathematics'),('042','Physics'),('043','Chemistry'),('044','Biology'),('048','PEd'),('054','Business'),('055','Accounts'),('065','IP'),('083','Computer'),('116','Arabic'),('301','English'),('303','Urdu'),('812','Marketing');
/*!40000 ALTER TABLE `subjects` ENABLE KEYS */;
UNLOCK TABLES;

--
-- Table structure for table `subjectsarchive`
--

DROP TABLE IF EXISTS `subjectsarchive`;
/*!40101 SET @saved_cs_client     = @@character_set_client */;
/*!50503 SET character_set_client = utf8mb4 */;
CREATE TABLE `subjectsarchive` (
  `SubID` char(3) NOT NULL,
  `SubName` varchar(30) NOT NULL,
  `AcadYear` varchar(10) NOT NULL
) ENGINE=InnoDB DEFAULT CHARSET=utf8mb4 COLLATE=utf8mb4_0900_ai_ci;
/*!40101 SET character_set_client = @saved_cs_client */;

--
-- Dumping data for table `subjectsarchive`
--

LOCK TABLES `subjectsarchive` WRITE;
/*!40000 ALTER TABLE `subjectsarchive` DISABLE KEYS */;
INSERT INTO `subjectsarchive` VALUES ('030','Economics','2024-2025'),('041','Mathematics','2024-2025'),('042','Physics','2024-2025'),('043','Chemistry','2024-2025'),('044','Biology','2024-2025'),('048','PEd','2024-2025'),('054','Business','2024-2025'),('055','Accounts','2024-2025'),('065','IP','2024-2025'),('083','Computer','2024-2025'),('116','Arabic','2024-2025'),('301','English','2024-2025'),('303','Urdu','2024-2025'),('812','Marketing','2024-2025'),('030','Economics','2025-2026'),('041','Mathematics','2025-2026'),('042','Physics','2025-2026'),('043','Chemistry','2025-2026'),('044','Biology','2025-2026'),('048','PEd','2025-2026'),('054','Business','2025-2026'),('055','Accounts','2025-2026'),('065','IP','2025-2026'),('083','Computer','2025-2026'),('116','Arabic','2025-2026'),('301','English','2025-2026'),('303','Urdu','2025-2026'),('812','Marketing','2025-2026');
/*!40000 ALTER TABLE `subjectsarchive` ENABLE KEYS */;
UNLOCK TABLES;

--
-- Table structure for table `teachers`
--

DROP TABLE IF EXISTS `teachers`;
/*!40101 SET @saved_cs_client     = @@character_set_client */;
/*!50503 SET character_set_client = utf8mb4 */;
CREATE TABLE `teachers` (
  `TID` int NOT NULL,
  `TName` varchar(30) DEFAULT NULL,
  PRIMARY KEY (`TID`)
) ENGINE=InnoDB DEFAULT CHARSET=utf8mb4 COLLATE=utf8mb4_0900_ai_ci;
/*!40101 SET character_set_client = @saved_cs_client */;

--
-- Dumping data for table `teachers`
--

LOCK TABLES `teachers` WRITE;
/*!40000 ALTER TABLE `teachers` DISABLE KEYS */;
INSERT INTO `teachers` VALUES (10715,'Mr. Aadil'),(21023,'Mr. Sainuddeen'),(22762,'Mr. Javed Aslam'),(26248,'Mrs. Safa'),(36257,'Mrs. Siddiqua Bano'),(36527,'Mrs. Amena Khan'),(36917,'Dr. Javeed Iftekhar'),(39308,'Mr. Mariadas Thomas'),(39387,'Mrs. Urooj Fatima'),(42901,'Mr. Obaid Khan'),(42997,'Mr. Alavi Said'),(45869,'Mrs. Sheenu Rajesh'),(46494,'Mr. Qurban'),(47232,'Mrs. Farhana Khan'),(62091,'Mr. Feroz Kidwai'),(62198,'Mr. Imran Khan'),(66176,'Mr. Altaf Hussain'),(74786,'Mr. Hari Krishna'),(79870,'Mr. Akram'),(89435,'Mrs. Shaniba'),(93429,'Mr. Biju Anthony'),(96631,'Mrs. Nasera');
/*!40000 ALTER TABLE `teachers` ENABLE KEYS */;
UNLOCK TABLES;

--
-- Table structure for table `teachersarchive`
--

DROP TABLE IF EXISTS `teachersarchive`;
/*!40101 SET @saved_cs_client     = @@character_set_client */;
/*!50503 SET character_set_client = utf8mb4 */;
CREATE TABLE `teachersarchive` (
  `TID` int NOT NULL,
  `TName` varchar(30) DEFAULT NULL,
  `AcadYear` varchar(10) NOT NULL
) ENGINE=InnoDB DEFAULT CHARSET=utf8mb4 COLLATE=utf8mb4_0900_ai_ci;
/*!40101 SET character_set_client = @saved_cs_client */;

--
-- Dumping data for table `teachersarchive`
--

LOCK TABLES `teachersarchive` WRITE;
/*!40000 ALTER TABLE `teachersarchive` DISABLE KEYS */;
INSERT INTO `teachersarchive` VALUES (10570,'Mrs. Amena Khan','2024-2025'),(13593,'Mr. Alavi Said','2024-2025'),(15199,'Mr. Mariadas Thomas','2024-2025'),(15854,'Mrs. Shaniba','2024-2025'),(20747,'Mr. Obaid Khan','2024-2025'),(21007,'Dr. Javeed Iftekhar','2024-2025'),(26754,'Mr. Akram','2024-2025'),(32639,'Mr. Sainuddeen','2024-2025'),(43544,'Mr. Aadil','2024-2025'),(46048,'Mr. Feroz Kidwai','2024-2025'),(46275,'Mr. Hari Krishna','2024-2025'),(47079,'Mrs. Siddiqua Bano','2024-2025'),(53831,'Mrs. Safa','2024-2025'),(59926,'Mrs. Sheenu Rajesh','2024-2025'),(64448,'Mrs. Farhana Khan','2024-2025'),(74223,'Mr. Javed Aslam','2024-2025'),(75756,'Mrs. Nasera','2024-2025'),(86237,'Mr. Qurban','2024-2025'),(87863,'Mrs. Urooj Fatima','2024-2025'),(89712,'Mr. Imran Khan','2024-2025'),(93831,'Mr. Biju Anthony','2024-2025'),(97613,'Mr. Altaf Hussain','2024-2025'),(10343,'Mrs. Nasera','2025-2026'),(11661,'Mr. Javed Aslam','2025-2026'),(16551,'Mr. Biju Anthony','2025-2026'),(21637,'Mr. Hari Krishna','2025-2026'),(31433,'Mrs. Sheenu Rajesh','2025-2026'),(32018,'Mr. Imran Khan','2025-2026'),(32138,'Mr. Qurban','2025-2026'),(33707,'Mr. Feroz Kidwai','2025-2026'),(35448,'Mrs. Siddiqua Bano','2025-2026'),(40188,'Mr. Obaid Khan','2025-2026'),(42646,'Dr. Javeed Iftekhar','2025-2026'),(42773,'Mrs. Urooj Fatima','2025-2026'),(62733,'Mr. Sainuddeen','2025-2026'),(65588,'Mr. Alavi Said','2025-2026'),(70077,'Mrs. Amena Khan','2025-2026'),(73701,'Mr. Aadil','2025-2026'),(77988,'Mrs. Safa','2025-2026'),(79415,'Mrs. Farhana Khan','2025-2026'),(79562,'Mrs. Shaniba','2025-2026'),(91056,'Mr. Akram','2025-2026'),(94631,'Mr. Altaf Hussain','2025-2026'),(99276,'Mr. Mariadas Thomas','2025-2026');
/*!40000 ALTER TABLE `teachersarchive` ENABLE KEYS */;
UNLOCK TABLES;

--
-- Table structure for table `teachersubjects`
--

DROP TABLE IF EXISTS `teachersubjects`;
/*!40101 SET @saved_cs_client     = @@character_set_client */;
/*!50503 SET character_set_client = utf8mb4 */;
CREATE TABLE `teachersubjects` (
  `TID` int NOT NULL,
  `SubID` char(3) NOT NULL,
  PRIMARY KEY (`TID`,`SubID`),
  KEY `SubID` (`SubID`),
  CONSTRAINT `teachersubjects_ibfk_1` FOREIGN KEY (`TID`) REFERENCES `teachers` (`TID`) ON DELETE CASCADE,
  CONSTRAINT `teachersubjects_ibfk_2` FOREIGN KEY (`SubID`) REFERENCES `subjects` (`SubID`) ON DELETE CASCADE
) ENGINE=InnoDB DEFAULT CHARSET=utf8mb4 COLLATE=utf8mb4_0900_ai_ci;
/*!40101 SET character_set_client = @saved_cs_client */;

--
-- Dumping data for table `teachersubjects`
--

LOCK TABLES `teachersubjects` WRITE;
/*!40000 ALTER TABLE `teachersubjects` DISABLE KEYS */;
INSERT INTO `teachersubjects` VALUES (21023,'030'),(62091,'030'),(22762,'041'),(74786,'041'),(39308,'042'),(45869,'043'),(93429,'043'),(36917,'044'),(10715,'048'),(62198,'048'),(26248,'054'),(89435,'054'),(96631,'054'),(36257,'055'),(79870,'055'),(39387,'065'),(46494,'065'),(39387,'083'),(46494,'083'),(66176,'116'),(36527,'301'),(42997,'301'),(47232,'301'),(42901,'303'),(26248,'812'),(36257,'812'),(96631,'812');
/*!40000 ALTER TABLE `teachersubjects` ENABLE KEYS */;
UNLOCK TABLES;

--
-- Table structure for table `teachersubjectsarchive`
--

DROP TABLE IF EXISTS `teachersubjectsarchive`;
/*!40101 SET @saved_cs_client     = @@character_set_client */;
/*!50503 SET character_set_client = utf8mb4 */;
CREATE TABLE `teachersubjectsarchive` (
  `TID` int DEFAULT NULL,
  `SubID` char(3) DEFAULT NULL,
  `AcadYear` varchar(10) NOT NULL
) ENGINE=InnoDB DEFAULT CHARSET=utf8mb4 COLLATE=utf8mb4_0900_ai_ci;
/*!40101 SET character_set_client = @saved_cs_client */;

--
-- Dumping data for table `teachersubjectsarchive`
--

LOCK TABLES `teachersubjectsarchive` WRITE;
/*!40000 ALTER TABLE `teachersubjectsarchive` DISABLE KEYS */;
/*!40000 ALTER TABLE `teachersubjectsarchive` ENABLE KEYS */;
UNLOCK TABLES;
/*!40103 SET TIME_ZONE=@OLD_TIME_ZONE */;

/*!40101 SET SQL_MODE=@OLD_SQL_MODE */;
/*!40014 SET FOREIGN_KEY_CHECKS=@OLD_FOREIGN_KEY_CHECKS */;
/*!40014 SET UNIQUE_CHECKS=@OLD_UNIQUE_CHECKS */;
/*!40101 SET CHARACTER_SET_CLIENT=@OLD_CHARACTER_SET_CLIENT */;
/*!40101 SET CHARACTER_SET_RESULTS=@OLD_CHARACTER_SET_RESULTS */;
/*!40101 SET COLLATION_CONNECTION=@OLD_COLLATION_CONNECTION */;
/*!40111 SET SQL_NOTES=@OLD_SQL_NOTES */;

-- Dump completed on 2024-11-21 20:28:12
